{
    "synthetic_seed_ind": {
        "xgb": {
            "balanced_cross": {
                "imbalance_base_mean": 2.277562769409965,
                "imbalance_base_std": 0.02810052291206351,
                "balance_base_mean": 0.9297718753926724,
                "balance_base_std": 0.016436824077686783
            },
            "min_cross": {
                "imbalance_base_mean": 4.6386272243293,
                "imbalance_base_std": 0.06089689496197183,
                "balance_base_mean": 1.1653488598009711,
                "balance_base_std": 0.04323125112578052
            }
        }
    }
}