{
    "synthetic_seed_ind": {
        "xgb": {
            "balanced_cross": {
                "imbalance_base_mean": 0.20053804575997974,
                "imbalance_base_std": 0.01493485401734642,
                "balance_base_mean": 0.10756951957735723,
                "balance_base_std": 0.004399683348413972
            },
            "min_cross": {
                "imbalance_base_mean": 0.3863863471651259,
                "imbalance_base_std": 0.031057075031077654,
                "balance_base_mean": 0.17102912835683393,
                "balance_base_std": 0.008828113982446492
            }
        }
    }
}