{
    "synthetic_seed_ind": {
        "xgb": {
            "balanced_cross": {
                "imbalance_base_mean": 0.20064647223867302,
                "imbalance_base_std": 0.0145373976884027,
                "balance_base_mean": 0.10865600238862241,
                "balance_base_std": 0.0056482997876957635
            },
            "min_cross": {
                "imbalance_base_mean": 0.38578952284925866,
                "imbalance_base_std": 0.030512625249377343,
                "balance_base_mean": 0.18452315443657402,
                "balance_base_std": 0.014011986538326167
            }
        }
    }
}