{
    "0": {
        "imbalance_base_mean": 0.5100905654995365,
        "imbalance_base_std": 0.0,
        "balance_base_mean": 0.5100905654995365,
        "balance_base_std": 0.0,
        "balance_augment_mean": 0.5137069144654957,
        "balance_augment_std": 0.018433321985621524
    },
    "1": {
        "imbalance_base_mean": 0.2608143763816587,
        "imbalance_base_std": 0.017266295146569126,
        "balance_base_mean": 0.43355915282036656,
        "balance_base_std": 0.011677788331785902,
        "balance_augment_mean": 0.38248591599515086,
        "balance_augment_std": 0.018492721058469996
    },
    "2": {
        "imbalance_base_mean": 0.15684233045710622,
        "imbalance_base_std": 0.010724781921544893,
        "balance_base_mean": 0.3417385723454326,
        "balance_base_std": 0.006600124942296052,
        "balance_augment_mean": 0.3274335021036868,
        "balance_augment_std": 0.014553442510336094
    },
    "3": {
        "imbalance_base_mean": 0.09835270626827355,
        "imbalance_base_std": 0.015134386252651436,
        "balance_base_mean": 0.29283320259573553,
        "balance_base_std": 0.015163671506662911,
        "balance_augment_mean": 0.27725878913214,
        "balance_augment_std": 0.013815728971568055
    },
    "4": {
        "imbalance_base_mean": 0.06880125508093846,
        "imbalance_base_std": 0.009063386531202712,
        "balance_base_mean": 0.2595307708764173,
        "balance_base_std": 0.015335012439920663,
        "balance_augment_mean": 0.24482635669970768,
        "balance_augment_std": 0.004806706902347142
    },
    "5": {
        "imbalance_base_mean": 0.053540611851957486,
        "imbalance_base_std": 0.005182215929593881,
        "balance_base_mean": 0.23905013192612135,
        "balance_base_std": 0.008348419999523751,
        "balance_augment_mean": 0.2267417813591956,
        "balance_augment_std": 0.006122590783949998
    },
    "6": {
        "imbalance_base_mean": 0.03471439777508379,
        "imbalance_base_std": 0.0035194622644533348,
        "balance_base_mean": 0.2240889966483634,
        "balance_base_std": 0.007774658350391773,
        "balance_augment_mean": 0.2122370391499679,
        "balance_augment_std": 0.002729802531458024
    },
    "7": {
        "imbalance_base_mean": 0.028752763317407115,
        "imbalance_base_std": 0.003068015735659535,
        "balance_base_mean": 0.21399130000713112,
        "balance_base_std": 0.006716520992134587,
        "balance_augment_mean": 0.19438066034372103,
        "balance_augment_std": 0.00826368564345601
    },
    "8": {
        "imbalance_base_mean": 0.022948013977037725,
        "imbalance_base_std": 0.002667618949608658,
        "balance_base_mean": 0.20012836055052413,
        "balance_base_std": 0.007009241216578572,
        "balance_augment_mean": 0.19308279255508806,
        "balance_augment_std": 0.008529346302871095
    },
    "9": {
        "imbalance_base_mean": 0.017785067389289026,
        "imbalance_base_std": 0.001095135353088639,
        "balance_base_mean": 0.19195607216715396,
        "balance_base_std": 0.004139355951320102,
        "balance_augment_mean": 0.17779362475932398,
        "balance_augment_std": 0.007243134004775395
    }
}