{
    "0": {
        "balance_augment_mean": 0.5246895708005276,
        "balance_augment_std": 0.0005867998479448262
    },
    "1": {
        "balance_augment_mean": 0.5337612353876342,
        "balance_augment_std": 0.0007998033124497984
    },
    "2": {
        "balance_augment_mean": 0.5403687386490396,
        "balance_augment_std": 0.0016447830609411422
    },
    "3": {
        "balance_augment_mean": 0.5467221534608473,
        "balance_augment_std": 0.001851464199331722
    },
    "4": {
        "balance_augment_mean": 0.551763738877593,
        "balance_augment_std": 0.0014323556878019015
    },
    "5": {
        "balance_augment_mean": 0.5556999657949715,
        "balance_augment_std": 0.0016657208489644654
    },
    "6": {
        "balance_augment_mean": 0.5595454167821404,
        "balance_augment_std": 0.0026227604053687945
    },
    "7": {
        "balance_augment_mean": 0.562056688917381,
        "balance_augment_std": 0.0013462378722149898
    },
    "8": {
        "balance_augment_mean": 0.5663274444439803,
        "balance_augment_std": 0.002746677810796654
    },
    "9": {
        "balance_augment_mean": 0.5689652799800842,
        "balance_augment_std": 0.002270280649342771
    },
    "10": {
        "train_all_augment": 0.6032055140733429
    }
}