{
    "0": {
        "balance_augment_mean": 0.3909149254795693,
        "balance_augment_std": 0.005770217404474452
    },
    "1": {
        "balance_augment_mean": 0.3861513228267846,
        "balance_augment_std": 0.008868686450566668
    },
    "2": {
        "balance_augment_mean": 0.3999714754332168,
        "balance_augment_std": 0.006719397492038806
    },
    "3": {
        "balance_augment_mean": 0.40865720601868355,
        "balance_augment_std": 0.007505485135181311
    },
    "4": {
        "balance_augment_mean": 0.4135063823718177,
        "balance_augment_std": 0.0067733984856991085
    },
    "5": {
        "balance_augment_mean": 0.42224916209085067,
        "balance_augment_std": 0.007659974863552142
    },
    "6": {
        "balance_augment_mean": 0.42671325679241245,
        "balance_augment_std": 0.008103989564711497
    },
    "7": {
        "balance_augment_mean": 0.43661128146616274,
        "balance_augment_std": 0.004709275531643654
    },
    "8": {
        "balance_augment_mean": 0.4426584896241888,
        "balance_augment_std": 0.0089986531801197
    },
    "9": {
        "balance_augment_mean": 0.4533979890180418,
        "balance_augment_std": 0.005332072479671756
    },
    "10": {
        "train_all_augment": 0.5706339584967554
    }
}