{
    "0": {
        "imbalance_base_mean": 0.5470978212450488,
        "imbalance_base_std": 0.0,
        "balance_base_mean": 0.5470978212450488,
        "balance_base_std": 0.0,
        "balance_augment_mean": 0.5834749332463662,
        "balance_augment_std": 0.004084511215641273
    },
    "1": {
        "imbalance_base_mean": 0.5571912302155153,
        "imbalance_base_std": 0.005530454672884747,
        "balance_base_mean": 0.558018527757631,
        "balance_base_std": 0.00595447293456885,
        "balance_augment_mean": 0.5822847069463002,
        "balance_augment_std": 0.003878698904156042
    },
    "2": {
        "imbalance_base_mean": 0.5416956563251258,
        "imbalance_base_std": 0.001898972042906343,
        "balance_base_mean": 0.5553799928019836,
        "balance_base_std": 0.0065175354559400345,
        "balance_augment_mean": 0.5740410756094516,
        "balance_augment_std": 0.004846138191139029
    },
    "3": {
        "imbalance_base_mean": 0.5297156748097607,
        "imbalance_base_std": 0.002559934917068998,
        "balance_base_mean": 0.5470013583729791,
        "balance_base_std": 0.005575179836943685,
        "balance_augment_mean": 0.5656196690185149,
        "balance_augment_std": 0.005435953593357415
    },
    "4": {
        "imbalance_base_mean": 0.5245867094708547,
        "imbalance_base_std": 0.0010206832055679525,
        "balance_base_mean": 0.5472489101226922,
        "balance_base_std": 0.0032330184205316263,
        "balance_augment_mean": 0.5634230881570901,
        "balance_augment_std": 0.002672763216516618
    },
    "5": {
        "imbalance_base_mean": 0.520204499560759,
        "imbalance_base_std": 0.0010709065083007268,
        "balance_base_mean": 0.5408249416344326,
        "balance_base_std": 0.003871158827755505,
        "balance_augment_mean": 0.5573216065113081,
        "balance_augment_std": 0.001684239911082429
    },
    "6": {
        "imbalance_base_mean": 0.5173837608459332,
        "imbalance_base_std": 0.0008063577941683684,
        "balance_base_mean": 0.5345364017653522,
        "balance_base_std": 0.003214452496881976,
        "balance_augment_mean": 0.5501616767243902,
        "balance_augment_std": 0.0016529912103657356
    },
    "7": {
        "imbalance_base_mean": 0.5159478430188562,
        "imbalance_base_std": 0.0014928049535797498,
        "balance_base_mean": 0.5357391605922612,
        "balance_base_std": 0.0036295868481310617,
        "balance_augment_mean": 0.5483428977623893,
        "balance_augment_std": 0.0030646594315814736
    },
    "8": {
        "imbalance_base_mean": 0.5138703656591727,
        "imbalance_base_std": 0.001441981782241503,
        "balance_base_mean": 0.53045170220551,
        "balance_base_std": 0.0031529571160915522,
        "balance_augment_mean": 0.5442582185068823,
        "balance_augment_std": 0.0023462828819640507
    },
    "9": {
        "imbalance_base_mean": 0.5121184626969253,
        "imbalance_base_std": 0.0008130178897570608,
        "balance_base_mean": 0.5288443047642511,
        "balance_base_std": 0.002046456376215747,
        "balance_augment_mean": 0.539247420942274,
        "balance_augment_std": 0.004939176211063579
    }
}