{
    "0": {
        "imbalance_base_mean": 0.5486688825665988,
        "imbalance_base_std": 0.00248441919757,
        "balance_base_mean": 0.5486688825665988,
        "balance_base_std": 0.00248441919757,
        "balance_augment_mean": 0.5521312551192575,
        "balance_augment_std": 0.0038111814514611227
    },
    "1": {
        "imbalance_base_mean": 0.5284857371182785,
        "imbalance_base_std": 0.005742493190571957,
        "balance_base_mean": 0.5299433127588065,
        "balance_base_std": 0.0031517498456873675,
        "balance_augment_mean": 0.5343368706321947,
        "balance_augment_std": 0.0037512487889282734
    },
    "2": {
        "imbalance_base_mean": 0.5127421747189678,
        "imbalance_base_std": 0.0018254320759860268,
        "balance_base_mean": 0.5166317249939725,
        "balance_base_std": 0.0031488623147385287,
        "balance_augment_mean": 0.5216932466757559,
        "balance_augment_std": 0.00476303975948819
    },
    "3": {
        "imbalance_base_mean": 0.5063353871542706,
        "imbalance_base_std": 0.0009085681778261212,
        "balance_base_mean": 0.5089628298948468,
        "balance_base_std": 0.0030322858046855387,
        "balance_augment_mean": 0.5120977012982691,
        "balance_augment_std": 0.002832824408162686
    },
    "4": {
        "imbalance_base_mean": 0.5045706756126243,
        "imbalance_base_std": 0.0018601740245570667,
        "balance_base_mean": 0.5071260219792872,
        "balance_base_std": 0.0017579599906600702,
        "balance_augment_mean": 0.5077729919691905,
        "balance_augment_std": 0.0024991060103337886
    },
    "5": {
        "imbalance_base_mean": 0.502663098017048,
        "imbalance_base_std": 0.0011344428888698114,
        "balance_base_mean": 0.503908631597932,
        "balance_base_std": 0.0015949278920285763,
        "balance_augment_mean": 0.5048001582321155,
        "balance_augment_std": 0.0011342119612557944
    },
    "6": {
        "imbalance_base_mean": 0.5021844816377335,
        "imbalance_base_std": 0.001186842434060989,
        "balance_base_mean": 0.5033954866167409,
        "balance_base_std": 0.000596169057526599,
        "balance_augment_mean": 0.5036460347679078,
        "balance_augment_std": 0.0006920220385394802
    },
    "7": {
        "imbalance_base_mean": 0.5022033482531172,
        "imbalance_base_std": 0.0014200996014821095,
        "balance_base_mean": 0.5030222518966959,
        "balance_base_std": 0.0011796276503174203,
        "balance_augment_mean": 0.5032602718410913,
        "balance_augment_std": 0.0008822913562035605
    },
    "8": {
        "imbalance_base_mean": 0.5015279673143059,
        "imbalance_base_std": 0.0006413337994344333,
        "balance_base_mean": 0.5023245845740597,
        "balance_base_std": 0.0004733884995345648,
        "balance_augment_mean": 0.5022437750483404,
        "balance_augment_std": 0.0004686406372503149
    },
    "9": {
        "imbalance_base_mean": 0.5007438536369175,
        "imbalance_base_std": 0.000577100886608815,
        "balance_base_mean": 0.5018972768175674,
        "balance_base_std": 0.0004329941805331758,
        "balance_augment_mean": 0.501567569839925,
        "balance_augment_std": 0.0002967572038576874
    }
}