{
    "0": {
        "imbalance_base_mean": 0.5330811364989557,
        "imbalance_base_std": 0.013159256560034454,
        "balance_base_mean": 0.5330811364989557,
        "balance_base_std": 0.013159256560034454,
        "balance_augment_mean": 0.5307865314916932,
        "balance_augment_std": 0.009689249483069129
    },
    "1": {
        "imbalance_base_mean": 0.11369892319760393,
        "imbalance_base_std": 0.01764640457524542,
        "balance_base_mean": 0.22042358981672966,
        "balance_base_std": 0.02520694678823577,
        "balance_augment_mean": 0.218483919275476,
        "balance_augment_std": 0.026887010622005884
    },
    "2": {
        "imbalance_base_mean": 0.040205376880838625,
        "imbalance_base_std": 0.006236288401731118,
        "balance_base_mean": 0.09880909933680383,
        "balance_base_std": 0.01692120001332737,
        "balance_augment_mean": 0.09699778934607431,
        "balance_augment_std": 0.013132488742415887
    },
    "3": {
        "imbalance_base_mean": 0.016729658418312775,
        "imbalance_base_std": 0.002554740843196425,
        "balance_base_mean": 0.04760750196106396,
        "balance_base_std": 0.017176822909554103,
        "balance_augment_mean": 0.04571061826998503,
        "balance_augment_std": 0.012287766249383613
    },
    "4": {
        "imbalance_base_mean": 0.011552449547172503,
        "imbalance_base_std": 0.004923484004352849,
        "balance_base_mean": 0.02637096199101476,
        "balance_base_std": 0.009095871169044614,
        "balance_augment_mean": 0.020309491549597092,
        "balance_augment_std": 0.002955219457885653
    },
    "5": {
        "imbalance_base_mean": 0.0064893389431648005,
        "imbalance_base_std": 0.00291278987669128,
        "balance_base_mean": 0.013919988590173285,
        "balance_base_std": 0.0035824743727628037,
        "balance_augment_mean": 0.012165727733010053,
        "balance_augment_std": 0.001967264739226582
    },
    "6": {
        "imbalance_base_mean": 0.005120159737573985,
        "imbalance_base_std": 0.0027781815156382394,
        "balance_base_mean": 0.008970976253298152,
        "balance_base_std": 0.001577514281628692,
        "balance_augment_mean": 0.007701633031448335,
        "balance_augment_std": 0.0007850736044796624
    },
    "7": {
        "imbalance_base_mean": 0.005048848320616131,
        "imbalance_base_std": 0.003208031099792165,
        "balance_base_mean": 0.0053198317050559794,
        "balance_base_std": 0.0009499151853581524,
        "balance_augment_mean": 0.003950652499465164,
        "balance_augment_std": 0.0008576365330313289
    },
    "8": {
        "imbalance_base_mean": 0.003479997147543322,
        "imbalance_base_std": 0.0013969759153374746,
        "balance_base_mean": 0.002495899593524924,
        "balance_base_std": 0.0006928593197741493,
        "balance_augment_mean": 0.0023104899094345,
        "balance_augment_std": 0.0004870105135552699
    },
    "9": {
        "imbalance_base_mean": 0.0017542608571632316,
        "imbalance_base_std": 0.001298259550478531,
        "balance_base_mean": 0.0018968836910789415,
        "balance_base_std": 0.0003842884856395202,
        "balance_augment_mean": 0.0011409826713256793,
        "balance_augment_std": 0.0003252301005773766
    }
}