{
    "0": {
        "imbalance_base_mean": 0.5917421379162804,
        "imbalance_base_std": 0.0,
        "balance_base_mean": 0.5917421379162804,
        "balance_base_std": 0.0,
        "balance_augment_mean": 0.5805319831705056,
        "balance_augment_std": 0.012907673774582145
    },
    "1": {
        "imbalance_base_mean": 0.25592241317834985,
        "imbalance_base_std": 0.024111038637951956,
        "balance_base_mean": 0.5736005134422021,
        "balance_base_std": 0.020908215588817884,
        "balance_augment_mean": 0.5553733152677743,
        "balance_augment_std": 0.0074632772414458546
    },
    "2": {
        "imbalance_base_mean": 0.14079726164158884,
        "imbalance_base_std": 0.009566856490320083,
        "balance_base_mean": 0.5431220138344148,
        "balance_base_std": 0.011812959535989181,
        "balance_augment_mean": 0.5375169364615274,
        "balance_augment_std": 0.007252984623302869
    },
    "3": {
        "imbalance_base_mean": 0.09035156528560223,
        "imbalance_base_std": 0.010977419274257917,
        "balance_base_mean": 0.5078513870070598,
        "balance_base_std": 0.008757622695035746,
        "balance_augment_mean": 0.5110176139199886,
        "balance_augment_std": 0.008078925787890058
    },
    "4": {
        "imbalance_base_mean": 0.07041289310418598,
        "imbalance_base_std": 0.005262685942666346,
        "balance_base_mean": 0.4910932040219639,
        "balance_base_std": 0.01167353737780261,
        "balance_augment_mean": 0.49840975540183985,
        "balance_augment_std": 0.007883753709446403
    },
    "5": {
        "imbalance_base_mean": 0.05492405334093988,
        "imbalance_base_std": 0.0041901510909531,
        "balance_base_mean": 0.4723810882122228,
        "balance_base_std": 0.011634334744145807,
        "balance_augment_mean": 0.4834200955572987,
        "balance_augment_std": 0.00636679576745371
    },
    "6": {
        "imbalance_base_mean": 0.04545389716893675,
        "imbalance_base_std": 0.003238072336105729,
        "balance_base_mean": 0.4512015973757399,
        "balance_base_std": 0.006977653616221116,
        "balance_augment_mean": 0.4631391285744848,
        "balance_augment_std": 0.004039173334383161
    },
    "7": {
        "imbalance_base_mean": 0.04110390073450759,
        "imbalance_base_std": 0.004677420156822734,
        "balance_base_mean": 0.44512586465093057,
        "balance_base_std": 0.01100711991295895,
        "balance_augment_mean": 0.4557940526278257,
        "balance_augment_std": 0.009452849487365557
    },
    "8": {
        "imbalance_base_mean": 0.03507095485987306,
        "imbalance_base_std": 0.004317822382878546,
        "balance_base_mean": 0.4317763673964201,
        "balance_base_std": 0.008708335811488313,
        "balance_augment_mean": 0.4427298010411467,
        "balance_augment_std": 0.005731344320468258
    },
    "9": {
        "imbalance_base_mean": 0.02982243457177494,
        "imbalance_base_std": 0.0022225378907045294,
        "balance_base_mean": 0.4208799828852599,
        "balance_base_std": 0.0045628163083638,
        "balance_augment_mean": 0.4298366968551665,
        "balance_augment_std": 0.008596809445761636
    }
}