{
    "0": {
        "imbalance_base_mean": 0.5470978212450488,
        "imbalance_base_std": 0.0,
        "balance_base_mean": 0.5470978212450488,
        "balance_base_std": 0.0,
        "balance_augment_mean": 0.5445723131788514,
        "balance_augment_std": 0.004309833961738448
    },
    "1": {
        "imbalance_base_mean": 0.5571912302155153,
        "imbalance_base_std": 0.005530454672884747,
        "balance_base_mean": 0.5484130397360459,
        "balance_base_std": 0.007387911747193925,
        "balance_augment_mean": 0.5500505575784265,
        "balance_augment_std": 0.006003203082091986
    },
    "2": {
        "imbalance_base_mean": 0.5416956563251258,
        "imbalance_base_std": 0.001898972042906343,
        "balance_base_mean": 0.5472645237243865,
        "balance_base_std": 0.006769968674301812,
        "balance_augment_mean": 0.55250592323896,
        "balance_augment_std": 0.0077108471753341385
    },
    "3": {
        "imbalance_base_mean": 0.5297156748097607,
        "imbalance_base_std": 0.002559934917068998,
        "balance_base_mean": 0.5416242736269916,
        "balance_base_std": 0.005306335356268803,
        "balance_augment_mean": 0.5507785461854999,
        "balance_augment_std": 0.006605349318926396
    },
    "4": {
        "imbalance_base_mean": 0.5245867094708547,
        "imbalance_base_std": 0.0010206832055679525,
        "balance_base_mean": 0.540922622334602,
        "balance_base_std": 0.004239541955979031,
        "balance_augment_mean": 0.5515668766844849,
        "balance_augment_std": 0.0060167154263696
    },
    "5": {
        "imbalance_base_mean": 0.520204499560759,
        "imbalance_base_std": 0.0010709065083007268,
        "balance_base_mean": 0.5372692538136542,
        "balance_base_std": 0.004666669581410939,
        "balance_augment_mean": 0.5508867877319704,
        "balance_augment_std": 0.0035584127605528862
    },
    "6": {
        "imbalance_base_mean": 0.5173837608459332,
        "imbalance_base_std": 0.0008063577941683684,
        "balance_base_mean": 0.5400974489715447,
        "balance_base_std": 0.0058500581172000335,
        "balance_augment_mean": 0.5519097680877293,
        "balance_augment_std": 0.005634696592986175
    },
    "7": {
        "imbalance_base_mean": 0.5159478430188562,
        "imbalance_base_std": 0.0014928049535797498,
        "balance_base_mean": 0.538067648782748,
        "balance_base_std": 0.003648501827375914,
        "balance_augment_mean": 0.5523805145931556,
        "balance_augment_std": 0.004645668916383613
    },
    "8": {
        "imbalance_base_mean": 0.5138703656591727,
        "imbalance_base_std": 0.001441981782241503,
        "balance_base_mean": 0.5328422875328778,
        "balance_base_std": 0.004945899221657553,
        "balance_augment_mean": 0.5496626881848439,
        "balance_augment_std": 0.0019997708132795705
    },
    "9": {
        "imbalance_base_mean": 0.5121184626969253,
        "imbalance_base_std": 0.0008130178897570608,
        "balance_base_mean": 0.5324495308426329,
        "balance_base_std": 0.002590219591187109,
        "balance_augment_mean": 0.5459884757518783,
        "balance_augment_std": 0.0012054802891261556
    }
}