{
    "0": {
        "imbalance_base_mean": 0.5330811364989557,
        "imbalance_base_std": 0.013159256560034454,
        "balance_base_mean": 0.5330811364989557,
        "balance_base_std": 0.013159256560034454,
        "balance_augment_mean": 0.49474434857020605,
        "balance_augment_std": 0.018486329180152992
    },
    "1": {
        "imbalance_base_mean": 0.11369892319760393,
        "imbalance_base_std": 0.01764640457524542,
        "balance_base_mean": 0.4258860443557014,
        "balance_base_std": 0.020464383825755987,
        "balance_augment_mean": 0.34305070241745705,
        "balance_augment_std": 0.026604209111831385
    },
    "2": {
        "imbalance_base_mean": 0.040205376880838625,
        "imbalance_base_std": 0.006236288401731118,
        "balance_base_mean": 0.35838265706339584,
        "balance_base_std": 0.006803363322736328,
        "balance_augment_mean": 0.28025386864436996,
        "balance_augment_std": 0.009011573847912789
    },
    "3": {
        "imbalance_base_mean": 0.016729658418312775,
        "imbalance_base_std": 0.002554740843196425,
        "balance_base_mean": 0.3187477715182201,
        "balance_base_std": 0.015166005446101007,
        "balance_augment_mean": 0.24264422734079724,
        "balance_augment_std": 0.01734258473503661
    },
    "4": {
        "imbalance_base_mean": 0.011552449547172503,
        "imbalance_base_std": 0.004923484004352849,
        "balance_base_mean": 0.2955858232903088,
        "balance_base_std": 0.014293981746841617,
        "balance_augment_mean": 0.23464308635812592,
        "balance_augment_std": 0.009645944027471572
    },
    "5": {
        "imbalance_base_mean": 0.0064893389431648005,
        "imbalance_base_std": 0.00291278987669128,
        "balance_base_mean": 0.2822363260357983,
        "balance_base_std": 0.006596271376469676,
        "balance_augment_mean": 0.22373243956357416,
        "balance_augment_std": 0.002912300995359108
    },
    "6": {
        "imbalance_base_mean": 0.005120159737573985,
        "imbalance_base_std": 0.0027781815156382394,
        "balance_base_mean": 0.27436354560365117,
        "balance_base_std": 0.009288305899423139,
        "balance_augment_mean": 0.21779932967268062,
        "balance_augment_std": 0.008783922548307762
    },
    "7": {
        "imbalance_base_mean": 0.005048848320616131,
        "imbalance_base_std": 0.003208031099792165,
        "balance_base_mean": 0.26828781287884185,
        "balance_base_std": 0.009103024578099497,
        "balance_augment_mean": 0.21822719817442776,
        "balance_augment_std": 0.009326421075360214
    },
    "8": {
        "imbalance_base_mean": 0.003479997147543322,
        "imbalance_base_std": 0.0013969759153374746,
        "balance_base_mean": 0.25532339727590386,
        "balance_base_std": 0.007120808315818529,
        "balance_augment_mean": 0.20962704128931042,
        "balance_augment_std": 0.006376468964666619
    },
    "9": {
        "imbalance_base_mean": 0.0017542608571632316,
        "imbalance_base_std": 0.001298259550478531,
        "balance_base_mean": 0.24943307423518507,
        "balance_base_std": 0.003974650433910086,
        "balance_augment_mean": 0.20587606075732726,
        "balance_augment_std": 0.008845720654835411
    }
}