{
    "0": {
        "imbalance_base_mean": 0.5511088925336947,
        "imbalance_base_std": 0.01896934090959715,
        "balance_base_mean": 0.5511088925336947,
        "balance_base_std": 0.01896934090959715,
        "balance_augment_mean": 0.560008557370035,
        "balance_augment_std": 0.004325024210881898
    },
    "1": {
        "imbalance_base_mean": 0.11369892319760393,
        "imbalance_base_std": 0.01764640457524542,
        "balance_base_mean": 0.2775155102331883,
        "balance_base_std": 0.022026322498507958,
        "balance_augment_mean": 0.26513584824930475,
        "balance_augment_std": 0.008537855997952029
    },
    "2": {
        "imbalance_base_mean": 0.040205376880838625,
        "imbalance_base_std": 0.006236288401731118,
        "balance_base_mean": 0.15695642872423876,
        "balance_base_std": 0.01770632470553558,
        "balance_augment_mean": 0.15015331954645939,
        "balance_augment_std": 0.02168873646446799
    },
    "3": {
        "imbalance_base_mean": 0.016729658418312775,
        "imbalance_base_std": 0.002554740843196425,
        "balance_base_mean": 0.09987877059117165,
        "balance_base_std": 0.011245844368953836,
        "balance_augment_mean": 0.08735648577337232,
        "balance_augment_std": 0.012451961755823636
    },
    "4": {
        "imbalance_base_mean": 0.011552449547172503,
        "imbalance_base_std": 0.004923484004352849,
        "balance_base_mean": 0.07417813591956071,
        "balance_base_std": 0.009666146170658654,
        "balance_augment_mean": 0.055965200028524564,
        "balance_augment_std": 0.008381248764522507
    },
    "5": {
        "imbalance_base_mean": 0.0064893389431648005,
        "imbalance_base_std": 0.00291278987669128,
        "balance_base_mean": 0.05202880981245097,
        "balance_base_std": 0.004718122004699497,
        "balance_augment_mean": 0.04044783569849533,
        "balance_augment_std": 0.005391897687376749
    },
    "6": {
        "imbalance_base_mean": 0.005120159737573985,
        "imbalance_base_std": 0.0027781815156382394,
        "balance_base_mean": 0.041988162304785,
        "balance_base_std": 0.0011422299393953313,
        "balance_augment_mean": 0.03203308849746844,
        "balance_augment_std": 0.0013190877421118874
    },
    "7": {
        "imbalance_base_mean": 0.005048848320616131,
        "imbalance_base_std": 0.003208031099792165,
        "balance_base_mean": 0.03775226413748841,
        "balance_base_std": 0.0029959622853926956,
        "balance_augment_mean": 0.02634243742423162,
        "balance_augment_std": 0.0022634383039658408
    },
    "8": {
        "imbalance_base_mean": 0.003479997147543322,
        "imbalance_base_std": 0.0013969759153374746,
        "balance_base_mean": 0.0329886614847037,
        "balance_base_std": 0.0024721931178027664,
        "balance_augment_mean": 0.02321899736147757,
        "balance_augment_std": 0.0014245158370315935
    },
    "9": {
        "imbalance_base_mean": 0.0017542608571632316,
        "imbalance_base_std": 0.001298259550478531,
        "balance_base_mean": 0.02908079583541325,
        "balance_base_std": 0.0011224697921957357,
        "balance_augment_mean": 0.01874064037652428,
        "balance_augment_std": 0.00045861613608538923
    }
}