{
    "0": {
        "imbalance_base_mean": 0.5486688825665988,
        "imbalance_base_std": 0.00248441919757,
        "balance_base_mean": 0.5486688825665988,
        "balance_base_std": 0.00248441919757,
        "balance_augment_mean": 0.551698186547686,
        "balance_augment_std": 0.004827020867318826
    },
    "1": {
        "imbalance_base_mean": 0.5284857371182785,
        "imbalance_base_std": 0.005742493190571957,
        "balance_base_mean": 0.5304001404265096,
        "balance_base_std": 0.0065084115073643055,
        "balance_augment_mean": 0.5316440894052408,
        "balance_augment_std": 0.005881292622758882
    },
    "2": {
        "imbalance_base_mean": 0.5127421747189678,
        "imbalance_base_std": 0.0018254320759860268,
        "balance_base_mean": 0.5159876554999403,
        "balance_base_std": 0.004455824895516762,
        "balance_augment_mean": 0.522418603063386,
        "balance_augment_std": 0.004718704750853895
    },
    "3": {
        "imbalance_base_mean": 0.5063353871542706,
        "imbalance_base_std": 0.0009085681778261212,
        "balance_base_mean": 0.5095436513850033,
        "balance_base_std": 0.0011430156619770847,
        "balance_augment_mean": 0.5129652683850128,
        "balance_augment_std": 0.0010820509360196788
    },
    "4": {
        "imbalance_base_mean": 0.5045706756126243,
        "imbalance_base_std": 0.0018601740245570667,
        "balance_base_mean": 0.5073288817273819,
        "balance_base_std": 0.0018389335683454953,
        "balance_augment_mean": 0.5094198195652236,
        "balance_augment_std": 0.0014788851995784016
    },
    "5": {
        "imbalance_base_mean": 0.502663098017048,
        "imbalance_base_std": 0.0011344428888698114,
        "balance_base_mean": 0.5054620415401553,
        "balance_base_std": 0.0015921991133408626,
        "balance_augment_mean": 0.5067253120377779,
        "balance_augment_std": 0.0011823989831025196
    },
    "6": {
        "imbalance_base_mean": 0.5021844816377335,
        "imbalance_base_std": 0.001186842434060989,
        "balance_base_mean": 0.5040131574510769,
        "balance_base_std": 0.0006134166726123695,
        "balance_augment_mean": 0.5051058356771627,
        "balance_augment_std": 0.0011453249530621599
    },
    "7": {
        "imbalance_base_mean": 0.5022033482531172,
        "imbalance_base_std": 0.0014200996014821095,
        "balance_base_mean": 0.5041959828685153,
        "balance_base_std": 0.00039194894998294223,
        "balance_augment_mean": 0.504221685564725,
        "balance_augment_std": 0.0006425755516073175
    },
    "8": {
        "imbalance_base_mean": 0.5015279673143059,
        "imbalance_base_std": 0.0006413337994344333,
        "balance_base_mean": 0.5030229500202181,
        "balance_base_std": 0.0007741602630969082,
        "balance_augment_mean": 0.5032024558948691,
        "balance_augment_std": 0.0010440305424912906
    },
    "9": {
        "imbalance_base_mean": 0.5007438536369175,
        "imbalance_base_std": 0.000577100886608815,
        "balance_base_mean": 0.5020661721650972,
        "balance_base_std": 0.000635640262098515,
        "balance_augment_mean": 0.5025998828457144,
        "balance_augment_std": 0.0007619971468276212
    }
}