{
    "0": {
        "imbalance_base_mean": 0.5470978212450488,
        "imbalance_base_std": 0.0,
        "balance_base_mean": 0.5470978212450488,
        "balance_base_std": 0.0,
        "balance_augment_mean": 0.5435187294379996,
        "balance_augment_std": 0.0032975356596710386
    },
    "1": {
        "imbalance_base_mean": 0.5571912302155153,
        "imbalance_base_std": 0.005530454672884747,
        "balance_base_mean": 0.542288513965933,
        "balance_base_std": 0.005843979094852959,
        "balance_augment_mean": 0.5460312025530619,
        "balance_augment_std": 0.006125075493957015
    },
    "2": {
        "imbalance_base_mean": 0.5416956563251258,
        "imbalance_base_std": 0.001898972042906343,
        "balance_base_mean": 0.5382373835201315,
        "balance_base_std": 0.0030991829777480186,
        "balance_augment_mean": 0.5448614732632882,
        "balance_augment_std": 0.0032422341064904216
    },
    "3": {
        "imbalance_base_mean": 0.5297156748097607,
        "imbalance_base_std": 0.002559934917068998,
        "balance_base_mean": 0.5353699167540837,
        "balance_base_std": 0.0028681440802532632,
        "balance_augment_mean": 0.5449615455549294,
        "balance_augment_std": 0.0047242453998120465
    },
    "4": {
        "imbalance_base_mean": 0.5245867094708547,
        "imbalance_base_std": 0.0010206832055679525,
        "balance_base_mean": 0.5351747825894957,
        "balance_base_std": 0.006707397182496752,
        "balance_augment_mean": 0.5441323635977124,
        "balance_augment_std": 0.005176795271579091
    },
    "5": {
        "imbalance_base_mean": 0.520204499560759,
        "imbalance_base_std": 0.0010709065083007268,
        "balance_base_mean": 0.5339057512767938,
        "balance_base_std": 0.007047291661746549,
        "balance_augment_mean": 0.5418774172769958,
        "balance_augment_std": 0.006177408904830308
    },
    "6": {
        "imbalance_base_mean": 0.5173837608459332,
        "imbalance_base_std": 0.0008063577941683684,
        "balance_base_mean": 0.5278562504569285,
        "balance_base_std": 0.004564047156958704,
        "balance_augment_mean": 0.5414185513996532,
        "balance_augment_std": 0.00516390951235361
    },
    "7": {
        "imbalance_base_mean": 0.5159478430188562,
        "imbalance_base_std": 0.0014928049535797498,
        "balance_base_mean": 0.5278639108073586,
        "balance_base_std": 0.00633773696239958,
        "balance_augment_mean": 0.5357323357436206,
        "balance_augment_std": 0.005200656857712215
    },
    "8": {
        "imbalance_base_mean": 0.5138703656591727,
        "imbalance_base_std": 0.001441981782241503,
        "balance_base_mean": 0.5258698294000819,
        "balance_base_std": 0.005008526395045732,
        "balance_augment_mean": 0.5360479627448802,
        "balance_augment_std": 0.004392572742472162
    },
    "9": {
        "imbalance_base_mean": 0.5121184626969253,
        "imbalance_base_std": 0.0008130178897570608,
        "balance_base_mean": 0.5218798266671616,
        "balance_base_std": 0.004455204229898277,
        "balance_augment_mean": 0.5326738911535831,
        "balance_augment_std": 0.0025532950622017135
    }
}