{
    "0": {
        "imbalance_base_mean": 0.5214474151784348,
        "imbalance_base_std": 0.0,
        "balance_base_mean": 0.5214474151784348,
        "balance_base_std": 0.0,
        "balance_augment_mean": 0.5288191960778453,
        "balance_augment_std": 0.00493498002544654
    },
    "1": {
        "imbalance_base_mean": 0.5318792909351198,
        "imbalance_base_std": 0.006634191032849451,
        "balance_base_mean": 0.5235604424048506,
        "balance_base_std": 0.005076709925695508,
        "balance_augment_mean": 0.5215281097902575,
        "balance_augment_std": 0.00625779299624962
    },
    "2": {
        "imbalance_base_mean": 0.5216452519796284,
        "imbalance_base_std": 0.003711422867974477,
        "balance_base_mean": 0.5177259968943613,
        "balance_base_std": 0.003967171952658857,
        "balance_augment_mean": 0.5179183316527464,
        "balance_augment_std": 0.004328471487174076
    },
    "3": {
        "imbalance_base_mean": 0.5168749052635364,
        "imbalance_base_std": 0.0033155617774285463,
        "balance_base_mean": 0.5111276884727118,
        "balance_base_std": 0.003549630483570139,
        "balance_augment_mean": 0.515334629634088,
        "balance_augment_std": 0.0038916248773857133
    },
    "4": {
        "imbalance_base_mean": 0.5128340194348171,
        "imbalance_base_std": 0.0035302983717251262,
        "balance_base_mean": 0.5099792670706138,
        "balance_base_std": 0.004941362763043983,
        "balance_augment_mean": 0.5122509618757551,
        "balance_augment_std": 0.0037039069476221126
    },
    "5": {
        "imbalance_base_mean": 0.5115949257842207,
        "imbalance_base_std": 0.0020808027942748816,
        "balance_base_mean": 0.5085257751934862,
        "balance_base_std": 0.0018344945160298617,
        "balance_augment_mean": 0.5095793183256677,
        "balance_augment_std": 0.0027500275667654652
    },
    "6": {
        "imbalance_base_mean": 0.507797618103632,
        "imbalance_base_std": 0.0013647487549370582,
        "balance_base_mean": 0.5058028489410042,
        "balance_base_std": 0.0014348542393144144,
        "balance_augment_mean": 0.5080623533689499,
        "balance_augment_std": 0.0017294848121704204
    },
    "7": {
        "imbalance_base_mean": 0.506313135763023,
        "imbalance_base_std": 0.0007494976603815579,
        "balance_base_mean": 0.5053419370778937,
        "balance_base_std": 0.0010144697738655886,
        "balance_augment_mean": 0.5074606585902905,
        "balance_augment_std": 0.0008896198607390814
    },
    "8": {
        "imbalance_base_mean": 0.5059551362064264,
        "imbalance_base_std": 0.0007016769555196307,
        "balance_base_mean": 0.5054212950596558,
        "balance_base_std": 0.0006044124308778679,
        "balance_augment_mean": 0.5062064874588481,
        "balance_augment_std": 0.0012540260994726167
    },
    "9": {
        "imbalance_base_mean": 0.5043914129579873,
        "imbalance_base_std": 0.0005150563697284535,
        "balance_base_mean": 0.5037448270224227,
        "balance_base_std": 0.001124936564830376,
        "balance_augment_mean": 0.5044814177554697,
        "balance_augment_std": 0.0007641174131721885
    }
}