{
    "0": {
        "imbalance_base_mean": 0.5917421379162804,
        "imbalance_base_std": 0.0,
        "balance_base_mean": 0.5917421379162804,
        "balance_base_std": 0.0,
        "balance_augment_mean": 0.5714896955002496,
        "balance_augment_std": 0.013152037147128561
    },
    "1": {
        "imbalance_base_mean": 0.25592241317834985,
        "imbalance_base_std": 0.024111038637951956,
        "balance_base_mean": 0.5160521999572131,
        "balance_base_std": 0.014482406010203801,
        "balance_augment_mean": 0.5322969407402125,
        "balance_augment_std": 0.003953663422783088
    },
    "2": {
        "imbalance_base_mean": 0.14079726164158884,
        "imbalance_base_std": 0.009566856490320083,
        "balance_base_mean": 0.5089067959780362,
        "balance_base_std": 0.014027417945191032,
        "balance_augment_mean": 0.5175212151465449,
        "balance_augment_std": 0.006684189190030548
    },
    "3": {
        "imbalance_base_mean": 0.09035156528560223,
        "imbalance_base_std": 0.010977419274257917,
        "balance_base_mean": 0.5023889324680881,
        "balance_base_std": 0.011754406027327627,
        "balance_augment_mean": 0.5075661413392284,
        "balance_augment_std": 0.007710291181295512
    },
    "4": {
        "imbalance_base_mean": 0.07041289310418598,
        "imbalance_base_std": 0.005262685942666346,
        "balance_base_mean": 0.5018754902659917,
        "balance_base_std": 0.009365814654829727,
        "balance_augment_mean": 0.5034300791556727,
        "balance_augment_std": 0.003967786720679477
    },
    "5": {
        "imbalance_base_mean": 0.05492405334093988,
        "imbalance_base_std": 0.0041901510909531,
        "balance_base_mean": 0.5052413891464023,
        "balance_base_std": 0.007196025156309201,
        "balance_augment_mean": 0.5073522070883548,
        "balance_augment_std": 0.0053380966036946365
    },
    "6": {
        "imbalance_base_mean": 0.04545389716893675,
        "imbalance_base_std": 0.003238072336105729,
        "balance_base_mean": 0.5072381088212223,
        "balance_base_std": 0.007028137209026134,
        "balance_augment_mean": 0.5082364686586323,
        "balance_augment_std": 0.006635104868937847
    },
    "7": {
        "imbalance_base_mean": 0.04110390073450759,
        "imbalance_base_std": 0.004677420156822734,
        "balance_base_mean": 0.5064964700848605,
        "balance_base_std": 0.006050066666589694,
        "balance_augment_mean": 0.5036582756899379,
        "balance_augment_std": 0.0062098119465044095
    },
    "8": {
        "imbalance_base_mean": 0.03507095485987306,
        "imbalance_base_std": 0.004317822382878546,
        "balance_base_mean": 0.5039149967909863,
        "balance_base_std": 0.004431096584218057,
        "balance_augment_mean": 0.5031020466376667,
        "balance_augment_std": 0.003383499417176634
    },
    "9": {
        "imbalance_base_mean": 0.02982243457177494,
        "imbalance_base_std": 0.0022225378907045294,
        "balance_base_mean": 0.5004492619268344,
        "balance_base_std": 0.00409613176283814,
        "balance_augment_mean": 0.49792483776652635,
        "balance_augment_std": 0.0026269716775352545
    }
}