{
    "0": {
        "imbalance_base_mean": 0.5214474151784348,
        "imbalance_base_std": 0.0,
        "balance_base_mean": 0.5214474151784348,
        "balance_base_std": 0.0,
        "balance_augment_mean": 0.5311939686482317,
        "balance_augment_std": 0.004152375861568755
    },
    "1": {
        "imbalance_base_mean": 0.5318792909351198,
        "imbalance_base_std": 0.006634191032849451,
        "balance_base_mean": 0.5343645812975446,
        "balance_base_std": 0.007631228101356741,
        "balance_augment_mean": 0.5349335964648442,
        "balance_augment_std": 0.00429875407652663
    },
    "2": {
        "imbalance_base_mean": 0.5216452519796284,
        "imbalance_base_std": 0.003711422867974477,
        "balance_base_mean": 0.5281352937983937,
        "balance_base_std": 0.006391527806720122,
        "balance_augment_mean": 0.529615933003574,
        "balance_augment_std": 0.004845940773766787
    },
    "3": {
        "imbalance_base_mean": 0.5168749052635364,
        "imbalance_base_std": 0.0033155617774285463,
        "balance_base_mean": 0.5227352344812227,
        "balance_base_std": 0.004012774107040198,
        "balance_augment_mean": 0.5219979197042257,
        "balance_augment_std": 0.004829958522752168
    },
    "4": {
        "imbalance_base_mean": 0.5128340194348171,
        "imbalance_base_std": 0.0035302983717251262,
        "balance_base_mean": 0.5189458899880625,
        "balance_base_std": 0.0025454161031165097,
        "balance_augment_mean": 0.5197525704219034,
        "balance_augment_std": 0.003850731229069819
    },
    "5": {
        "imbalance_base_mean": 0.5115949257842207,
        "imbalance_base_std": 0.0020808027942748816,
        "balance_base_mean": 0.5175124695942042,
        "balance_base_std": 0.004282483292350903,
        "balance_augment_mean": 0.5171092397551054,
        "balance_augment_std": 0.0023489451853964194
    },
    "6": {
        "imbalance_base_mean": 0.507797618103632,
        "imbalance_base_std": 0.0013647487549370582,
        "balance_base_mean": 0.5123403424229348,
        "balance_base_std": 0.0013824017129216732,
        "balance_augment_mean": 0.5129441687247738,
        "balance_augment_std": 0.0015801442309876824
    },
    "7": {
        "imbalance_base_mean": 0.506313135763023,
        "imbalance_base_std": 0.0007494976603815579,
        "balance_base_mean": 0.512395923164266,
        "balance_base_std": 0.0011058764665225975,
        "balance_augment_mean": 0.5125643692243805,
        "balance_augment_std": 0.0014997888699710361
    },
    "8": {
        "imbalance_base_mean": 0.5059551362064264,
        "imbalance_base_std": 0.0007016769555196307,
        "balance_base_mean": 0.5105679726908939,
        "balance_base_std": 0.0016618741306947404,
        "balance_augment_mean": 0.5110228433662979,
        "balance_augment_std": 0.000993798948119895
    },
    "9": {
        "imbalance_base_mean": 0.5043914129579873,
        "imbalance_base_std": 0.0005150563697284535,
        "balance_base_mean": 0.5087316119027141,
        "balance_base_std": 0.002082912152617695,
        "balance_augment_mean": 0.5081762814252733,
        "balance_augment_std": 0.00041336708723768646
    }
}