{
    "0": {
        "balance_augment_mean": 0.5228362826769708,
        "balance_augment_std": 0.0016154236783778668
    },
    "1": {
        "balance_augment_mean": 0.5206029898496338,
        "balance_augment_std": 0.0033910394822786035
    },
    "2": {
        "balance_augment_mean": 0.5198085222573594,
        "balance_augment_std": 0.0019627411880347874
    },
    "3": {
        "balance_augment_mean": 0.5194026822311808,
        "balance_augment_std": 0.0020840734316851985
    },
    "4": {
        "balance_augment_mean": 0.5195516603219866,
        "balance_augment_std": 0.0022814697436669257
    },
    "5": {
        "balance_augment_mean": 0.5183259079155806,
        "balance_augment_std": 0.003101358373939308
    },
    "6": {
        "balance_augment_mean": 0.5167980632912996,
        "balance_augment_std": 0.0025117735953218982
    },
    "7": {
        "balance_augment_mean": 0.5175487733133781,
        "balance_augment_std": 0.0020908765384986226
    },
    "8": {
        "balance_augment_mean": 0.5184307625261516,
        "balance_augment_std": 0.0031815068314015077
    },
    "9": {
        "balance_augment_mean": 0.5193882756574079,
        "balance_augment_std": 0.0017929047374794314
    },
    "10": {
        "train_all_augment": 0.6315272664691389
    }
}