{
    "0": {
        "balance_augment_mean": 0.25528061042572914,
        "balance_augment_std": 0.0030047080555689826
    },
    "1": {
        "balance_augment_mean": 0.23509947942665618,
        "balance_augment_std": 0.009099336803822288
    },
    "2": {
        "balance_augment_mean": 0.2194680168294944,
        "balance_augment_std": 0.002742144213256925
    },
    "3": {
        "balance_augment_mean": 0.2133494972545104,
        "balance_augment_std": 0.002071421752024439
    },
    "4": {
        "balance_augment_mean": 0.204620979818869,
        "balance_augment_std": 0.0037105516943404466
    },
    "5": {
        "balance_augment_mean": 0.1987163944947586,
        "balance_augment_std": 0.009082913650661007
    },
    "6": {
        "balance_augment_mean": 0.1868644369963631,
        "balance_augment_std": 0.009087951150438565
    },
    "7": {
        "balance_augment_mean": 0.18766312486629108,
        "balance_augment_std": 0.006618775225047212
    },
    "8": {
        "balance_augment_mean": 0.1839264066176995,
        "balance_augment_std": 0.008395313550830497
    },
    "9": {
        "balance_augment_mean": 0.18513870070598304,
        "balance_augment_std": 0.0050693139103063535
    },
    "10": {
        "train_all_augment": 0.522641374884119
    }
}