{
    "0": {
        "imbalance_base_mean": 0.5100905654995365,
        "imbalance_base_std": 0.0,
        "balance_base_mean": 0.5100905654995365,
        "balance_base_std": 0.0,
        "balance_augment_mean": 0.5132415166403466,
        "balance_augment_std": 0.01653257086175259
    },
    "1": {
        "imbalance_base_mean": 0.2608143763816587,
        "imbalance_base_std": 0.017266295146569126,
        "balance_base_mean": 0.3263210439991443,
        "balance_base_std": 0.021264294493505084,
        "balance_augment_mean": 0.3069671254367824,
        "balance_augment_std": 0.016963042079827375
    },
    "2": {
        "imbalance_base_mean": 0.15684233045710622,
        "imbalance_base_std": 0.010724781921544893,
        "balance_base_mean": 0.21517506952863155,
        "balance_base_std": 0.0167207618837489,
        "balance_augment_mean": 0.21520359409541467,
        "balance_augment_std": 0.01161447364486738
    },
    "3": {
        "imbalance_base_mean": 0.09835270626827355,
        "imbalance_base_std": 0.015134386252651436,
        "balance_base_mean": 0.1502816800969835,
        "balance_base_std": 0.007725577574803801,
        "balance_augment_mean": 0.1462597161805605,
        "balance_augment_std": 0.014361135003250394
    },
    "4": {
        "imbalance_base_mean": 0.06880125508093846,
        "imbalance_base_std": 0.009063386531202712,
        "balance_base_mean": 0.11482564358553804,
        "balance_base_std": 0.006017838609926335,
        "balance_augment_mean": 0.1112600727376453,
        "balance_augment_std": 0.010355773159839623
    },
    "5": {
        "imbalance_base_mean": 0.053540611851957486,
        "imbalance_base_std": 0.005182215929593881,
        "balance_base_mean": 0.09065107323682522,
        "balance_base_std": 0.004652084880357237,
        "balance_augment_mean": 0.09170648220780148,
        "balance_augment_std": 0.006795046359270917
    },
    "6": {
        "imbalance_base_mean": 0.03471439777508379,
        "imbalance_base_std": 0.0035194622644533348,
        "balance_base_mean": 0.07145403979177066,
        "balance_base_std": 0.0022401321363813204,
        "balance_augment_mean": 0.07225272766169863,
        "balance_augment_std": 0.003318977681045989
    },
    "7": {
        "imbalance_base_mean": 0.028752763317407115,
        "imbalance_base_std": 0.003068015735659535,
        "balance_base_mean": 0.06178421165228554,
        "balance_base_std": 0.0021017399437824893,
        "balance_augment_mean": 0.06061470441417671,
        "balance_augment_std": 0.003920442027760945
    },
    "8": {
        "imbalance_base_mean": 0.022948013977037725,
        "imbalance_base_std": 0.002667618949608658,
        "balance_base_mean": 0.05549454467660273,
        "balance_base_std": 0.0030393725682398404,
        "balance_augment_mean": 0.05261356343150538,
        "balance_augment_std": 0.0020719126917019023
    },
    "9": {
        "imbalance_base_mean": 0.017785067389289026,
        "imbalance_base_std": 0.001095135353088639,
        "balance_base_mean": 0.05045995863937817,
        "balance_base_std": 0.0033015260741114613,
        "balance_augment_mean": 0.046708978107394994,
        "balance_augment_std": 0.003315789185641494
    }
}