{
    "0": {
        "imbalance_base_mean": 0.5486688825665988,
        "imbalance_base_std": 0.00248441919757,
        "balance_base_mean": 0.5486688825665988,
        "balance_base_std": 0.00248441919757,
        "balance_augment_mean": 0.5467624973107016,
        "balance_augment_std": 0.005320041180935828
    },
    "1": {
        "imbalance_base_mean": 0.5284857371182785,
        "imbalance_base_std": 0.005742493190571957,
        "balance_base_mean": 0.5406352516236976,
        "balance_base_std": 0.008517171999281746,
        "balance_augment_mean": 0.5384227059387816,
        "balance_augment_std": 0.0077412699664543795
    },
    "2": {
        "imbalance_base_mean": 0.5127421747189678,
        "imbalance_base_std": 0.0018254320759860268,
        "balance_base_mean": 0.5211801600155275,
        "balance_base_std": 0.004357903042953504,
        "balance_augment_mean": 0.52061618723545,
        "balance_augment_std": 0.006208956870245309
    },
    "3": {
        "imbalance_base_mean": 0.5063353871542706,
        "imbalance_base_std": 0.0009085681778261212,
        "balance_base_mean": 0.5102579825186673,
        "balance_base_std": 0.005395766369852443,
        "balance_augment_mean": 0.5095329380401853,
        "balance_augment_std": 0.004207824875890461
    },
    "4": {
        "imbalance_base_mean": 0.5045706756126243,
        "imbalance_base_std": 0.0018601740245570667,
        "balance_base_mean": 0.5061036369293536,
        "balance_base_std": 0.0031897725628587106,
        "balance_augment_mean": 0.5054145544524056,
        "balance_augment_std": 0.0011793702863770242
    },
    "5": {
        "imbalance_base_mean": 0.502663098017048,
        "imbalance_base_std": 0.0011344428888698114,
        "balance_base_mean": 0.5031918959125823,
        "balance_base_std": 0.0012707229624046735,
        "balance_augment_mean": 0.5034827874815963,
        "balance_augment_std": 0.0010067110057316825
    },
    "6": {
        "imbalance_base_mean": 0.5021844816377335,
        "imbalance_base_std": 0.001186842434060989,
        "balance_base_mean": 0.5021107380206334,
        "balance_base_std": 0.0005304414752021409,
        "balance_augment_mean": 0.5018058330043347,
        "balance_augment_std": 0.00047344193166150446
    },
    "7": {
        "imbalance_base_mean": 0.5022033482531172,
        "imbalance_base_std": 0.0014200996014821095,
        "balance_base_mean": 0.5011817550722529,
        "balance_base_std": 0.00016549691401542197,
        "balance_augment_mean": 0.5007268528603286,
        "balance_augment_std": 0.00022405678615250473
    },
    "8": {
        "imbalance_base_mean": 0.5015279673143059,
        "imbalance_base_std": 0.0006413337994344333,
        "balance_base_mean": 0.500484637262686,
        "balance_base_std": 0.0002703020696346911,
        "balance_augment_mean": 0.5005237555083124,
        "balance_augment_std": 0.0001586888785341057
    },
    "9": {
        "imbalance_base_mean": 0.5007438536369175,
        "imbalance_base_std": 0.000577100886608815,
        "balance_base_mean": 0.500342638247066,
        "balance_base_std": 0.00011821593843680433,
        "balance_augment_mean": 0.5001813233286473,
        "balance_augment_std": 7.180046193715871e-05
    }
}