{
    "0": {
        "imbalance_base_mean": 0.5214474151784348,
        "imbalance_base_std": 0.0,
        "balance_base_mean": 0.5214474151784348,
        "balance_base_std": 0.0,
        "balance_augment_mean": 0.5294084166506243,
        "balance_augment_std": 0.006394132883938816
    },
    "1": {
        "imbalance_base_mean": 0.5318792909351198,
        "imbalance_base_std": 0.006634191032849451,
        "balance_base_mean": 0.5235604424048506,
        "balance_base_std": 0.005076709925695508,
        "balance_augment_mean": 0.5239963799357727,
        "balance_augment_std": 0.007664988165942663
    },
    "2": {
        "imbalance_base_mean": 0.5216452519796284,
        "imbalance_base_std": 0.003711422867974477,
        "balance_base_mean": 0.5177259968943613,
        "balance_base_std": 0.003967171952658857,
        "balance_augment_mean": 0.5158308697442731,
        "balance_augment_std": 0.004030481952210553
    },
    "3": {
        "imbalance_base_mean": 0.5168749052635364,
        "imbalance_base_std": 0.0033155617774285463,
        "balance_base_mean": 0.5111276884727118,
        "balance_base_std": 0.003549630483570139,
        "balance_augment_mean": 0.515592329231286,
        "balance_augment_std": 0.004143814714821426
    },
    "4": {
        "imbalance_base_mean": 0.5128340194348171,
        "imbalance_base_std": 0.0035302983717251262,
        "balance_base_mean": 0.5099792670706138,
        "balance_base_std": 0.004941362763043983,
        "balance_augment_mean": 0.5115502813033868,
        "balance_augment_std": 0.002906913011196324
    },
    "5": {
        "imbalance_base_mean": 0.5115949257842207,
        "imbalance_base_std": 0.0020808027942748816,
        "balance_base_mean": 0.5085257751934862,
        "balance_base_std": 0.0018344945160298617,
        "balance_augment_mean": 0.509801705660055,
        "balance_augment_std": 0.0029168279053678205
    },
    "6": {
        "imbalance_base_mean": 0.507797618103632,
        "imbalance_base_std": 0.0013647487549370582,
        "balance_base_mean": 0.5058028489410042,
        "balance_base_std": 0.0014348542393144144,
        "balance_augment_mean": 0.5071498476045168,
        "balance_augment_std": 0.0014575601470170033
    },
    "7": {
        "imbalance_base_mean": 0.506313135763023,
        "imbalance_base_std": 0.0007494976603815579,
        "balance_base_mean": 0.5053419370778937,
        "balance_base_std": 0.0010144697738655886,
        "balance_augment_mean": 0.5072664208404973,
        "balance_augment_std": 0.001504569069064251
    },
    "8": {
        "imbalance_base_mean": 0.5059551362064264,
        "imbalance_base_std": 0.0007016769555196307,
        "balance_base_mean": 0.5054212950596558,
        "balance_base_std": 0.0006044124308778679,
        "balance_augment_mean": 0.5058714296408932,
        "balance_augment_std": 0.001386441911578097
    },
    "9": {
        "imbalance_base_mean": 0.5043914129579873,
        "imbalance_base_std": 0.0005150563697284535,
        "balance_base_mean": 0.5037448270224227,
        "balance_base_std": 0.001124936564830376,
        "balance_augment_mean": 0.5046950828659013,
        "balance_augment_std": 0.000453743431948045
    }
}