{
    "0": {
        "balance_augment_mean": 0.5608299657909538,
        "balance_augment_std": 0.003048111473812013
    },
    "1": {
        "balance_augment_mean": 0.5596356453593161,
        "balance_augment_std": 0.002638691289478069
    },
    "2": {
        "balance_augment_mean": 0.5578721646059833,
        "balance_augment_std": 0.003708964584537542
    },
    "3": {
        "balance_augment_mean": 0.559423808935066,
        "balance_augment_std": 0.004536889566664338
    },
    "4": {
        "balance_augment_mean": 0.559038738515679,
        "balance_augment_std": 0.0029047574296470102
    },
    "5": {
        "balance_augment_mean": 0.5582297373395354,
        "balance_augment_std": 0.004641189367421415
    },
    "6": {
        "balance_augment_mean": 0.5572828921923485,
        "balance_augment_std": 0.0035450237728757838
    },
    "7": {
        "balance_augment_mean": 0.5609461437404104,
        "balance_augment_std": 0.0032963763554365423
    },
    "8": {
        "balance_augment_mean": 0.5585136036086005,
        "balance_augment_std": 0.002947490939448401
    },
    "9": {
        "balance_augment_mean": 0.5583089467108449,
        "balance_augment_std": 0.004618967834001274
    },
    "10": {
        "train_all_augment": 0.6315272664691389
    }
}