{
    "0": {
        "imbalance_base_mean": 0.5257156214742496,
        "imbalance_base_std": 0.012092871713807098,
        "balance_base_mean": 0.5257156214742496,
        "balance_base_std": 0.012092871713807098,
        "balance_augment_mean": 0.522300672165271,
        "balance_augment_std": 0.012143377994073626
    },
    "1": {
        "imbalance_base_mean": 0.2390801503178896,
        "imbalance_base_std": 0.02662315662110779,
        "balance_base_mean": 0.44592875318066155,
        "balance_base_std": 0.025834530850899443,
        "balance_augment_mean": 0.4947951901099962,
        "balance_augment_std": 0.014682887467857888
    },
    "2": {
        "imbalance_base_mean": 0.08876814536535534,
        "imbalance_base_std": 0.011738031954420466,
        "balance_base_mean": 0.37973918575063614,
        "balance_base_std": 0.037076665184344444,
        "balance_augment_mean": 0.4752231465069804,
        "balance_augment_std": 0.01237445449267778
    },
    "3": {
        "imbalance_base_mean": 0.045809676978954085,
        "imbalance_base_std": 0.00421370626054521,
        "balance_base_mean": 0.3305661577608142,
        "balance_base_std": 0.05315204314157875,
        "balance_augment_mean": 0.43008623388484424,
        "balance_augment_std": 0.020927511821594205
    },
    "4": {
        "imbalance_base_mean": 0.024781414108602677,
        "imbalance_base_std": 0.00911324179700797,
        "balance_base_mean": 0.28667302798982186,
        "balance_base_std": 0.06120047474822629,
        "balance_augment_mean": 0.3879355534998458,
        "balance_augment_std": 0.019284104989558664
    },
    "5": {
        "imbalance_base_mean": 0.014968558233470564,
        "imbalance_base_std": 0.004637769621777619,
        "balance_base_mean": 0.2513994910941476,
        "balance_base_std": 0.03932427248651604,
        "balance_augment_mean": 0.35308612443007015,
        "balance_augment_std": 0.026584679243584493
    },
    "6": {
        "imbalance_base_mean": 0.008792660880863775,
        "imbalance_base_std": 0.0010221369020450856,
        "balance_base_mean": 0.20833333333333331,
        "balance_base_std": 0.0304675172404279,
        "balance_augment_mean": 0.30171755725190835,
        "balance_augment_std": 0.01819060371286277
    },
    "7": {
        "imbalance_base_mean": 0.007207979370717435,
        "imbalance_base_std": 0.003592874485886494,
        "balance_base_mean": 0.1852417302798982,
        "balance_base_std": 0.02989202604913639,
        "balance_augment_mean": 0.2958651399491094,
        "balance_augment_std": 0.024232717252959224
    },
    "8": {
        "imbalance_base_mean": 0.002417302798982188,
        "imbalance_base_std": 0.0007620323505541309,
        "balance_base_mean": 0.16227735368956742,
        "balance_base_std": 0.014724642526740281,
        "balance_augment_mean": 0.23940839694656488,
        "balance_augment_std": 0.033430341960535494
    },
    "9": {
        "imbalance_base_mean": 0.0014225001353473012,
        "imbalance_base_std": 0.0009263200340754211,
        "balance_base_mean": 0.12646310432569977,
        "balance_base_std": 0.013177462106891196,
        "balance_augment_mean": 0.21638040712468193,
        "balance_augment_std": 0.020834328783785435
    }
}