{
    "0": {
        "imbalance_base_mean": 0.5257156214742496,
        "imbalance_base_std": 0.012092871713807098,
        "balance_base_mean": 0.5257156214742496,
        "balance_base_std": 0.012092871713807098,
        "balance_augment_mean": 0.5438447331345941,
        "balance_augment_std": 0.005204780041535915
    },
    "1": {
        "imbalance_base_mean": 0.2390801503178896,
        "imbalance_base_std": 0.02662315662110779,
        "balance_base_mean": 0.44796437659033084,
        "balance_base_std": 0.019991514412341475,
        "balance_augment_mean": 0.4930873719791071,
        "balance_augment_std": 0.012057171391665934
    },
    "2": {
        "imbalance_base_mean": 0.08876814536535534,
        "imbalance_base_std": 0.011738031954420466,
        "balance_base_mean": 0.4124045801526718,
        "balance_base_std": 0.023124831516848573,
        "balance_augment_mean": 0.45840186026038465,
        "balance_augment_std": 0.025314036437409586
    },
    "3": {
        "imbalance_base_mean": 0.045809676978954085,
        "imbalance_base_std": 0.00421370626054521,
        "balance_base_mean": 0.3489821882951654,
        "balance_base_std": 0.05756071298845197,
        "balance_augment_mean": 0.41827679935409917,
        "balance_augment_std": 0.03605999891454437
    },
    "4": {
        "imbalance_base_mean": 0.024781414108602677,
        "imbalance_base_std": 0.00911324179700797,
        "balance_base_mean": 0.3057888040712468,
        "balance_base_std": 0.031056420059984817,
        "balance_augment_mean": 0.37525309945319685,
        "balance_augment_std": 0.025741745387165123
    },
    "5": {
        "imbalance_base_mean": 0.014968558233470564,
        "imbalance_base_std": 0.004637769621777619,
        "balance_base_mean": 0.280852417302799,
        "balance_base_std": 0.037435589567805606,
        "balance_augment_mean": 0.35704206123347293,
        "balance_augment_std": 0.029384919914674287
    },
    "6": {
        "imbalance_base_mean": 0.008792660880863775,
        "imbalance_base_std": 0.0010221369020450856,
        "balance_base_mean": 0.24284351145038166,
        "balance_base_std": 0.024744647641575142,
        "balance_augment_mean": 0.31790712468193383,
        "balance_augment_std": 0.02785631326810551
    },
    "7": {
        "imbalance_base_mean": 0.007207979370717435,
        "imbalance_base_std": 0.003592874485886494,
        "balance_base_mean": 0.2171437659033079,
        "balance_base_std": 0.01838235284596134,
        "balance_augment_mean": 0.2927669813785652,
        "balance_augment_std": 0.034697939851263536
    },
    "8": {
        "imbalance_base_mean": 0.002417302798982188,
        "imbalance_base_std": 0.0007620323505541309,
        "balance_base_mean": 0.1924300254452926,
        "balance_base_std": 0.024661923632290243,
        "balance_augment_mean": 0.251176844783715,
        "balance_augment_std": 0.032639322393428226
    },
    "9": {
        "imbalance_base_mean": 0.0014225001353473012,
        "imbalance_base_std": 0.0009263200340754211,
        "balance_base_mean": 0.16119592875318065,
        "balance_base_std": 0.017332883869955316,
        "balance_augment_mean": 0.2174618320610687,
        "balance_augment_std": 0.019544278981632635
    }
}