{
    "0": {
        "imbalance_base_mean": 0.5556775575790038,
        "imbalance_base_std": 0.008343410134997988,
        "balance_base_mean": 0.5556775575790038,
        "balance_base_std": 0.008343410134997988,
        "balance_augment_mean": 0.5993036957686126,
        "balance_augment_std": 0.006585931594749672
    },
    "1": {
        "imbalance_base_mean": 0.25263792179967864,
        "imbalance_base_std": 0.02166557534553683,
        "balance_base_mean": 0.5992903053026245,
        "balance_base_std": 0.006641725123750313,
        "balance_augment_mean": 0.6034815211569363,
        "balance_augment_std": 0.005047441972525407
    },
    "2": {
        "imbalance_base_mean": 0.10030798071772895,
        "imbalance_base_std": 0.009471935206581853,
        "balance_base_mean": 0.6162828066416711,
        "balance_base_std": 0.0033759911557660624,
        "balance_augment_mean": 0.6053561863952865,
        "balance_augment_std": 0.005708109226959774
    },
    "3": {
        "imbalance_base_mean": 0.057070166041778246,
        "imbalance_base_std": 0.0068110760240272334,
        "balance_base_mean": 0.6185591858596678,
        "balance_base_std": 0.006054860156822395,
        "balance_augment_mean": 0.6119309051955009,
        "balance_augment_std": 0.006167963182907897
    },
    "4": {
        "imbalance_base_mean": 0.03249866095340118,
        "imbalance_base_std": 0.005719092948402771,
        "balance_base_mean": 0.6192019282271023,
        "balance_base_std": 0.004063427309172912,
        "balance_augment_mean": 0.60668184252812,
        "balance_augment_std": 0.004072463182703862
    },
    "5": {
        "imbalance_base_mean": 0.019456347080878417,
        "imbalance_base_std": 0.0026310136053630125,
        "balance_base_mean": 0.6127209426888056,
        "balance_base_std": 0.01233585368983578,
        "balance_augment_mean": 0.6042313872522763,
        "balance_augment_std": 0.008257195863497708
    },
    "6": {
        "imbalance_base_mean": 0.0129084092126406,
        "imbalance_base_std": 0.002233198954620762,
        "balance_base_mean": 0.6145152651312266,
        "balance_base_std": 0.010372521515707053,
        "balance_augment_mean": 0.6010444563470808,
        "balance_augment_std": 0.007809913955130982
    },
    "7": {
        "imbalance_base_mean": 0.009922335297268344,
        "imbalance_base_std": 0.003134742121519425,
        "balance_base_mean": 0.6078334226031066,
        "balance_base_std": 0.005740216488481544,
        "balance_augment_mean": 0.6020085698982325,
        "balance_augment_std": 0.004557796764757345
    },
    "8": {
        "imbalance_base_mean": 0.0060792715586502405,
        "imbalance_base_std": 0.0005053016139291165,
        "balance_base_mean": 0.6008703802892341,
        "balance_base_std": 0.0053129278852365736,
        "balance_augment_mean": 0.5951392608462773,
        "balance_augment_std": 0.001949221392529787
    },
    "9": {
        "imbalance_base_mean": 0.005249062667380825,
        "imbalance_base_std": 0.0022199922677527744,
        "balance_base_mean": 0.5961435457953936,
        "balance_base_std": 0.0021100077502333196,
        "balance_augment_mean": 0.5934252811997858,
        "balance_augment_std": 0.0068208094822990875
    }
}