{
    "0": {
        "imbalance_base_mean": 0.5470978212450488,
        "imbalance_base_std": 0.0,
        "balance_base_mean": 0.5470978212450488,
        "balance_base_std": 0.0,
        "balance_augment_mean": 0.5421769036278624,
        "balance_augment_std": 0.008731339133663111
    },
    "1": {
        "imbalance_base_mean": 0.5454004125262005,
        "imbalance_base_std": 0.004431287327052026,
        "balance_base_mean": 0.551152897211969,
        "balance_base_std": 0.015023432952835241,
        "balance_augment_mean": 0.5496629797896567,
        "balance_augment_std": 0.007576778288535716
    },
    "2": {
        "imbalance_base_mean": 0.5347571695050088,
        "imbalance_base_std": 0.0027659449477395836,
        "balance_base_mean": 0.5554309381068094,
        "balance_base_std": 0.01099813785154638,
        "balance_augment_mean": 0.5531771011804029,
        "balance_augment_std": 0.010014645984351688
    },
    "3": {
        "imbalance_base_mean": 0.5255494749447982,
        "imbalance_base_std": 0.002525077449844276,
        "balance_base_mean": 0.5610750909566171,
        "balance_base_std": 0.007396779010105668,
        "balance_augment_mean": 0.5588041327236325,
        "balance_augment_std": 0.011743987015757395
    },
    "4": {
        "imbalance_base_mean": 0.5219866313579175,
        "imbalance_base_std": 0.001680557468173847,
        "balance_base_mean": 0.5643372048761112,
        "balance_base_std": 0.004794303222082025,
        "balance_augment_mean": 0.561329910362279,
        "balance_augment_std": 0.006494578342640225
    },
    "5": {
        "imbalance_base_mean": 0.5192421406055248,
        "imbalance_base_std": 0.0014985917432280011,
        "balance_base_mean": 0.5683506098672735,
        "balance_base_std": 0.00667200931677775,
        "balance_augment_mean": 0.5638649912744712,
        "balance_augment_std": 0.006299669053585782
    },
    "6": {
        "imbalance_base_mean": 0.5174702923060901,
        "imbalance_base_std": 0.0008931414102001172,
        "balance_base_mean": 0.5682989690309683,
        "balance_base_std": 0.0028503675653163544,
        "balance_augment_mean": 0.5682568409916671,
        "balance_augment_std": 0.007483615869849798
    },
    "7": {
        "imbalance_base_mean": 0.5167388981868103,
        "imbalance_base_std": 0.0007763882492295865,
        "balance_base_mean": 0.5686143765726058,
        "balance_base_std": 0.0028899871179715393,
        "balance_augment_mean": 0.5681337176635805,
        "balance_augment_std": 0.006332721611974357
    },
    "8": {
        "imbalance_base_mean": 0.5162554342554895,
        "imbalance_base_std": 0.0008305414192289728,
        "balance_base_mean": 0.5707454314565586,
        "balance_base_std": 0.0033302267355781547,
        "balance_augment_mean": 0.5714470309080927,
        "balance_augment_std": 0.00688995919460676
    },
    "9": {
        "imbalance_base_mean": 0.5154381916793258,
        "imbalance_base_std": 0.00029111824389511075,
        "balance_base_mean": 0.5710470000817919,
        "balance_base_std": 0.0033565618878762687,
        "balance_augment_mean": 0.5704708719170961,
        "balance_augment_std": 0.006516771112359876
    }
}