{
    "0": {
        "imbalance_base_mean": 0.45934597277007255,
        "imbalance_base_std": 0.0,
        "balance_base_mean": 0.45934597277007255,
        "balance_base_std": 0.0,
        "balance_augment_mean": 0.4784067180172058,
        "balance_augment_std": 0.02225721594300366
    },
    "1": {
        "imbalance_base_mean": 0.23924606845513416,
        "imbalance_base_std": 0.02667315685523174,
        "balance_base_mean": 0.48999946058832433,
        "balance_base_std": 0.021904205107169217,
        "balance_augment_mean": 0.5048347762616399,
        "balance_augment_std": 0.033603841215064094
    },
    "2": {
        "imbalance_base_mean": 0.09447271045328401,
        "imbalance_base_std": 0.01762129694486996,
        "balance_base_mean": 0.48448196114708597,
        "balance_base_std": 0.02031804389779677,
        "balance_augment_mean": 0.5128007646920832,
        "balance_augment_std": 0.018494534549588146
    },
    "3": {
        "imbalance_base_mean": 0.037049028677150785,
        "imbalance_base_std": 0.011482743911549857,
        "balance_base_mean": 0.4886804919358646,
        "balance_base_std": 0.025346697678888166,
        "balance_augment_mean": 0.5095100744259367,
        "balance_augment_std": 0.019795594103834722
    },
    "4": {
        "imbalance_base_mean": 0.01787696577243293,
        "imbalance_base_std": 0.003563769005875529,
        "balance_base_mean": 0.4778908418131359,
        "balance_base_std": 0.03904327074108166,
        "balance_augment_mean": 0.5096821532813247,
        "balance_augment_std": 0.026762938391067265
    },
    "5": {
        "imbalance_base_mean": 0.008695652173913044,
        "imbalance_base_std": 0.0035972295544672004,
        "balance_base_mean": 0.47481522151057004,
        "balance_base_std": 0.030907482446605364,
        "balance_augment_mean": 0.5044156468541756,
        "balance_augment_std": 0.02608344909711961
    },
    "6": {
        "imbalance_base_mean": 0.004347826086956522,
        "imbalance_base_std": 0.0010663405997593436,
        "balance_base_mean": 0.47375115633672527,
        "balance_base_std": 0.026873126176873256,
        "balance_augment_mean": 0.502756936254952,
        "balance_augment_std": 0.02725821586013575
    },
    "7": {
        "imbalance_base_mean": 0.0016882516188714153,
        "imbalance_base_std": 0.0007897026401000866,
        "balance_base_mean": 0.4611933395004625,
        "balance_base_std": 0.019544156900765518,
        "balance_augment_mean": 0.4847594819611471,
        "balance_augment_std": 0.018583507622069236
    },
    "8": {
        "imbalance_base_mean": 0.0007400555041628123,
        "imbalance_base_std": 0.0005202230286402401,
        "balance_base_mean": 0.45788621646623495,
        "balance_base_std": 0.019068045192007,
        "balance_augment_mean": 0.4823311748381129,
        "balance_augment_std": 0.024944667796923954
    },
    "9": {
        "imbalance_base_mean": 0.00032377428307123034,
        "imbalance_base_std": 4.6253469010175755e-05,
        "balance_base_mean": 0.4515032377428307,
        "balance_base_std": 0.010864052767958024,
        "balance_augment_mean": 0.4774051803885291,
        "balance_augment_std": 0.014533749694034814
    }
}