{
    "0": {
        "imbalance_base_mean": 0.5027035623409669,
        "imbalance_base_std": 0.0,
        "balance_base_mean": 0.5027035623409669,
        "balance_base_std": 0.0,
        "balance_augment_mean": 0.511530883900262,
        "balance_augment_std": 0.0057120913946733754
    },
    "1": {
        "imbalance_base_mean": 0.25417487577471615,
        "imbalance_base_std": 0.03570312745580362,
        "balance_base_mean": 0.3126136034630078,
        "balance_base_std": 0.033431969107761285,
        "balance_augment_mean": 0.32232474289897445,
        "balance_augment_std": 0.02156067370737907
    },
    "2": {
        "imbalance_base_mean": 0.13658649398704903,
        "imbalance_base_std": 0.009883101148112357,
        "balance_base_mean": 0.20464076472402098,
        "balance_base_std": 0.012696074071218063,
        "balance_augment_mean": 0.217900092506938,
        "balance_augment_std": 0.012992326927001705
    },
    "3": {
        "imbalance_base_mean": 0.09209192200229267,
        "imbalance_base_std": 0.009049482604768264,
        "balance_base_mean": 0.14162900480894847,
        "balance_base_std": 0.011589750139099745,
        "balance_augment_mean": 0.16007937236514114,
        "balance_augment_std": 0.004547180415945663
    },
    "4": {
        "imbalance_base_mean": 0.06721288129688607,
        "imbalance_base_std": 0.005791416891129894,
        "balance_base_mean": 0.1164401364771569,
        "balance_base_std": 0.008580119853183334,
        "balance_augment_mean": 0.12328409045436677,
        "balance_augment_std": 0.013352333758676801
    },
    "5": {
        "imbalance_base_mean": 0.05016418216099032,
        "imbalance_base_std": 0.0034612367448420608,
        "balance_base_mean": 0.09345681126466164,
        "balance_base_std": 0.004760245755029557,
        "balance_augment_mean": 0.10064754856614247,
        "balance_augment_std": 0.008965778923305467
    },
    "6": {
        "imbalance_base_mean": 0.03978984094926712,
        "imbalance_base_std": 0.007087210198170656,
        "balance_base_mean": 0.08290934320074006,
        "balance_base_std": 0.004785054941176153,
        "balance_augment_mean": 0.09028677150786309,
        "balance_augment_std": 0.007490848909718017
    },
    "7": {
        "imbalance_base_mean": 0.035090906309067325,
        "imbalance_base_std": 0.00418825592110511,
        "balance_base_mean": 0.07631957733980176,
        "balance_base_std": 0.0033079429273859895,
        "balance_augment_mean": 0.07229417206290471,
        "balance_augment_std": 0.0048220211979753055
    },
    "8": {
        "imbalance_base_mean": 0.029304279563969842,
        "imbalance_base_std": 0.0016376385256483043,
        "balance_base_mean": 0.0647086031452359,
        "balance_base_std": 0.005512998295648175,
        "balance_augment_mean": 0.06454671600370028,
        "balance_augment_std": 0.0064929722925048785
    },
    "9": {
        "imbalance_base_mean": 0.02283323682482293,
        "imbalance_base_std": 0.0015025790435389717,
        "balance_base_mean": 0.05974762436063112,
        "balance_base_std": 0.005711412245139905,
        "balance_augment_mean": 0.0586031452358927,
        "balance_augment_std": 0.0028535054237164062
    }
}