{
    "0": {
        "imbalance_base_mean": 0.45934597277007255,
        "imbalance_base_std": 0.0,
        "balance_base_mean": 0.45934597277007255,
        "balance_base_std": 0.0,
        "balance_augment_mean": 0.42869780064880425,
        "balance_augment_std": 0.06943113052962668
    },
    "1": {
        "imbalance_base_mean": 0.23924606845513416,
        "imbalance_base_std": 0.02667315685523174,
        "balance_base_mean": 0.44799592823514445,
        "balance_base_std": 0.05215144667109297,
        "balance_augment_mean": 0.43623937520915296,
        "balance_augment_std": 0.03309383968168037
    },
    "2": {
        "imbalance_base_mean": 0.09447271045328401,
        "imbalance_base_std": 0.01762129694486996,
        "balance_base_mean": 0.45644484031047206,
        "balance_base_std": 0.046100727426967615,
        "balance_augment_mean": 0.449192009161471,
        "balance_augment_std": 0.049739437386148416
    },
    "3": {
        "imbalance_base_mean": 0.037049028677150785,
        "imbalance_base_std": 0.011482743911549857,
        "balance_base_mean": 0.4591932815879883,
        "balance_base_std": 0.045414141301449676,
        "balance_augment_mean": 0.44987911948084996,
        "balance_augment_std": 0.04852979356015008
    },
    "4": {
        "imbalance_base_mean": 0.01787696577243293,
        "imbalance_base_std": 0.003563769005875529,
        "balance_base_mean": 0.44812317088688125,
        "balance_base_std": 0.037965028167637575,
        "balance_augment_mean": 0.44122661916274336,
        "balance_augment_std": 0.054717926596613974
    },
    "5": {
        "imbalance_base_mean": 0.008695652173913044,
        "imbalance_base_std": 0.0035972295544672004,
        "balance_base_mean": 0.4503371930271027,
        "balance_base_std": 0.03364921279508708,
        "balance_augment_mean": 0.44305891334775416,
        "balance_augment_std": 0.038371202579323485
    },
    "6": {
        "imbalance_base_mean": 0.004347826086956522,
        "imbalance_base_std": 0.0010663405997593436,
        "balance_base_mean": 0.45690291385672477,
        "balance_base_std": 0.0226235001563493,
        "balance_augment_mean": 0.45420536963990327,
        "balance_augment_std": 0.041799828905390794
    },
    "7": {
        "imbalance_base_mean": 0.0016882516188714153,
        "imbalance_base_std": 0.0007897026401000866,
        "balance_base_mean": 0.44265173686219617,
        "balance_base_std": 0.022031638001207495,
        "balance_augment_mean": 0.44613818551978623,
        "balance_augment_std": 0.033476223758433205
    },
    "8": {
        "imbalance_base_mean": 0.0007400555041628123,
        "imbalance_base_std": 0.0005202230286402401,
        "balance_base_mean": 0.4550706196717139,
        "balance_base_std": 0.023799016036709683,
        "balance_augment_mean": 0.45260211222801877,
        "balance_augment_std": 0.03430354280367228
    },
    "9": {
        "imbalance_base_mean": 0.00032377428307123034,
        "imbalance_base_std": 4.6253469010175755e-05,
        "balance_base_mean": 0.460465708105357,
        "balance_base_std": 0.017136406189439592,
        "balance_augment_mean": 0.44819951647792344,
        "balance_augment_std": 0.030697995821221263
    }
}