{
    "0": {
        "balance_augment_mean": 0.3875578168362627,
        "balance_augment_std": 0.012943866162520835
    },
    "1": {
        "balance_augment_mean": 0.3761794634597595,
        "balance_augment_std": 0.009079239043612533
    },
    "2": {
        "balance_augment_mean": 0.36498612395929697,
        "balance_augment_std": 0.01476105385761037
    },
    "3": {
        "balance_augment_mean": 0.36177150786308976,
        "balance_augment_std": 0.015193859758595066
    },
    "4": {
        "balance_augment_mean": 0.3619796484736355,
        "balance_augment_std": 0.012132744273278427
    },
    "5": {
        "balance_augment_mean": 0.3638760407030527,
        "balance_augment_std": 0.01765577371512252
    },
    "6": {
        "balance_augment_mean": 0.36672062904717856,
        "balance_augment_std": 0.013155351777644639
    },
    "7": {
        "balance_augment_mean": 0.37805272895467157,
        "balance_augment_std": 0.009014265939900191
    },
    "8": {
        "balance_augment_mean": 0.3672062904717854,
        "balance_augment_std": 0.01283660851606062
    },
    "9": {
        "balance_augment_mean": 0.36406105457909343,
        "balance_augment_std": 0.022056479689406383
    },
    "10": {
        "train_all_augment": 0.5160623409669212
    }
}