{
    "0": {
        "balance_augment_mean": 0.5438762861872878,
        "balance_augment_std": 0.001314237927056902
    },
    "1": {
        "balance_augment_mean": 0.5439197767770775,
        "balance_augment_std": 0.0028883700110510194
    },
    "2": {
        "balance_augment_mean": 0.5455201545344801,
        "balance_augment_std": 0.001541781351199906
    },
    "3": {
        "balance_augment_mean": 0.5425749670936929,
        "balance_augment_std": 0.0025444286922603203
    },
    "4": {
        "balance_augment_mean": 0.5432614596878962,
        "balance_augment_std": 0.0035930535080677057
    },
    "5": {
        "balance_augment_mean": 0.5417893254070855,
        "balance_augment_std": 0.004808635973705825
    },
    "6": {
        "balance_augment_mean": 0.5415199071844776,
        "balance_augment_std": 0.0050874499534697
    },
    "7": {
        "balance_augment_mean": 0.5409218956986092,
        "balance_augment_std": 0.006301476007105985
    },
    "8": {
        "balance_augment_mean": 0.5411727648310737,
        "balance_augment_std": 0.005655205330282213
    },
    "9": {
        "balance_augment_mean": 0.5428033640792663,
        "balance_augment_std": 0.005270982567829671
    },
    "10": {
        "train_all_augment": 0.6385610575182026
    }
}