{
    "0": {
        "imbalance_base_mean": 0.45934597277007255,
        "imbalance_base_std": 0.0,
        "balance_base_mean": 0.45934597277007255,
        "balance_base_std": 0.0,
        "balance_augment_mean": 0.47568392925308556,
        "balance_augment_std": 0.02139578283864224
    },
    "1": {
        "imbalance_base_mean": 0.23924606845513416,
        "imbalance_base_std": 0.02667315685523174,
        "balance_base_mean": 0.48999946058832433,
        "balance_base_std": 0.021904205107169217,
        "balance_augment_mean": 0.5016957143238854,
        "balance_augment_std": 0.029468757988228837
    },
    "2": {
        "imbalance_base_mean": 0.09447271045328401,
        "imbalance_base_std": 0.01762129694486996,
        "balance_base_mean": 0.48448196114708597,
        "balance_base_std": 0.02031804389779677,
        "balance_augment_mean": 0.5108453487085008,
        "balance_augment_std": 0.01785635832442775
    },
    "3": {
        "imbalance_base_mean": 0.037049028677150785,
        "imbalance_base_std": 0.011482743911549857,
        "balance_base_mean": 0.4886804919358646,
        "balance_base_std": 0.025346697678888166,
        "balance_augment_mean": 0.5043728021967655,
        "balance_augment_std": 0.017109108446988534
    },
    "4": {
        "imbalance_base_mean": 0.01787696577243293,
        "imbalance_base_std": 0.003563769005875529,
        "balance_base_mean": 0.4778908418131359,
        "balance_base_std": 0.03904327074108166,
        "balance_augment_mean": 0.4975948196114709,
        "balance_augment_std": 0.031704585328158494
    },
    "5": {
        "imbalance_base_mean": 0.008695652173913044,
        "imbalance_base_std": 0.0035972295544672004,
        "balance_base_mean": 0.47481522151057004,
        "balance_base_std": 0.030907482446605364,
        "balance_augment_mean": 0.48752945274966875,
        "balance_augment_std": 0.02741039156171968
    },
    "6": {
        "imbalance_base_mean": 0.004347826086956522,
        "imbalance_base_std": 0.0010663405997593436,
        "balance_base_mean": 0.47375115633672527,
        "balance_base_std": 0.026873126176873256,
        "balance_augment_mean": 0.48876040703052726,
        "balance_augment_std": 0.027037852928677025
    },
    "7": {
        "imbalance_base_mean": 0.0016882516188714153,
        "imbalance_base_std": 0.0007897026401000866,
        "balance_base_mean": 0.4611933395004625,
        "balance_base_std": 0.019544156900765518,
        "balance_augment_mean": 0.47314986123959296,
        "balance_augment_std": 0.013694346985974567
    },
    "8": {
        "imbalance_base_mean": 0.0007400555041628123,
        "imbalance_base_std": 0.0005202230286402401,
        "balance_base_mean": 0.45788621646623495,
        "balance_base_std": 0.019068045192007,
        "balance_augment_mean": 0.4716466234967623,
        "balance_augment_std": 0.02232088135629238
    },
    "9": {
        "imbalance_base_mean": 0.00032377428307123034,
        "imbalance_base_std": 4.6253469010175755e-05,
        "balance_base_mean": 0.4515032377428307,
        "balance_base_std": 0.010864052767958024,
        "balance_augment_mean": 0.46299722479185945,
        "balance_augment_std": 0.01205876815393908
    }
}