{
    "0": {
        "balance_augment_mean": 0.3348982423681776,
        "balance_augment_std": 0.008132064936874066
    },
    "1": {
        "balance_augment_mean": 0.3392923219241443,
        "balance_augment_std": 0.011287978825255422
    },
    "2": {
        "balance_augment_mean": 0.33996299722479184,
        "balance_augment_std": 0.015287628677470213
    },
    "3": {
        "balance_augment_mean": 0.3390610545790934,
        "balance_augment_std": 0.012405806398432922
    },
    "4": {
        "balance_augment_mean": 0.34125809435707677,
        "balance_augment_std": 0.015577945882951243
    },
    "5": {
        "balance_augment_mean": 0.33501387604070304,
        "balance_augment_std": 0.01362739764478675
    },
    "6": {
        "balance_augment_mean": 0.3426688251618871,
        "balance_augment_std": 0.01745441929854051
    },
    "7": {
        "balance_augment_mean": 0.3392691951896392,
        "balance_augment_std": 0.01761355542292244
    },
    "8": {
        "balance_augment_mean": 0.33630897317298797,
        "balance_augment_std": 0.009326585091909563
    },
    "9": {
        "balance_augment_mean": 0.3353839037927845,
        "balance_augment_std": 0.013517096563506954
    },
    "10": {
        "train_all_augment": 0.5577290076335878
    }
}