{
    "0": {
        "imbalance_base_mean": 0.5486688825665988,
        "imbalance_base_std": 0.00248441919757,
        "balance_base_mean": 0.5486688825665988,
        "balance_base_std": 0.00248441919757,
        "balance_augment_mean": 0.5532504084703016,
        "balance_augment_std": 0.003398728388479949
    },
    "1": {
        "imbalance_base_mean": 0.5448126646657278,
        "imbalance_base_std": 0.0016807202922011352,
        "balance_base_mean": 0.5547618795923466,
        "balance_base_std": 0.005127913412854836,
        "balance_augment_mean": 0.5587904419856738,
        "balance_augment_std": 0.0055257817487126435
    },
    "2": {
        "imbalance_base_mean": 0.5339495758080949,
        "imbalance_base_std": 0.0029071313905574764,
        "balance_base_mean": 0.5608029981778674,
        "balance_base_std": 0.0031171381734060076,
        "balance_augment_mean": 0.5622573817177114,
        "balance_augment_std": 0.0023851810904276065
    },
    "3": {
        "imbalance_base_mean": 0.5275778235896379,
        "imbalance_base_std": 0.0011368669891596267,
        "balance_base_mean": 0.5644633682383718,
        "balance_base_std": 0.003530843620390342,
        "balance_augment_mean": 0.5671213327146933,
        "balance_augment_std": 0.0029529380934094577
    },
    "4": {
        "imbalance_base_mean": 0.5224031359121086,
        "imbalance_base_std": 0.001596769394912978,
        "balance_base_mean": 0.5680082416246637,
        "balance_base_std": 0.00113953755294781,
        "balance_augment_mean": 0.5661657856478859,
        "balance_augment_std": 0.0017908486942124166
    },
    "5": {
        "imbalance_base_mean": 0.5191554419586086,
        "imbalance_base_std": 0.001335860370359738,
        "balance_base_mean": 0.5639995817998178,
        "balance_base_std": 0.005866975688782963,
        "balance_augment_mean": 0.5650072673751442,
        "balance_augment_std": 0.004580204494767545
    },
    "6": {
        "imbalance_base_mean": 0.5175137513593591,
        "imbalance_base_std": 0.000494459099905943,
        "balance_base_mean": 0.5643899084499562,
        "balance_base_std": 0.0048808317024090385,
        "balance_augment_mean": 0.5670408532424215,
        "balance_augment_std": 0.003745394864278092
    },
    "7": {
        "imbalance_base_mean": 0.5165762094857179,
        "imbalance_base_std": 0.0009657494521086127,
        "balance_base_mean": 0.5599674881802092,
        "balance_base_std": 0.0008032740573074156,
        "balance_augment_mean": 0.5611570038285466,
        "balance_augment_std": 0.0016705029845438767
    },
    "8": {
        "imbalance_base_mean": 0.5153431086380296,
        "imbalance_base_std": 0.0002852320990426551,
        "balance_base_mean": 0.5573863324115755,
        "balance_base_std": 0.002764488967331705,
        "balance_augment_mean": 0.5582690659726339,
        "balance_augment_std": 0.0002763727411226559
    },
    "9": {
        "imbalance_base_mean": 0.5152678853965093,
        "imbalance_base_std": 0.0006345779651041912,
        "balance_base_mean": 0.5552786910180503,
        "balance_base_std": 0.002854253302610048,
        "balance_augment_mean": 0.5554596540527512,
        "balance_augment_std": 0.0008705802540808086
    }
}