{
    "0": {
        "imbalance_base_mean": 0.5823513658275308,
        "imbalance_base_std": 0.0,
        "balance_base_mean": 0.5823513658275308,
        "balance_base_std": 0.0,
        "balance_augment_mean": 0.5838644884841993,
        "balance_augment_std": 0.01099141129598031
    },
    "1": {
        "imbalance_base_mean": 0.2821638993036958,
        "imbalance_base_std": 0.01883575503961619,
        "balance_base_mean": 0.5353776111408677,
        "balance_base_std": 0.012686192775730678,
        "balance_augment_mean": 0.5593867166577396,
        "balance_augment_std": 0.012574210834031591
    },
    "2": {
        "imbalance_base_mean": 0.12308516336368505,
        "imbalance_base_std": 0.016579678956306763,
        "balance_base_mean": 0.516456882699518,
        "balance_base_std": 0.01079759884529001,
        "balance_augment_mean": 0.5446036422067488,
        "balance_augment_std": 0.012227951830319642
    },
    "3": {
        "imbalance_base_mean": 0.051298875200856985,
        "imbalance_base_std": 0.01419827675357943,
        "balance_base_mean": 0.5087305838243171,
        "balance_base_std": 0.02576089015408529,
        "balance_augment_mean": 0.5294322442420996,
        "balance_augment_std": 0.020187947210616328
    },
    "4": {
        "imbalance_base_mean": 0.02858864488484199,
        "imbalance_base_std": 0.005107194647028684,
        "balance_base_mean": 0.5050348152115693,
        "balance_base_std": 0.014923216273565873,
        "balance_augment_mean": 0.5240626673808249,
        "balance_augment_std": 0.01593170610018461
    },
    "5": {
        "imbalance_base_mean": 0.0169925013390466,
        "imbalance_base_std": 0.004216274803450003,
        "balance_base_mean": 0.5075656132833423,
        "balance_base_std": 0.015053885604347839,
        "balance_augment_mean": 0.5211703267273701,
        "balance_augment_std": 0.01599896776403064
    },
    "6": {
        "imbalance_base_mean": 0.010444563470808785,
        "imbalance_base_std": 0.002510132052197398,
        "balance_base_mean": 0.5080744509908945,
        "balance_base_std": 0.0157635190905345,
        "balance_augment_mean": 0.5199116229244778,
        "balance_augment_std": 0.01401660099510126
    },
    "7": {
        "imbalance_base_mean": 0.007605784681306909,
        "imbalance_base_std": 0.0019245039339284072,
        "balance_base_mean": 0.5049009105516872,
        "balance_base_std": 0.010652231418269242,
        "balance_augment_mean": 0.5156400642742367,
        "balance_augment_std": 0.008684994717092552
    },
    "8": {
        "imbalance_base_mean": 0.005878414568826995,
        "imbalance_base_std": 0.001983145643707384,
        "balance_base_mean": 0.5034681306909481,
        "balance_base_std": 0.008473044184760787,
        "balance_augment_mean": 0.5150107123727905,
        "balance_augment_std": 0.01045660794546705
    },
    "9": {
        "imbalance_base_mean": 0.003869844670594537,
        "imbalance_base_std": 0.0005919131254767099,
        "balance_base_mean": 0.5004151044456346,
        "balance_base_std": 0.004867282429262951,
        "balance_augment_mean": 0.5101767541510446,
        "balance_augment_std": 0.005739498002785947
    }
}