{
    "0": {
        "imbalance_base_mean": 0.5027035623409669,
        "imbalance_base_std": 0.0,
        "balance_base_mean": 0.5027035623409669,
        "balance_base_std": 0.0,
        "balance_augment_mean": 0.5029131678313787,
        "balance_augment_std": 0.013176418415540719
    },
    "1": {
        "imbalance_base_mean": 0.25417487577471615,
        "imbalance_base_std": 0.03570312745580362,
        "balance_base_mean": 0.5170482154293441,
        "balance_base_std": 0.02126559151802743,
        "balance_augment_mean": 0.4880666049953747,
        "balance_augment_std": 0.020802288787202763
    },
    "2": {
        "imbalance_base_mean": 0.13658649398704903,
        "imbalance_base_std": 0.009883101148112357,
        "balance_base_mean": 0.48696446603724286,
        "balance_base_std": 0.04100240069342554,
        "balance_augment_mean": 0.4723509002360927,
        "balance_augment_std": 0.0184007184109477
    },
    "3": {
        "imbalance_base_mean": 0.09209192200229267,
        "imbalance_base_std": 0.009049482604768264,
        "balance_base_mean": 0.46889674884013244,
        "balance_base_std": 0.026246394136466046,
        "balance_augment_mean": 0.44310823311748376,
        "balance_augment_std": 0.019725491289029538
    },
    "4": {
        "imbalance_base_mean": 0.06721288129688607,
        "imbalance_base_std": 0.005791416891129894,
        "balance_base_mean": 0.4509147417926573,
        "balance_base_std": 0.01854313429866978,
        "balance_augment_mean": 0.4449129128386919,
        "balance_augment_std": 0.028253397819628708
    },
    "5": {
        "imbalance_base_mean": 0.05016418216099032,
        "imbalance_base_std": 0.0034612367448420608,
        "balance_base_mean": 0.4183395004625347,
        "balance_base_std": 0.020634102291483915,
        "balance_augment_mean": 0.4224769497661434,
        "balance_augment_std": 0.01668080534298243
    },
    "6": {
        "imbalance_base_mean": 0.03978984094926712,
        "imbalance_base_std": 0.007087210198170656,
        "balance_base_mean": 0.4005781683626273,
        "balance_base_std": 0.02024341078791314,
        "balance_augment_mean": 0.3975948196114708,
        "balance_augment_std": 0.02805937257603834
    },
    "7": {
        "imbalance_base_mean": 0.035090906309067325,
        "imbalance_base_std": 0.00418825592110511,
        "balance_base_mean": 0.36926456984273826,
        "balance_base_std": 0.015602337925107528,
        "balance_augment_mean": 0.3781914893617021,
        "balance_augment_std": 0.01605112003802866
    },
    "8": {
        "imbalance_base_mean": 0.029304279563969842,
        "imbalance_base_std": 0.0016376385256483043,
        "balance_base_mean": 0.3570767807585569,
        "balance_base_std": 0.01814336172277051,
        "balance_augment_mean": 0.355781683626272,
        "balance_augment_std": 0.030980969229317503
    },
    "9": {
        "imbalance_base_mean": 0.02283323682482293,
        "imbalance_base_std": 0.0015025790435389717,
        "balance_base_mean": 0.3453283996299722,
        "balance_base_std": 0.021202763744965058,
        "balance_augment_mean": 0.3478029602220166,
        "balance_augment_std": 0.020086257914781008
    }
}