{
    "0": {
        "imbalance_base_mean": 0.5470978212450488,
        "imbalance_base_std": 0.0,
        "balance_base_mean": 0.5470978212450488,
        "balance_base_std": 0.0,
        "balance_augment_mean": 0.5434151224640205,
        "balance_augment_std": 0.0014533623656941227
    },
    "1": {
        "imbalance_base_mean": 0.5454004125262005,
        "imbalance_base_std": 0.004431287327052026,
        "balance_base_mean": 0.5533247240648418,
        "balance_base_std": 0.005946037824204559,
        "balance_augment_mean": 0.5485664718203628,
        "balance_augment_std": 0.00231534842358565
    },
    "2": {
        "imbalance_base_mean": 0.5347571695050088,
        "imbalance_base_std": 0.0027659449477395836,
        "balance_base_mean": 0.558913497488641,
        "balance_base_std": 0.0052556467574517846,
        "balance_augment_mean": 0.5522574370578248,
        "balance_augment_std": 0.0032581275418929983
    },
    "3": {
        "imbalance_base_mean": 0.5255494749447982,
        "imbalance_base_std": 0.002525077449844276,
        "balance_base_mean": 0.5616866894987331,
        "balance_base_std": 0.004301622178296133,
        "balance_augment_mean": 0.5542714568901748,
        "balance_augment_std": 0.0036900668914412885
    },
    "4": {
        "imbalance_base_mean": 0.5219866313579175,
        "imbalance_base_std": 0.001680557468173847,
        "balance_base_mean": 0.5623863138136687,
        "balance_base_std": 0.004241300458792808,
        "balance_augment_mean": 0.5574236038267208,
        "balance_augment_std": 0.003924360125272928
    },
    "5": {
        "imbalance_base_mean": 0.5192421406055248,
        "imbalance_base_std": 0.0014985917432280011,
        "balance_base_mean": 0.563276813566904,
        "balance_base_std": 0.0029535139340606006,
        "balance_augment_mean": 0.5592588249800917,
        "balance_augment_std": 0.0028785484139160727
    },
    "6": {
        "imbalance_base_mean": 0.5174702923060901,
        "imbalance_base_std": 0.0008931414102001172,
        "balance_base_mean": 0.5665320676451798,
        "balance_base_std": 0.003086789057077599,
        "balance_augment_mean": 0.5623473411544452,
        "balance_augment_std": 0.0033974686605643067
    },
    "7": {
        "imbalance_base_mean": 0.5167388981868103,
        "imbalance_base_std": 0.0007763882492295865,
        "balance_base_mean": 0.5666377331331337,
        "balance_base_std": 0.003280924403596468,
        "balance_augment_mean": 0.5639074960239899,
        "balance_augment_std": 0.0018301235826771174
    },
    "8": {
        "imbalance_base_mean": 0.5162554342554895,
        "imbalance_base_std": 0.0008305414192289728,
        "balance_base_mean": 0.5698963439068102,
        "balance_base_std": 0.002868852581190899,
        "balance_augment_mean": 0.5660235330440807,
        "balance_augment_std": 0.0022100207909867007
    },
    "9": {
        "imbalance_base_mean": 0.5154381916793258,
        "imbalance_base_std": 0.00029111824389511075,
        "balance_base_mean": 0.5684626297481035,
        "balance_base_std": 0.0033563239165791373,
        "balance_augment_mean": 0.5659857220520299,
        "balance_augment_std": 0.0017653842206082156
    }
}