{
    "0": {
        "imbalance_base_mean": 0.5131896089983932,
        "imbalance_base_std": 0.0,
        "balance_base_mean": 0.5131896089983932,
        "balance_base_std": 0.0,
        "balance_augment_mean": 0.5250669523299409,
        "balance_augment_std": 0.0029657992929634845
    },
    "1": {
        "imbalance_base_mean": 0.28248527048741295,
        "imbalance_base_std": 0.02580591205953939,
        "balance_base_mean": 0.3403856454204607,
        "balance_base_std": 0.020897322702433233,
        "balance_augment_mean": 0.34204606320299946,
        "balance_augment_std": 0.013005127750682816
    },
    "2": {
        "imbalance_base_mean": 0.15491430101767542,
        "imbalance_base_std": 0.01229777072065141,
        "balance_base_mean": 0.2229646491697911,
        "balance_base_std": 0.010157566553366327,
        "balance_augment_mean": 0.2295929298339582,
        "balance_augment_std": 0.011673337929270144
    },
    "3": {
        "imbalance_base_mean": 0.10344134975897161,
        "imbalance_base_std": 0.010268662865374414,
        "balance_base_mean": 0.15929298339582215,
        "balance_base_std": 0.0070467955435255985,
        "balance_augment_mean": 0.1651178361006963,
        "balance_augment_std": 0.007045904917872194
    },
    "4": {
        "imbalance_base_mean": 0.07518746652383504,
        "imbalance_base_std": 0.004879901760042677,
        "balance_base_mean": 0.13182913765399035,
        "balance_base_std": 0.005792827636937137,
        "balance_augment_mean": 0.13622121049812536,
        "balance_augment_std": 0.007298676134474645
    },
    "5": {
        "imbalance_base_mean": 0.05638725227637922,
        "imbalance_base_std": 0.005475439972360003,
        "balance_base_mean": 0.10622656668452062,
        "balance_base_std": 0.007007142698670715,
        "balance_augment_mean": 0.11012319228709158,
        "balance_augment_std": 0.010194393136812077
    },
    "6": {
        "imbalance_base_mean": 0.043599357257632566,
        "imbalance_base_std": 0.007274413013117236,
        "balance_base_mean": 0.09230048205677557,
        "balance_base_std": 0.005685762784726542,
        "balance_augment_mean": 0.09424209962506694,
        "balance_augment_std": 0.009990364550337746
    },
    "7": {
        "imbalance_base_mean": 0.03739957150508838,
        "imbalance_base_std": 0.004134294176050911,
        "balance_base_mean": 0.08198982324584896,
        "balance_base_std": 0.005381168307329519,
        "balance_augment_mean": 0.08110605249062668,
        "balance_augment_std": 0.006458120546384356
    },
    "8": {
        "imbalance_base_mean": 0.031373861810391,
        "imbalance_base_std": 0.0027749620657085256,
        "balance_base_mean": 0.0705008034279593,
        "balance_base_std": 0.002408051099374825,
        "balance_augment_mean": 0.07188002142474557,
        "balance_augment_std": 0.0059661401157292395
    },
    "9": {
        "imbalance_base_mean": 0.024544724156400643,
        "imbalance_base_std": 0.0014878488959047507,
        "balance_base_mean": 0.06214515265131226,
        "balance_base_std": 0.006261442605350622,
        "balance_augment_mean": 0.06211837171933583,
        "balance_augment_std": 0.0025503125911322
    }
}