{
    "0": {
        "imbalance_base_mean": 0.5470978212450488,
        "imbalance_base_std": 0.0,
        "balance_base_mean": 0.5470978212450488,
        "balance_base_std": 0.0,
        "balance_augment_mean": 0.5480746839756602,
        "balance_augment_std": 0.0033322670735903663
    },
    "1": {
        "imbalance_base_mean": 0.5454004125262005,
        "imbalance_base_std": 0.004431287327052026,
        "balance_base_mean": 0.5472552152667552,
        "balance_base_std": 0.00488176659514536,
        "balance_augment_mean": 0.5505062659156558,
        "balance_augment_std": 0.003270821405049053
    },
    "2": {
        "imbalance_base_mean": 0.5347571695050088,
        "imbalance_base_std": 0.0027659449477395836,
        "balance_base_mean": 0.5499543552066564,
        "balance_base_std": 0.003996961202977758,
        "balance_augment_mean": 0.5524753708307083,
        "balance_augment_std": 0.003567476333287866
    },
    "3": {
        "imbalance_base_mean": 0.5255494749447982,
        "imbalance_base_std": 0.002525077449844276,
        "balance_base_mean": 0.5518876579628131,
        "balance_base_std": 0.0028607409126937666,
        "balance_augment_mean": 0.5539504980569161,
        "balance_augment_std": 0.0030582386757227525
    },
    "4": {
        "imbalance_base_mean": 0.5219866313579175,
        "imbalance_base_std": 0.001680557468173847,
        "balance_base_mean": 0.5524563296844442,
        "balance_base_std": 0.002558742373448007,
        "balance_augment_mean": 0.5542228867605502,
        "balance_augment_std": 0.0031464173269562324
    },
    "5": {
        "imbalance_base_mean": 0.5192421406055248,
        "imbalance_base_std": 0.0014985917432280011,
        "balance_base_mean": 0.5540264544145364,
        "balance_base_std": 0.005263223264841855,
        "balance_augment_mean": 0.5554724647921857,
        "balance_augment_std": 0.0038809214933067967
    },
    "6": {
        "imbalance_base_mean": 0.5174702923060901,
        "imbalance_base_std": 0.0008931414102001172,
        "balance_base_mean": 0.5562123526036493,
        "balance_base_std": 0.003824134763160302,
        "balance_augment_mean": 0.5571710187619358,
        "balance_augment_std": 0.0035163914402610184
    },
    "7": {
        "imbalance_base_mean": 0.5167388981868103,
        "imbalance_base_std": 0.0007763882492295865,
        "balance_base_mean": 0.5562208778323539,
        "balance_base_std": 0.003407366450755412,
        "balance_augment_mean": 0.5557955732929235,
        "balance_augment_std": 0.0015093785419035511
    },
    "8": {
        "imbalance_base_mean": 0.5162554342554895,
        "imbalance_base_std": 0.0008305414192289728,
        "balance_base_mean": 0.5574294661634758,
        "balance_base_std": 0.001685109245878857,
        "balance_augment_mean": 0.5578415556047976,
        "balance_augment_std": 0.0017865734400662055
    },
    "9": {
        "imbalance_base_mean": 0.5154381916793258,
        "imbalance_base_std": 0.00029111824389511075,
        "balance_base_mean": 0.5589626560119768,
        "balance_base_std": 0.0022354792074015884,
        "balance_augment_mean": 0.5589748463891727,
        "balance_augment_std": 0.0011847717684462444
    }
}