{
    "0": {
        "imbalance_base_mean": 0.5486688825665988,
        "imbalance_base_std": 0.00248441919757,
        "balance_base_mean": 0.5486688825665988,
        "balance_base_std": 0.00248441919757,
        "balance_augment_mean": 0.5512674127979891,
        "balance_augment_std": 0.004578346042489592
    },
    "1": {
        "imbalance_base_mean": 0.5448126646657278,
        "imbalance_base_std": 0.0016807202922011352,
        "balance_base_mean": 0.5623217045553263,
        "balance_base_std": 0.003916351131480687,
        "balance_augment_mean": 0.5606288172231013,
        "balance_augment_std": 0.007061109468913337
    },
    "2": {
        "imbalance_base_mean": 0.5339495758080949,
        "imbalance_base_std": 0.0029071313905574764,
        "balance_base_mean": 0.5663775978797367,
        "balance_base_std": 0.0054905001203588615,
        "balance_augment_mean": 0.5627744182191299,
        "balance_augment_std": 0.002902392314760069
    },
    "3": {
        "imbalance_base_mean": 0.5275778235896379,
        "imbalance_base_std": 0.0011368669891596267,
        "balance_base_mean": 0.5695828596609156,
        "balance_base_std": 0.006277619336135837,
        "balance_augment_mean": 0.566590940280842,
        "balance_augment_std": 0.0043074976643546785
    },
    "4": {
        "imbalance_base_mean": 0.5224031359121086,
        "imbalance_base_std": 0.001596769394912978,
        "balance_base_mean": 0.5715468366513345,
        "balance_base_std": 0.005491194654069835,
        "balance_augment_mean": 0.5676694339848198,
        "balance_augment_std": 0.002615760106282802
    },
    "5": {
        "imbalance_base_mean": 0.5191554419586086,
        "imbalance_base_std": 0.001335860370359738,
        "balance_base_mean": 0.5693714612918954,
        "balance_base_std": 0.004178626262148433,
        "balance_augment_mean": 0.5672178737800534,
        "balance_augment_std": 0.0014881471025493611
    },
    "6": {
        "imbalance_base_mean": 0.5175137513593591,
        "imbalance_base_std": 0.000494459099905943,
        "balance_base_mean": 0.5663575894695082,
        "balance_base_std": 0.004268833566081699,
        "balance_augment_mean": 0.5663628889009726,
        "balance_augment_std": 0.0022902106838937485
    },
    "7": {
        "imbalance_base_mean": 0.5165762094857179,
        "imbalance_base_std": 0.0009657494521086127,
        "balance_base_mean": 0.5644854908914947,
        "balance_base_std": 0.003243197828388832,
        "balance_augment_mean": 0.5644752285621203,
        "balance_augment_std": 0.005006259677023904
    },
    "8": {
        "imbalance_base_mean": 0.5153431086380296,
        "imbalance_base_std": 0.0002852320990426551,
        "balance_base_mean": 0.5629456507252334,
        "balance_base_std": 0.0018627524718451186,
        "balance_augment_mean": 0.5631149258070307,
        "balance_augment_std": 0.003193173684913782
    },
    "9": {
        "imbalance_base_mean": 0.5152678853965093,
        "imbalance_base_std": 0.0006345779651041912,
        "balance_base_mean": 0.5591647865320362,
        "balance_base_std": 0.003746128388284621,
        "balance_augment_mean": 0.5596294145204794,
        "balance_augment_std": 0.0029745280238476094
    }
}