{
    "0": {
        "imbalance_base_mean": 0.9689214462732048,
        "imbalance_base_std": 0.0,
        "balance_base_mean": 0.9689214462732048,
        "balance_base_std": 0.0,
        "balance_augment_mean": 0.9716388085917362,
        "balance_augment_std": 0.0008518208777399839
    },
    "1": {
        "imbalance_base_mean": 0.9687564667356451,
        "imbalance_base_std": 0.0020390013905618614,
        "balance_base_mean": 0.9701634150764274,
        "balance_base_std": 0.0012388839582267398,
        "balance_augment_mean": 0.9703813729568671,
        "balance_augment_std": 0.0007945312757981472
    },
    "2": {
        "imbalance_base_mean": 0.9637114351441971,
        "imbalance_base_std": 0.0024625215842829173,
        "balance_base_mean": 0.9709136453011056,
        "balance_base_std": 0.0007412760948633789,
        "balance_augment_mean": 0.9710030684771749,
        "balance_augment_std": 0.0007246702518662553
    },
    "3": {
        "imbalance_base_mean": 0.9603583327111045,
        "imbalance_base_std": 0.003096102445949699,
        "balance_base_mean": 0.9701815486031851,
        "balance_base_std": 0.0005536832572909881,
        "balance_augment_mean": 0.9706761316565155,
        "balance_augment_std": 0.00043349050018331043
    },
    "4": {
        "imbalance_base_mean": 0.9570946534540813,
        "imbalance_base_std": 0.0022751990980515503,
        "balance_base_mean": 0.9697065213140051,
        "balance_base_std": 0.00127821835063634,
        "balance_augment_mean": 0.9696967434319299,
        "balance_augment_std": 0.0021885563439827354
    },
    "5": {
        "imbalance_base_mean": 0.9539301752552027,
        "imbalance_base_std": 0.001487127451986788,
        "balance_base_mean": 0.9694983413156407,
        "balance_base_std": 0.001873606228770115,
        "balance_augment_mean": 0.9697260770781554,
        "balance_augment_std": 0.0016622290577991694
    },
    "6": {
        "imbalance_base_mean": 0.952347225037067,
        "imbalance_base_std": 0.0015052617078703905,
        "balance_base_mean": 0.9690330919085358,
        "balance_base_std": 0.0012282028927352885,
        "balance_augment_mean": 0.9691029593204549,
        "balance_augment_std": 0.0012990074296574568
    },
    "7": {
        "imbalance_base_mean": 0.9494104826007035,
        "imbalance_base_std": 0.0014934044577280805,
        "balance_base_mean": 0.9699132790749768,
        "balance_base_std": 0.0011261212617529946,
        "balance_augment_mean": 0.9697847443706065,
        "balance_augment_std": 0.001864654584749464
    },
    "8": {
        "imbalance_base_mean": 0.9467894768655309,
        "imbalance_base_std": 0.0028055531077592327,
        "balance_base_mean": 0.9694284739037216,
        "balance_base_std": 0.0008017355963117417,
        "balance_augment_mean": 0.9696757654303868,
        "balance_augment_std": 0.0013719861822931733
    },
    "9": {
        "imbalance_base_mean": 0.9440902480737572,
        "imbalance_base_std": 0.000649916972186324,
        "balance_base_mean": 0.969210516023282,
        "balance_base_std": 0.0016690200088273347,
        "balance_augment_mean": 0.9690526476726863,
        "balance_augment_std": 0.0009913042451900882
    }
}