{
    "0": {
        "imbalance_base_mean": 0.9579318179393914,
        "imbalance_base_std": 0.00229549521362784,
        "balance_base_mean": 0.9579318179393914,
        "balance_base_std": 0.00229549521362784,
        "balance_augment_mean": 0.9558402400736717,
        "balance_augment_std": 0.001519487710532736
    },
    "1": {
        "imbalance_base_mean": 0.965374030656327,
        "imbalance_base_std": 0.002883491690066797,
        "balance_base_mean": 0.9629850273958477,
        "balance_base_std": 0.0017643020561901094,
        "balance_augment_mean": 0.955024231369579,
        "balance_augment_std": 0.002092749681994582
    },
    "2": {
        "imbalance_base_mean": 0.9621284849260615,
        "imbalance_base_std": 0.0020931841792031745,
        "balance_base_mean": 0.9648892254850718,
        "balance_base_std": 0.003314941767085079,
        "balance_augment_mean": 0.9565833591113861,
        "balance_augment_std": 0.0030759189526001676
    },
    "3": {
        "imbalance_base_mean": 0.9638566811379322,
        "imbalance_base_std": 0.0025612421798060277,
        "balance_base_mean": 0.9649758041863559,
        "balance_base_std": 0.003265855456087538,
        "balance_augment_mean": 0.9536256386734792,
        "balance_augment_std": 0.0035981365158839792
    },
    "4": {
        "imbalance_base_mean": 0.960246509296099,
        "imbalance_base_std": 0.0024799516703283096,
        "balance_base_mean": 0.9627697362105196,
        "balance_base_std": 0.0024961287821941877,
        "balance_augment_mean": 0.9513413476410415,
        "balance_augment_std": 0.0015542114472677309
    },
    "5": {
        "imbalance_base_mean": 0.9555899262925471,
        "imbalance_base_std": 0.0046153302200430965,
        "balance_base_mean": 0.9622653752751141,
        "balance_base_std": 0.0017628467001737148,
        "balance_augment_mean": 0.9503912930626817,
        "balance_augment_std": 0.0009071348586407153
    },
    "6": {
        "imbalance_base_mean": 0.9515550388093029,
        "imbalance_base_std": 0.005508718658989653,
        "balance_base_mean": 0.9573014112150531,
        "balance_base_std": 0.003374767189665062,
        "balance_augment_mean": 0.9467126760463224,
        "balance_augment_std": 0.0034368291279485695
    },
    "7": {
        "imbalance_base_mean": 0.945375595117459,
        "imbalance_base_std": 0.004043770479991671,
        "balance_base_mean": 0.9529312312664668,
        "balance_base_std": 0.0029215810664188387,
        "balance_augment_mean": 0.9451898153580304,
        "balance_augment_std": 0.0015178140385904055
    },
    "8": {
        "imbalance_base_mean": 0.9401252280024321,
        "imbalance_base_std": 0.005024022311656909,
        "balance_base_mean": 0.9489564333130666,
        "balance_base_std": 0.00401997809600006,
        "balance_augment_mean": 0.942381607626037,
        "balance_augment_std": 0.003973566337380969
    },
    "9": {
        "imbalance_base_mean": 0.9395607775371826,
        "imbalance_base_std": 0.0033680653960054593,
        "balance_base_mean": 0.9442299828975955,
        "balance_base_std": 0.002339529824412105,
        "balance_augment_mean": 0.9392171294271583,
        "balance_augment_std": 0.0023092458763489124
    }
}