{
    "0": {
        "imbalance_base_mean": 0.9579318179393914,
        "imbalance_base_std": 0.00229549521362784,
        "balance_base_mean": 0.9579318179393914,
        "balance_base_std": 0.00229549521362784,
        "balance_augment_mean": 0.9582349322837223,
        "balance_augment_std": 0.0025398386852861217
    },
    "1": {
        "imbalance_base_mean": 0.965374030656327,
        "imbalance_base_std": 0.002883491690066797,
        "balance_base_mean": 0.9633985429177911,
        "balance_base_std": 0.0015887426967218145,
        "balance_augment_mean": 0.9619748832876439,
        "balance_augment_std": 0.0049868979327237
    },
    "2": {
        "imbalance_base_mean": 0.9621284849260615,
        "imbalance_base_std": 0.0020931841792031745,
        "balance_base_mean": 0.9636429899696708,
        "balance_base_std": 0.0025674353343429677,
        "balance_augment_mean": 0.964116595021458,
        "balance_augment_std": 0.0004719538407724604
    },
    "3": {
        "imbalance_base_mean": 0.9638566811379322,
        "imbalance_base_std": 0.0025612421798060277,
        "balance_base_mean": 0.9638693034947927,
        "balance_base_std": 0.0023201151062880493,
        "balance_augment_mean": 0.9639670823155445,
        "balance_augment_std": 0.0028642948674768793
    },
    "4": {
        "imbalance_base_mean": 0.960246509296099,
        "imbalance_base_std": 0.0024799516703283096,
        "balance_base_mean": 0.9642632632525858,
        "balance_base_std": 0.0017402661149747477,
        "balance_augment_mean": 0.9614648334026674,
        "balance_augment_std": 0.0033657689340885035
    },
    "5": {
        "imbalance_base_mean": 0.9555899262925471,
        "imbalance_base_std": 0.0046153302200430965,
        "balance_base_mean": 0.9621075069245183,
        "balance_base_std": 0.002150656246313217,
        "balance_augment_mean": 0.9599321948323004,
        "balance_augment_std": 0.005241834923702132
    },
    "6": {
        "imbalance_base_mean": 0.9515550388093029,
        "imbalance_base_std": 0.005508718658989653,
        "balance_base_mean": 0.9570443418063126,
        "balance_base_std": 0.003885980510997741,
        "balance_augment_mean": 0.9583101330858639,
        "balance_augment_std": 0.005537345024269088
    },
    "7": {
        "imbalance_base_mean": 0.945375595117459,
        "imbalance_base_std": 0.004043770479991671,
        "balance_base_mean": 0.9538407520791333,
        "balance_base_std": 0.003341115660888513,
        "balance_augment_mean": 0.9526546060935761,
        "balance_augment_std": 0.0020921154044952948
    },
    "8": {
        "imbalance_base_mean": 0.9401252280024321,
        "imbalance_base_std": 0.005024022311656909,
        "balance_base_mean": 0.9503703150611382,
        "balance_base_std": 0.005720576010366608,
        "balance_augment_mean": 0.9481754472047701,
        "balance_augment_std": 0.004520689870767213
    },
    "9": {
        "imbalance_base_mean": 0.9395607775371826,
        "imbalance_base_std": 0.0033680653960054593,
        "balance_base_mean": 0.9461286698169225,
        "balance_base_std": 0.0020913961568751285,
        "balance_augment_mean": 0.9440427809007741,
        "balance_augment_std": 0.0037276100601525363
    }
}