{
    "0": {
        "imbalance_base_mean": 0.9571230982019363,
        "imbalance_base_std": 1.1102230246251565e-16,
        "balance_base_mean": 0.9571230982019363,
        "balance_base_std": 1.1102230246251565e-16,
        "balance_augment_mean": 0.9549100968188104,
        "balance_augment_std": 0.005573842788273856
    },
    "1": {
        "imbalance_base_mean": 0.9632390745501285,
        "imbalance_base_std": 0.003949175191706231,
        "balance_base_mean": 0.9688501566238928,
        "balance_base_std": 0.0005618530774319152,
        "balance_augment_mean": 0.9674279192311385,
        "balance_augment_std": 0.0029988233765852507
    },
    "2": {
        "imbalance_base_mean": 0.9467866323907455,
        "imbalance_base_std": 0.00589580716770164,
        "balance_base_mean": 0.963856681137932,
        "balance_base_std": 0.006273638966700309,
        "balance_augment_mean": 0.9650638051250324,
        "balance_augment_std": 0.004017485608140097
    },
    "3": {
        "imbalance_base_mean": 0.9367609254498713,
        "imbalance_base_std": 0.0067722055898814795,
        "balance_base_mean": 0.9629820051413882,
        "balance_base_std": 0.0076863323330211225,
        "balance_augment_mean": 0.9656561669991147,
        "balance_augment_std": 0.006452096987905353
    },
    "4": {
        "imbalance_base_mean": 0.9280205655526992,
        "imbalance_base_std": 0.00539233340961517,
        "balance_base_mean": 0.9601542416452441,
        "balance_base_std": 0.0062968887989284595,
        "balance_augment_mean": 0.9629820051413882,
        "balance_augment_std": 0.007898350383412458
    },
    "5": {
        "imbalance_base_mean": 0.9203084832904885,
        "imbalance_base_std": 0.002438774545116991,
        "balance_base_mean": 0.9586118251928021,
        "balance_base_std": 0.005596797186909306,
        "balance_augment_mean": 0.9611825192802057,
        "balance_augment_std": 0.00686909471253848
    },
    "6": {
        "imbalance_base_mean": 0.9146529562982005,
        "imbalance_base_std": 0.0029979187120027337,
        "balance_base_mean": 0.9568123393316196,
        "balance_base_std": 0.005895807167701641,
        "balance_augment_mean": 0.9596401028277635,
        "balance_augment_std": 0.007521202487572106
    },
    "7": {
        "imbalance_base_mean": 0.9082262210796914,
        "imbalance_base_std": 0.0029979187120027094,
        "balance_base_mean": 0.9557840616966582,
        "balance_base_std": 0.0032107958860660107,
        "balance_augment_mean": 0.9573264781491003,
        "balance_augment_std": 0.004555281528706767
    },
    "8": {
        "imbalance_base_mean": 0.9007712082262211,
        "imbalance_base_std": 0.004767927247041497,
        "balance_base_mean": 0.9519280205655527,
        "balance_base_std": 0.0031061814842145517,
        "balance_augment_mean": 0.9544987146529562,
        "balance_augment_std": 0.005667199919035647
    },
    "9": {
        "imbalance_base_mean": 0.8953727506426734,
        "imbalance_base_std": 0.0015424164524421597,
        "balance_base_mean": 0.9516709511568123,
        "balance_base_std": 0.0013108019315148588,
        "balance_augment_mean": 0.9532133676092546,
        "balance_augment_std": 0.0033121076418316793
    }
}