{
    "0": {
        "imbalance_base_mean": 0.9807197943444731,
        "imbalance_base_std": 1.1102230246251565e-16,
        "balance_base_mean": 0.9807197943444731,
        "balance_base_std": 1.1102230246251565e-16,
        "balance_augment_mean": 0.9655526992287917,
        "balance_augment_std": 0.002211394670190913
    },
    "1": {
        "imbalance_base_mean": 0.9632390745501285,
        "imbalance_base_std": 0.003949175191706231,
        "balance_base_mean": 0.9789203084832904,
        "balance_base_std": 0.0010282776349614551,
        "balance_augment_mean": 0.9696658097686376,
        "balance_augment_std": 0.0028855969563809044
    },
    "2": {
        "imbalance_base_mean": 0.9467866323907455,
        "imbalance_base_std": 0.00589580716770164,
        "balance_base_mean": 0.9781491002570695,
        "balance_base_std": 0.000812924848372342,
        "balance_augment_mean": 0.9719794344473008,
        "balance_augment_std": 0.0012593777597856809
    },
    "3": {
        "imbalance_base_mean": 0.9367609254498713,
        "imbalance_base_std": 0.0067722055898814795,
        "balance_base_mean": 0.9781491002570695,
        "balance_base_std": 0.001408027140116102,
        "balance_augment_mean": 0.9732647814910026,
        "balance_augment_std": 0.002492380389417121
    },
    "4": {
        "imbalance_base_mean": 0.9280205655526992,
        "imbalance_base_std": 0.00539233340961517,
        "balance_base_mean": 0.9781491002570695,
        "balance_base_std": 0.000812924848372342,
        "balance_augment_mean": 0.9750642673521852,
        "balance_augment_std": 0.0006296888798928813
    },
    "5": {
        "imbalance_base_mean": 0.9203084832904885,
        "imbalance_base_std": 0.002438774545116991,
        "balance_base_mean": 0.9781491002570695,
        "balance_base_std": 0.000812924848372342,
        "balance_augment_mean": 0.9750642673521851,
        "balance_augment_std": 0.0013108019315148588
    },
    "6": {
        "imbalance_base_mean": 0.9146529562982005,
        "imbalance_base_std": 0.0029979187120027337,
        "balance_base_mean": 0.9781491002570695,
        "balance_base_std": 0.000812924848372342,
        "balance_augment_mean": 0.9760925449871465,
        "balance_augment_std": 0.0006296888798928268
    },
    "7": {
        "imbalance_base_mean": 0.9082262210796914,
        "imbalance_base_std": 0.0029979187120027094,
        "balance_base_mean": 0.9776349614395887,
        "balance_base_std": 0.0006296888798928269,
        "balance_augment_mean": 0.9753213367609256,
        "balance_augment_std": 0.0009618656521269927
    },
    "8": {
        "imbalance_base_mean": 0.9007712082262211,
        "imbalance_base_std": 0.004767927247041497,
        "balance_base_mean": 0.9771208226221079,
        "balance_base_std": 0.0005141388174807026,
        "balance_augment_mean": 0.9753213367609256,
        "balance_augment_std": 0.0009618656521269927
    },
    "9": {
        "imbalance_base_mean": 0.8953727506426734,
        "imbalance_base_std": 0.0015424164524421597,
        "balance_base_mean": 0.9771208226221079,
        "balance_base_std": 0.0005141388174807026,
        "balance_augment_mean": 0.9748071979434447,
        "balance_augment_std": 0.0013108019315148588
    }
}