{
    "0": {
        "imbalance_base_mean": 0.9689214462732048,
        "imbalance_base_std": 0.0,
        "balance_base_mean": 0.9689214462732048,
        "balance_base_std": 0.0,
        "balance_augment_mean": 0.9661943060725982,
        "balance_augment_std": 0.0011652522594904399
    },
    "1": {
        "imbalance_base_mean": 0.9687564667356451,
        "imbalance_base_std": 0.0020390013905618614,
        "balance_base_mean": 0.9690778923864076,
        "balance_base_std": 0.003047027494876351,
        "balance_augment_mean": 0.9673888077028376,
        "balance_augment_std": 0.0016527433862032045
    },
    "2": {
        "imbalance_base_mean": 0.9637114351441971,
        "imbalance_base_std": 0.0024625215842829173,
        "balance_base_mean": 0.9673189402909186,
        "balance_base_std": 0.00283638154120416,
        "balance_augment_mean": 0.9663214185395755,
        "balance_augment_std": 0.0008036972539752671
    },
    "3": {
        "imbalance_base_mean": 0.9603583327111045,
        "imbalance_base_std": 0.003096102445949699,
        "balance_base_mean": 0.9674670307594392,
        "balance_base_std": 0.0024628174052894625,
        "balance_augment_mean": 0.9669836478255768,
        "balance_augment_std": 0.0009612374523543251
    },
    "4": {
        "imbalance_base_mean": 0.9570946534540813,
        "imbalance_base_std": 0.0022751990980515503,
        "balance_base_mean": 0.966923558295733,
        "balance_base_std": 0.0022850849120005165,
        "balance_augment_mean": 0.9672602729984675,
        "balance_augment_std": 0.0014024789811888222
    },
    "5": {
        "imbalance_base_mean": 0.9539301752552027,
        "imbalance_base_std": 0.001487127451986788,
        "balance_base_mean": 0.9661230164232864,
        "balance_base_std": 0.0016308605006818168,
        "balance_augment_mean": 0.9667363562989116,
        "balance_augment_std": 0.0022072777679644317
    },
    "6": {
        "imbalance_base_mean": 0.952347225037067,
        "imbalance_base_std": 0.0015052617078703905,
        "balance_base_mean": 0.9663800858320266,
        "balance_base_std": 0.0015993953097827745,
        "balance_augment_mean": 0.9667559120630621,
        "balance_augment_std": 0.0021916822429913036
    },
    "7": {
        "imbalance_base_mean": 0.9494104826007035,
        "imbalance_base_std": 0.0014934044577280805,
        "balance_base_mean": 0.9651548283181688,
        "balance_base_std": 0.0009835303738603748,
        "balance_augment_mean": 0.9664890647722464,
        "balance_augment_std": 0.001725676866482557
    },
    "8": {
        "imbalance_base_mean": 0.9467894768655309,
        "imbalance_base_std": 0.0028055531077592327,
        "balance_base_mean": 0.9641265506832074,
        "balance_base_std": 0.0006882005723556113,
        "balance_augment_mean": 0.9657178565460255,
        "balance_augment_std": 0.0014228615957697713
    },
    "9": {
        "imbalance_base_mean": 0.9440902480737572,
        "imbalance_base_std": 0.000649916972186324,
        "balance_base_mean": 0.9646700231469136,
        "balance_base_std": 0.0003233212612932503,
        "balance_augment_mean": 0.9655893218416554,
        "balance_augment_std": 0.0013600167842584654
    }
}