{
    "0": {
        "imbalance_base_mean": 0.9579318179393914,
        "imbalance_base_std": 0.00229549521362784,
        "balance_base_mean": 0.9579318179393914,
        "balance_base_std": 0.00229549521362784,
        "balance_augment_mean": 0.955910107485591,
        "balance_augment_std": 0.0011664217222228828
    },
    "1": {
        "imbalance_base_mean": 0.965374030656327,
        "imbalance_base_std": 0.002883491690066797,
        "balance_base_mean": 0.9629850273958477,
        "balance_base_std": 0.0017643020561901094,
        "balance_augment_mean": 0.9564478909997263,
        "balance_augment_std": 0.003273900264505106
    },
    "2": {
        "imbalance_base_mean": 0.9621284849260615,
        "imbalance_base_std": 0.0020931841792031745,
        "balance_base_mean": 0.9648892254850718,
        "balance_base_std": 0.003314941767085079,
        "balance_augment_mean": 0.9568893179305024,
        "balance_augment_std": 0.003930145906609861
    },
    "3": {
        "imbalance_base_mean": 0.9638566811379322,
        "imbalance_base_std": 0.0025612421798060277,
        "balance_base_mean": 0.9649758041863559,
        "balance_base_std": 0.003265855456087538,
        "balance_augment_mean": 0.9543074237236308,
        "balance_augment_std": 0.0032622290494876537
    },
    "4": {
        "imbalance_base_mean": 0.960246509296099,
        "imbalance_base_std": 0.0024799516703283096,
        "balance_base_mean": 0.9627697362105196,
        "balance_base_std": 0.0024961287821941877,
        "balance_augment_mean": 0.9529424313859348,
        "balance_augment_std": 0.0023280816409681445
    },
    "5": {
        "imbalance_base_mean": 0.9555899262925471,
        "imbalance_base_std": 0.0046153302200430965,
        "balance_base_mean": 0.9622653752751141,
        "balance_base_std": 0.0017628467001737148,
        "balance_augment_mean": 0.9506972518817978,
        "balance_augment_std": 0.002032923593819301
    },
    "6": {
        "imbalance_base_mean": 0.9515550388093029,
        "imbalance_base_std": 0.005508718658989653,
        "balance_base_mean": 0.9573014112150531,
        "balance_base_std": 0.003374767189665062,
        "balance_augment_mean": 0.9469697454550626,
        "balance_augment_std": 0.0014086629799006797
    },
    "7": {
        "imbalance_base_mean": 0.945375595117459,
        "imbalance_base_std": 0.004043770479991671,
        "balance_base_mean": 0.9529312312664668,
        "balance_base_std": 0.0029215810664188387,
        "balance_augment_mean": 0.9437661557278834,
        "balance_augment_std": 0.0014074721025292075
    },
    "8": {
        "imbalance_base_mean": 0.9401252280024321,
        "imbalance_base_std": 0.005024022311656909,
        "balance_base_mean": 0.9489564333130666,
        "balance_base_std": 0.00401997809600006,
        "balance_augment_mean": 0.9435873093757445,
        "balance_augment_std": 0.002831326791987278
    },
    "9": {
        "imbalance_base_mean": 0.9395607775371826,
        "imbalance_base_std": 0.0033680653960054593,
        "balance_base_mean": 0.9442299828975955,
        "balance_base_std": 0.002339529824412105,
        "balance_augment_mean": 0.9402942964724957,
        "balance_augment_std": 0.002831053669076812
    }
}