{
    "0": {
        "imbalance_base_mean": 0.9575071022979801,
        "imbalance_base_std": 0.0,
        "balance_base_mean": 0.9575071022979801,
        "balance_base_std": 0.0,
        "balance_augment_mean": 0.9621119514163705,
        "balance_augment_std": 0.0016237879640642874
    },
    "1": {
        "imbalance_base_mean": 0.9610262509466768,
        "imbalance_base_std": 0.004546260752699992,
        "balance_base_mean": 0.9601293524908708,
        "balance_base_std": 0.0027291669354456128,
        "balance_augment_mean": 0.960853093544109,
        "balance_augment_std": 0.0018392037550620112
    },
    "2": {
        "imbalance_base_mean": 0.9611407410567935,
        "imbalance_base_std": 0.0015889481830259613,
        "balance_base_mean": 0.9615501676462326,
        "balance_base_std": 0.0012538800035777455,
        "balance_augment_mean": 0.9628564926914776,
        "balance_augment_std": 0.0028246702419298855
    },
    "3": {
        "imbalance_base_mean": 0.9601110411844394,
        "imbalance_base_std": 0.0027224797933664384,
        "balance_base_mean": 0.9619944390517942,
        "balance_base_std": 0.0022748102039405337,
        "balance_augment_mean": 0.9620056391712624,
        "balance_augment_std": 0.0013811086507317027
    },
    "4": {
        "imbalance_base_mean": 0.9576381259177875,
        "imbalance_base_std": 0.004003777086226173,
        "balance_base_mean": 0.9624568439841136,
        "balance_base_std": 0.0027808970135186147,
        "balance_augment_mean": 0.9625281336334254,
        "balance_augment_std": 0.0023422088904798007
    },
    "5": {
        "imbalance_base_mean": 0.9573111890971282,
        "imbalance_base_std": 0.0032526822781355712,
        "balance_base_mean": 0.9617163916415109,
        "balance_base_std": 0.00480812484580732,
        "balance_augment_mean": 0.9623003978709107,
        "balance_augment_std": 0.0030497989666094776
    },
    "6": {
        "imbalance_base_mean": 0.9537317731389134,
        "imbalance_base_std": 0.004431517306023264,
        "balance_base_mean": 0.962012572578552,
        "balance_base_std": 0.004425128170369005,
        "balance_augment_mean": 0.9635256553847686,
        "balance_augment_std": 0.001561625137376537
    },
    "7": {
        "imbalance_base_mean": 0.950162135062774,
        "imbalance_base_std": 0.002699322469018184,
        "balance_base_mean": 0.9611030517658856,
        "balance_base_std": 0.0013462261318335628,
        "balance_augment_mean": 0.962497377749807,
        "balance_augment_std": 0.0030752252793660524
    },
    "8": {
        "imbalance_base_mean": 0.9496382183632182,
        "imbalance_base_std": 0.001426138262604435,
        "balance_base_mean": 0.959708725781964,
        "balance_base_std": 0.0019317912252876678,
        "balance_augment_mean": 0.9617261695235859,
        "balance_augment_std": 0.0013253929101264689
    },
    "9": {
        "imbalance_base_mean": 0.9478485103841108,
        "imbalance_base_std": 0.0018671075635811136,
        "balance_base_mean": 0.9593720110792292,
        "balance_base_std": 0.002839148464162163,
        "balance_augment_mean": 0.961607412701291,
        "balance_augment_std": 0.0024732991949341816
    }
}