{
    "0": {
        "imbalance_base_mean": 0.9432918395573997,
        "imbalance_base_std": 0.0,
        "balance_base_mean": 0.9432918395573997,
        "balance_base_std": 0.0,
        "balance_augment_mean": 0.9468879668049792,
        "balance_augment_std": 0.009323540551232494
    },
    "1": {
        "imbalance_base_mean": 0.9519280205655527,
        "imbalance_base_std": 0.008471597456701348,
        "balance_base_mean": 0.9532133676092546,
        "balance_base_std": 0.0074771411682514055,
        "balance_augment_mean": 0.9475578406169666,
        "balance_augment_std": 0.006772205589881478
    },
    "2": {
        "imbalance_base_mean": 0.9416452442159382,
        "imbalance_base_std": 0.006169665809768625,
        "balance_base_mean": 0.9419023136246787,
        "balance_base_std": 0.00605069526783541,
        "balance_augment_mean": 0.9421593830334191,
        "balance_augment_std": 0.005330704718079105
    },
    "3": {
        "imbalance_base_mean": 0.9359897172236504,
        "imbalance_base_std": 0.006369928891189648,
        "balance_base_mean": 0.9377892030848327,
        "balance_base_std": 0.005243207726059429,
        "balance_augment_mean": 0.938560411311054,
        "balance_augment_std": 0.007334366384414947
    },
    "4": {
        "imbalance_base_mean": 0.9282776349614397,
        "imbalance_base_std": 0.007512410897790474,
        "balance_base_mean": 0.9290488431876607,
        "balance_base_std": 0.004767927247041464,
        "balance_augment_mean": 0.9305912596401027,
        "balance_augment_std": 0.0050112053186678685
    },
    "5": {
        "imbalance_base_mean": 0.9259640102827763,
        "imbalance_base_std": 0.0047121600976409725,
        "balance_base_mean": 0.9300771208226222,
        "balance_base_std": 0.003864600611406944,
        "balance_augment_mean": 0.9336760925449872,
        "balance_augment_std": 0.0026466915529529326
    },
    "6": {
        "imbalance_base_mean": 0.9182519280205655,
        "imbalance_base_std": 0.007822685889307448,
        "balance_base_mean": 0.9264781491002569,
        "balance_base_std": 0.006369928891189637,
        "balance_augment_mean": 0.9280205655526992,
        "balance_augment_std": 0.005573131976524101
    },
    "7": {
        "imbalance_base_mean": 0.9102827763496144,
        "imbalance_base_std": 0.002744750193324234,
        "balance_base_mean": 0.9236503856041132,
        "balance_base_std": 0.003106181484214559,
        "balance_augment_mean": 0.9205655526992288,
        "balance_augment_std": 0.002744750193324234
    },
    "8": {
        "imbalance_base_mean": 0.9095115681233933,
        "imbalance_base_std": 0.003598971722365031,
        "balance_base_mean": 0.9192802056555269,
        "balance_base_std": 0.004097012198074341,
        "balance_augment_mean": 0.9208226221079692,
        "balance_augment_std": 0.0031061814842145465
    },
    "9": {
        "imbalance_base_mean": 0.905655526992288,
        "imbalance_base_std": 0.0033121076418316294,
        "balance_base_mean": 0.9177377892030849,
        "balance_base_std": 0.0018177552215592348,
        "balance_augment_mean": 0.9169665809768638,
        "balance_augment_std": 0.003210795886066005
    }
}