{
    "0": {
        "imbalance_base_mean": 0.9571230982019363,
        "imbalance_base_std": 1.1102230246251565e-16,
        "balance_base_mean": 0.9571230982019363,
        "balance_base_std": 1.1102230246251565e-16,
        "balance_augment_mean": 0.9526970954356846,
        "balance_augment_std": 0.003202167884589303
    },
    "1": {
        "imbalance_base_mean": 0.9632390745501285,
        "imbalance_base_std": 0.003949175191706231,
        "balance_base_mean": 0.961549100968188,
        "balance_base_std": 0.0060225563090117,
        "balance_augment_mean": 0.957399723374827,
        "balance_augment_std": 0.0032021678845892934
    },
    "2": {
        "imbalance_base_mean": 0.9467866323907455,
        "imbalance_base_std": 0.00589580716770164,
        "balance_base_mean": 0.9590594744121714,
        "balance_base_std": 0.007245256350599623,
        "balance_augment_mean": 0.9562932226832641,
        "balance_augment_std": 0.0031051098645427226
    },
    "3": {
        "imbalance_base_mean": 0.9367609254498713,
        "imbalance_base_std": 0.0067722055898814795,
        "balance_base_mean": 0.9596127247579529,
        "balance_base_std": 0.0051306326392784206,
        "balance_augment_mean": 0.9568464730290456,
        "balance_augment_std": 0.002821034309041683
    },
    "4": {
        "imbalance_base_mean": 0.9280205655526992,
        "imbalance_base_std": 0.00539233340961517,
        "balance_base_mean": 0.9587828492392807,
        "balance_base_std": 0.004578961371299285,
        "balance_augment_mean": 0.957399723374827,
        "balance_augment_std": 0.002379619714258021
    },
    "5": {
        "imbalance_base_mean": 0.9203084832904885,
        "imbalance_base_std": 0.002438774545116991,
        "balance_base_mean": 0.9579529737206085,
        "balance_base_std": 0.0022473135282533698,
        "balance_augment_mean": 0.9571230982019363,
        "balance_augment_std": 0.0031540122409381686
    },
    "6": {
        "imbalance_base_mean": 0.9146529562982005,
        "imbalance_base_std": 0.0029979187120027337,
        "balance_base_mean": 0.9579529737206085,
        "balance_base_std": 0.0022473135282533698,
        "balance_augment_mean": 0.9576763485477178,
        "balance_augment_std": 0.0027103620943659244
    },
    "7": {
        "imbalance_base_mean": 0.9082262210796914,
        "imbalance_base_std": 0.0029979187120027094,
        "balance_base_mean": 0.9560165975103734,
        "balance_base_std": 0.0013551810471829429,
        "balance_augment_mean": 0.957399723374827,
        "balance_augment_std": 0.002379619714258021
    },
    "8": {
        "imbalance_base_mean": 0.9007712082262211,
        "imbalance_base_std": 0.004767927247041497,
        "balance_base_mean": 0.9560165975103734,
        "balance_base_std": 0.0010350366215142264,
        "balance_augment_mean": 0.957399723374827,
        "balance_augment_std": 0.0022130013831259013
    },
    "9": {
        "imbalance_base_mean": 0.8953727506426734,
        "imbalance_base_std": 0.0015424164524421597,
        "balance_base_mean": 0.9568464730290456,
        "balance_base_std": 0.0005532503457814641,
        "balance_augment_mean": 0.957399723374827,
        "balance_augment_std": 0.001612988076029123
    }
}