{
    "0": {
        "imbalance_base_mean": 0.9443983402489626,
        "imbalance_base_std": 0.004140146486056906,
        "balance_base_mean": 0.9443983402489626,
        "balance_base_std": 0.004140146486056906,
        "balance_augment_mean": 0.9432918395573997,
        "balance_augment_std": 0.0019560353559793776
    },
    "1": {
        "imbalance_base_mean": 0.9539845758354757,
        "imbalance_base_std": 0.0052305886759321145,
        "balance_base_mean": 0.9544987146529562,
        "balance_base_std": 0.004918027370105134,
        "balance_augment_mean": 0.9545854711339145,
        "balance_augment_std": 0.0026675956149041077
    },
    "2": {
        "imbalance_base_mean": 0.9411311053984577,
        "imbalance_base_std": 0.007334366384414967,
        "balance_base_mean": 0.9496143958868893,
        "balance_base_std": 0.00582816660604351,
        "balance_augment_mean": 0.9488431876606684,
        "balance_augment_std": 0.006158945270288396
    },
    "3": {
        "imbalance_base_mean": 0.9393316195372752,
        "imbalance_base_std": 0.009459315934691044,
        "balance_base_mean": 0.9460154241645243,
        "balance_base_std": 0.006400976657063616,
        "balance_augment_mean": 0.944215938303342,
        "balance_augment_std": 0.005895807167701673
    },
    "4": {
        "imbalance_base_mean": 0.9287917737789202,
        "imbalance_base_std": 0.0045697657672574,
        "balance_base_mean": 0.9403598971722366,
        "balance_base_std": 0.007388230263855977,
        "balance_augment_mean": 0.9406169665809768,
        "balance_augment_std": 0.005167031167671426
    },
    "5": {
        "imbalance_base_mean": 0.9203084832904883,
        "imbalance_base_std": 0.010055325046585064,
        "balance_base_mean": 0.9370179948586118,
        "balance_base_std": 0.006897896074549449,
        "balance_augment_mean": 0.9372750642673522,
        "balance_augment_std": 0.0043322106802963275
    },
    "6": {
        "imbalance_base_mean": 0.9100257069408741,
        "imbalance_base_std": 0.010314859973130556,
        "balance_base_mean": 0.9259640102827763,
        "balance_base_std": 0.006733059564888872,
        "balance_augment_mean": 0.9280205655526992,
        "balance_augment_std": 0.0087931266717157
    },
    "7": {
        "imbalance_base_mean": 0.897943444730077,
        "imbalance_base_std": 0.009110563057413552,
        "balance_base_mean": 0.9210796915167094,
        "balance_base_std": 0.007432818660566048,
        "balance_augment_mean": 0.918508997429306,
        "balance_augment_std": 0.009218725489481308
    },
    "8": {
        "imbalance_base_mean": 0.8868894601542416,
        "imbalance_base_std": 0.010346844111824228,
        "balance_base_mean": 0.9059125964010283,
        "balance_base_std": 0.014391295632162912,
        "balance_augment_mean": 0.9043701799485862,
        "balance_augment_std": 0.012868885358132492
    },
    "9": {
        "imbalance_base_mean": 0.883547557840617,
        "imbalance_base_std": 0.007298236281017149,
        "balance_base_mean": 0.8987146529562983,
        "balance_base_std": 0.006265325247791235,
        "balance_augment_mean": 0.8946015424164525,
        "balance_augment_std": 0.004669897718402292
    }
}