{
    "0": {
        "imbalance_base_mean": 0.9443983402489626,
        "imbalance_base_std": 0.004140146486056906,
        "balance_base_mean": 0.9443983402489626,
        "balance_base_std": 0.004140146486056906,
        "balance_augment_mean": 0.9528055410368822,
        "balance_augment_std": 0.0029742052995400453
    },
    "1": {
        "imbalance_base_mean": 0.9539845758354757,
        "imbalance_base_std": 0.0052305886759321145,
        "balance_base_mean": 0.9586118251928019,
        "balance_base_std": 0.0031901474668357024,
        "balance_augment_mean": 0.9388174807197943,
        "balance_augment_std": 0.0054895003866484715
    },
    "2": {
        "imbalance_base_mean": 0.9411311053984577,
        "imbalance_base_std": 0.007334366384414967,
        "balance_base_mean": 0.9521850899742932,
        "balance_base_std": 0.006265325247791238,
        "balance_augment_mean": 0.9341902313624679,
        "balance_augment_std": 0.006421591772132029
    },
    "3": {
        "imbalance_base_mean": 0.9393316195372752,
        "imbalance_base_std": 0.009459315934691044,
        "balance_base_mean": 0.9462724935732648,
        "balance_base_std": 0.008185955438607012,
        "balance_augment_mean": 0.9246786632390747,
        "balance_augment_std": 0.007298236281017162
    },
    "4": {
        "imbalance_base_mean": 0.9287917737789202,
        "imbalance_base_std": 0.0045697657672574,
        "balance_base_mean": 0.9388174807197943,
        "balance_base_std": 0.006683804627249373,
        "balance_augment_mean": 0.9192802056555269,
        "balance_augment_std": 0.004904571729650118
    },
    "5": {
        "imbalance_base_mean": 0.9203084832904883,
        "imbalance_base_std": 0.010055325046585064,
        "balance_base_mean": 0.9375321336760924,
        "balance_base_std": 0.004347438181307925,
        "balance_augment_mean": 0.9151670951156813,
        "balance_augment_std": 0.002696166704807583
    },
    "6": {
        "imbalance_base_mean": 0.9100257069408741,
        "imbalance_base_std": 0.010314859973130556,
        "balance_base_mean": 0.9262210796915167,
        "balance_base_std": 0.007388230263855986,
        "balance_augment_mean": 0.9064267352185091,
        "balance_augment_std": 0.007771833654411788
    },
    "7": {
        "imbalance_base_mean": 0.897943444730077,
        "imbalance_base_std": 0.009110563057413552,
        "balance_base_mean": 0.9174807197943446,
        "balance_base_std": 0.005102682067166896,
        "balance_augment_mean": 0.9028277634961439,
        "balance_augment_std": 0.0043474381813079135
    },
    "8": {
        "imbalance_base_mean": 0.8868894601542416,
        "imbalance_base_std": 0.010346844111824228,
        "balance_base_mean": 0.909254498714653,
        "balance_base_std": 0.007948393230714801,
        "balance_augment_mean": 0.8966580976863753,
        "balance_augment_std": 0.008853046456412631
    },
    "9": {
        "imbalance_base_mean": 0.883547557840617,
        "imbalance_base_std": 0.007298236281017149,
        "balance_base_mean": 0.8989717223650386,
        "balance_base_std": 0.004984760778834278,
        "balance_augment_mean": 0.8889460154241645,
        "balance_augment_std": 0.005725207571033441
    }
}