{
    "0": {
        "imbalance_base_mean": 0.9714652956298201,
        "imbalance_base_std": 0.0024923803894171376,
        "balance_base_mean": 0.9714652956298201,
        "balance_base_std": 0.0024923803894171376,
        "balance_augment_mean": 0.9632390745501287,
        "balance_augment_std": 0.0017435295586440678
    },
    "1": {
        "imbalance_base_mean": 0.9539845758354757,
        "imbalance_base_std": 0.0052305886759321145,
        "balance_base_mean": 0.9550128534704371,
        "balance_base_std": 0.005268355149593611,
        "balance_augment_mean": 0.9514138817480721,
        "balance_augment_std": 0.005771193912761876
    },
    "2": {
        "imbalance_base_mean": 0.9411311053984577,
        "imbalance_base_std": 0.007334366384414967,
        "balance_base_mean": 0.948586118251928,
        "balance_base_std": 0.0056321085604644225,
        "balance_augment_mean": 0.9467866323907455,
        "balance_augment_std": 0.004270757770137839
    },
    "3": {
        "imbalance_base_mean": 0.9393316195372752,
        "imbalance_base_std": 0.009459315934691044,
        "balance_base_mean": 0.9462724935732647,
        "balance_base_std": 0.006574144911333888,
        "balance_augment_mean": 0.9429305912596402,
        "balance_augment_std": 0.0061696658097686406
    },
    "4": {
        "imbalance_base_mean": 0.9287917737789202,
        "imbalance_base_std": 0.0045697657672574,
        "balance_base_mean": 0.9431876606683804,
        "balance_base_std": 0.005037511039142789,
        "balance_augment_mean": 0.9357326478149102,
        "balance_augment_std": 0.009788911447125851
    },
    "5": {
        "imbalance_base_mean": 0.9203084832904883,
        "imbalance_base_std": 0.010055325046585064,
        "balance_base_mean": 0.9380462724935734,
        "balance_base_std": 0.003760601243786051,
        "balance_augment_mean": 0.9344473007712082,
        "balance_augment_std": 0.009989387777750857
    },
    "6": {
        "imbalance_base_mean": 0.9100257069408741,
        "imbalance_base_std": 0.010314859973130556,
        "balance_base_mean": 0.925706940874036,
        "balance_base_std": 0.006964636084392832,
        "balance_augment_mean": 0.9280205655526992,
        "balance_augment_std": 0.009923012373068777
    },
    "7": {
        "imbalance_base_mean": 0.897943444730077,
        "imbalance_base_std": 0.009110563057413552,
        "balance_base_mean": 0.9190231362467867,
        "balance_base_std": 0.0068498265267219645,
        "balance_augment_mean": 0.9182519280205655,
        "balance_augment_std": 0.0029979187120027073
    },
    "8": {
        "imbalance_base_mean": 0.8868894601542416,
        "imbalance_base_std": 0.010346844111824228,
        "balance_base_mean": 0.9120822622107969,
        "balance_base_std": 0.010075022078285562,
        "balance_augment_mean": 0.9084832904884319,
        "balance_augment_std": 0.009389194019408577
    },
    "9": {
        "imbalance_base_mean": 0.883547557840617,
        "imbalance_base_std": 0.007298236281017149,
        "balance_base_mean": 0.903598971722365,
        "balance_base_std": 0.0043015939667561615,
        "balance_augment_mean": 0.9005141388174808,
        "balance_augment_std": 0.0043474381813079135
    }
}