{
    "0": {
        "imbalance_base_mean": 0.9717223650385606,
        "imbalance_base_std": 1.1102230246251565e-16,
        "balance_base_mean": 0.9717223650385606,
        "balance_base_std": 1.1102230246251565e-16,
        "balance_augment_mean": 0.9681233933161953,
        "balance_augment_std": 0.0027447501933242405
    },
    "1": {
        "imbalance_base_mean": 0.9519280205655527,
        "imbalance_base_std": 0.008471597456701348,
        "balance_base_mean": 0.9511568123393316,
        "balance_base_std": 0.011086816788096546,
        "balance_augment_mean": 0.9568123393316196,
        "balance_augment_std": 0.004347438181307892
    },
    "2": {
        "imbalance_base_mean": 0.9416452442159382,
        "imbalance_base_std": 0.006169665809768625,
        "balance_base_mean": 0.9478149100257068,
        "balance_base_std": 0.007864811589089141,
        "balance_augment_mean": 0.9493573264781492,
        "balance_augment_std": 0.006380294933671412
    },
    "3": {
        "imbalance_base_mean": 0.9359897172236504,
        "imbalance_base_std": 0.006369928891189648,
        "balance_base_mean": 0.9380462724935732,
        "balance_base_std": 0.004407822159249933,
        "balance_augment_mean": 0.9390745501285347,
        "balance_augment_std": 0.0044227893403818155
    },
    "4": {
        "imbalance_base_mean": 0.9282776349614397,
        "imbalance_base_std": 0.007512410897790474,
        "balance_base_mean": 0.9339331619537277,
        "balance_base_std": 0.003505959305137748,
        "balance_augment_mean": 0.9370179948586118,
        "balance_augment_std": 0.0019912510777415795
    },
    "5": {
        "imbalance_base_mean": 0.9259640102827763,
        "imbalance_base_std": 0.0047121600976409725,
        "balance_base_mean": 0.9321336760925449,
        "balance_base_std": 0.0033909783954429013,
        "balance_augment_mean": 0.9331619537275063,
        "balance_augment_std": 0.004598597383032988
    },
    "6": {
        "imbalance_base_mean": 0.9182519280205655,
        "imbalance_base_std": 0.007822685889307448,
        "balance_base_mean": 0.9269922879177377,
        "balance_base_std": 0.0024923803894171307,
        "balance_augment_mean": 0.9300771208226222,
        "balance_augment_std": 0.006431874551772136
    },
    "7": {
        "imbalance_base_mean": 0.9102827763496144,
        "imbalance_base_std": 0.002744750193324234,
        "balance_base_mean": 0.9241645244215938,
        "balance_base_std": 0.001817755221559266,
        "balance_augment_mean": 0.9269922879177377,
        "balance_augment_std": 0.0035805625391218884
    },
    "8": {
        "imbalance_base_mean": 0.9095115681233933,
        "imbalance_base_std": 0.003598971722365031,
        "balance_base_mean": 0.9244215938303342,
        "balance_base_std": 0.0012593777597857082,
        "balance_augment_mean": 0.9233933161953727,
        "balance_augment_std": 0.004781767413300353
    },
    "9": {
        "imbalance_base_mean": 0.905655526992288,
        "imbalance_base_std": 0.0033121076418316294,
        "balance_base_mean": 0.9210796915167094,
        "balance_base_std": 0.0006296888798928269,
        "balance_augment_mean": 0.922107969151671,
        "balance_augment_std": 0.0019237313042539377
    }
}