{
    "0": {
        "imbalance_base_mean": 0.9432918395573997,
        "imbalance_base_std": 0.0,
        "balance_base_mean": 0.9432918395573997,
        "balance_base_std": 0.0,
        "balance_augment_mean": 0.9499308437067773,
        "balance_augment_std": 0.005349676239505886
    },
    "1": {
        "imbalance_base_mean": 0.9519280205655527,
        "imbalance_base_std": 0.008471597456701348,
        "balance_base_mean": 0.9550466316085149,
        "balance_base_std": 0.003896634578011804,
        "balance_augment_mean": 0.9561673546740055,
        "balance_augment_std": 0.0029431452913302844
    },
    "2": {
        "imbalance_base_mean": 0.9416452442159382,
        "imbalance_base_std": 0.006169665809768625,
        "balance_base_mean": 0.9526992287917737,
        "balance_base_std": 0.006369928891189626,
        "balance_augment_mean": 0.9559490412342176,
        "balance_augment_std": 0.0043793534340409316
    },
    "3": {
        "imbalance_base_mean": 0.9359897172236504,
        "imbalance_base_std": 0.006369928891189648,
        "balance_base_mean": 0.9519280205655527,
        "balance_base_std": 0.005050612520408366,
        "balance_augment_mean": 0.9552699228791773,
        "balance_augment_std": 0.005477448779604741
    },
    "4": {
        "imbalance_base_mean": 0.9282776349614397,
        "imbalance_base_std": 0.007512410897790474,
        "balance_base_mean": 0.9470437017994857,
        "balance_base_std": 0.0056555269922879325,
        "balance_augment_mean": 0.9524421593830334,
        "balance_augment_std": 0.004064624241861661
    },
    "5": {
        "imbalance_base_mean": 0.9259640102827763,
        "imbalance_base_std": 0.0047121600976409725,
        "balance_base_mean": 0.9483290488431877,
        "balance_base_std": 0.005713653154471176,
        "balance_augment_mean": 0.9511568123393316,
        "balance_augment_std": 0.006191051197322523
    },
    "6": {
        "imbalance_base_mean": 0.9182519280205655,
        "imbalance_base_std": 0.007822685889307448,
        "balance_base_mean": 0.9478149100257068,
        "balance_base_std": 0.005895807167701694,
        "balance_augment_mean": 0.9516709511568123,
        "balance_augment_std": 0.003864600611406917
    },
    "7": {
        "imbalance_base_mean": 0.9102827763496144,
        "imbalance_base_std": 0.002744750193324234,
        "balance_base_mean": 0.9462724935732647,
        "balance_base_std": 0.0014989593560013547,
        "balance_augment_mean": 0.9496143958868893,
        "balance_augment_std": 0.00621236296842908
    },
    "8": {
        "imbalance_base_mean": 0.9095115681233933,
        "imbalance_base_std": 0.003598971722365031,
        "balance_base_mean": 0.9429305912596402,
        "balance_base_std": 0.003864600611406907,
        "balance_augment_mean": 0.9480719794344472,
        "balance_augment_std": 0.004569765767257397
    },
    "9": {
        "imbalance_base_mean": 0.905655526992288,
        "imbalance_base_std": 0.0033121076418316294,
        "balance_base_mean": 0.9408740359897172,
        "balance_base_std": 0.0026961667048076036,
        "balance_augment_mean": 0.9475578406169666,
        "balance_augment_std": 0.005293383105905929
    }
}