{
    "0": {
        "balance_augment_mean": 0.9653642527742518,
        "balance_augment_std": 0.0012593777597857082
    },
    "1": {
        "balance_augment_mean": 0.9661354610004729,
        "balance_augment_std": 0.0009618656521269451
    },
    "2": {
        "balance_augment_mean": 0.9663729746450628,
        "balance_augment_std": 0.001482766892914093
    },
    "3": {
        "balance_augment_mean": 0.9662248841765424,
        "balance_augment_std": 0.001427919170916178
    },
    "4": {
        "balance_augment_mean": 0.9664819535852827,
        "balance_augment_std": 0.0014956074310041334
    },
    "5": {
        "balance_augment_mean": 0.9676387659246142,
        "balance_augment_std": 0.0008053950988140293
    },
    "6": {
        "balance_augment_mean": 0.9673816965158739,
        "balance_augment_std": 0.0008603763731457743
    },
    "7": {
        "balance_augment_mean": 0.9672531618115038,
        "balance_augment_std": 0.0012005464682341251
    },
    "8": {
        "balance_augment_mean": 0.966976536638613,
        "balance_augment_std": 0.0010755762845277665
    },
    "9": {
        "balance_augment_mean": 0.9673621407517237,
        "balance_augment_std": 0.0012117590129993008
    },
    "10": {
        "train_all_augment": 0.9678316568710066
    }
}