{
    "0": {
        "imbalance_base_mean": 0.9557495724398837,
        "imbalance_base_std": 0.0030570723336534548,
        "balance_base_mean": 0.9557495724398837,
        "balance_base_std": 0.0030570723336534548
    },
    "1": {
        "imbalance_base_mean": 0.9607789594200116,
        "imbalance_base_std": 0.0016321896981939,
        "balance_base_mean": 0.9597325482582926,
        "balance_base_std": 0.0019883661608054875
    },
    "2": {
        "imbalance_base_mean": 0.9602507760082775,
        "imbalance_base_std": 0.0028884526582208564,
        "balance_base_mean": 0.9632378300924097,
        "balance_base_std": 0.001960784807498067
    },
    "3": {
        "imbalance_base_mean": 0.957916173328071,
        "imbalance_base_std": 0.0058340956010893156,
        "balance_base_mean": 0.9609633169420473,
        "balance_base_std": 0.004146842483608055
    },
    "4": {
        "imbalance_base_mean": 0.9501342236539412,
        "imbalance_base_std": 0.007846990220235387,
        "balance_base_mean": 0.9600817075382138,
        "balance_base_std": 0.005634430606210171
    },
    "5": {
        "imbalance_base_mean": 0.9435985094952125,
        "imbalance_base_std": 0.005682313129401247,
        "balance_base_mean": 0.9599321948323002,
        "balance_base_std": 0.004830568620078667
    },
    "6": {
        "imbalance_base_mean": 0.9403152744740388,
        "imbalance_base_std": 0.008582990906742732,
        "balance_base_mean": 0.9616324796353384,
        "balance_base_std": 0.0030806879008439198
    },
    "7": {
        "imbalance_base_mean": 0.9277985187397555,
        "imbalance_base_std": 0.006362780716657389,
        "balance_base_mean": 0.96183923739631,
        "balance_base_std": 0.0025323691244519024
    },
    "8": {
        "imbalance_base_mean": 0.9239718112548758,
        "imbalance_base_std": 0.005320058080990675,
        "balance_base_mean": 0.9615235006951185,
        "balance_base_std": 0.0027060680753405375
    },
    "9": {
        "imbalance_base_mean": 0.9196211870704399,
        "imbalance_base_std": 0.0035849705434700934,
        "balance_base_mean": 0.9614047438728235,
        "balance_base_std": 0.0008778393074981576
    }
}