{
    "0": {
        "imbalance_base_mean": 0.9689214462732048,
        "imbalance_base_std": 0.0,
        "balance_base_mean": 0.9689214462732048,
        "balance_base_std": 0.0,
        "balance_augment_mean": 0.9671331605314902,
        "balance_augment_std": 0.0017117228042447601
    },
    "1": {
        "imbalance_base_mean": 0.9701410148374915,
        "imbalance_base_std": 0.001127718566430481,
        "balance_base_mean": 0.9700041244884389,
        "balance_base_std": 0.0009784633755587132,
        "balance_augment_mean": 0.9716960536467945,
        "balance_augment_std": 0.0022265618948761386
    },
    "2": {
        "imbalance_base_mean": 0.96637155240767,
        "imbalance_base_std": 0.0009830990294297914,
        "balance_base_mean": 0.967689077572383,
        "balance_base_std": 0.0011246226960253186,
        "balance_augment_mean": 0.9700627917808902,
        "balance_augment_std": 0.0008473809934409034
    },
    "3": {
        "imbalance_base_mean": 0.964294019136204,
        "imbalance_base_std": 0.0012882251062875964,
        "balance_base_mean": 0.9682325500360893,
        "balance_base_std": 0.0014984818725585773,
        "balance_augment_mean": 0.9700725696629654,
        "balance_augment_std": 0.0012230537415540213
    },
    "4": {
        "imbalance_base_mean": 0.9612874092879213,
        "imbalance_base_std": 0.0027226219318017297,
        "balance_base_mean": 0.9664218640554388,
        "balance_base_std": 0.002457205675242538,
        "balance_augment_mean": 0.9683708626225347,
        "balance_augment_std": 0.002573061278490915
    },
    "5": {
        "imbalance_base_mean": 0.9592210761359233,
        "imbalance_base_std": 0.0022260593988464947,
        "balance_base_mean": 0.9665601766418842,
        "balance_base_std": 0.0006661835420095101,
        "balance_augment_mean": 0.9680243700377249,
        "balance_augment_std": 0.0013249749153411892
    },
    "6": {
        "imbalance_base_mean": 0.9579846185025973,
        "imbalance_base_std": 0.0027836133360647354,
        "balance_base_mean": 0.9669848922832955,
        "balance_base_std": 0.0015927069169243376,
        "balance_augment_mean": 0.9675297869843945,
        "balance_augment_std": 0.0016422312690286861
    },
    "7": {
        "imbalance_base_mean": 0.9532777238512766,
        "imbalance_base_std": 0.0022096076135740494,
        "balance_base_mean": 0.9672712953382614,
        "balance_base_std": 0.001106894655908451,
        "balance_augment_mean": 0.9670254260489889,
        "balance_augment_std": 0.0005341481948672119
    },
    "8": {
        "imbalance_base_mean": 0.9485610513178807,
        "imbalance_base_std": 0.002530715884655193,
        "balance_base_mean": 0.9666677333447111,
        "balance_base_std": 0.00081609054061041,
        "balance_augment_mean": 0.9672224059278853,
        "balance_augment_std": 0.0006217630546142093
    },
    "9": {
        "imbalance_base_mean": 0.9449718574775909,
        "imbalance_base_std": 0.0030479405622132628,
        "balance_base_mean": 0.9664204418180461,
        "balance_base_std": 0.0006125554945282413,
        "balance_augment_mean": 0.9663422187614445,
        "balance_augment_std": 0.0007412682496575932
    }
}