{
    "0": {
        "balance_augment_mean": 0.9648780253656039,
        "balance_augment_std": 0.0008690966975258473
    },
    "1": {
        "balance_augment_mean": 0.9642954413735968,
        "balance_augment_std": 0.0009559253578122304
    },
    "2": {
        "balance_augment_mean": 0.9659859482945595,
        "balance_augment_std": 0.0007747004234392958
    },
    "3": {
        "balance_augment_mean": 0.9643555309034406,
        "balance_augment_std": 0.0008034902977517471
    },
    "4": {
        "balance_augment_mean": 0.966312885115219,
        "balance_augment_std": 0.0015604937967329724
    },
    "5": {
        "balance_augment_mean": 0.9653838085384022,
        "balance_augment_std": 0.0007522511998247225
    },
    "6": {
        "balance_augment_mean": 0.9673313848681053,
        "balance_augment_std": 0.0011340632715168683
    },
    "7": {
        "balance_augment_mean": 0.9675088089828513,
        "balance_augment_std": 0.0006736956938060148
    },
    "8": {
        "balance_augment_mean": 0.9669751144012203,
        "balance_augment_std": 0.0006294707560227705
    },
    "9": {
        "balance_augment_mean": 0.9681221488584768,
        "balance_augment_std": 0.0025202821489364305
    },
    "10": {
        "train_all_augment": 0.9766753067588276
    }
}