{
    "0": {
        "imbalance_base_mean": 0.9579318179393914,
        "imbalance_base_std": 0.00229549521362784,
        "balance_base_mean": 0.9579318179393914,
        "balance_base_std": 0.00229549521362784,
        "balance_augment_mean": 0.9567609610058063,
        "balance_augment_std": 0.002321011561638279
    },
    "1": {
        "imbalance_base_mean": 0.9648222025479383,
        "imbalance_base_std": 0.00287571339720711,
        "balance_base_mean": 0.966512709468901,
        "balance_base_std": 0.0025060881494743097,
        "balance_augment_mean": 0.9636458344444563,
        "balance_augment_std": 0.0038355428459047806
    },
    "2": {
        "imbalance_base_mean": 0.9650847831265755,
        "imbalance_base_std": 0.002510253430108813,
        "balance_base_mean": 0.9659551924109412,
        "balance_base_std": 0.0030015525925192847,
        "balance_augment_mean": 0.9635130330279079,
        "balance_augment_std": 0.0023017779563012193
    },
    "3": {
        "imbalance_base_mean": 0.9646684231298467,
        "imbalance_base_std": 0.002700713785563474,
        "balance_base_mean": 0.9660529712316933,
        "balance_base_std": 0.0029154022571046,
        "balance_augment_mean": 0.962632845861467,
        "balance_augment_std": 0.0037222245223794284
    },
    "4": {
        "imbalance_base_mean": 0.960890605055343,
        "imbalance_base_std": 0.004705984714981375,
        "balance_base_mean": 0.9627012910359932,
        "balance_base_std": 0.0025280432557875173,
        "balance_augment_mean": 0.9616632355189566,
        "balance_augment_std": 0.004597241252999762
    },
    "5": {
        "imbalance_base_mean": 0.9616115016337952,
        "imbalance_base_std": 0.0030316795814751656,
        "balance_base_mean": 0.961149096701476,
        "balance_base_std": 0.004436020093293751,
        "balance_augment_mean": 0.9606642915302206,
        "balance_augment_std": 0.005655019929765846
    },
    "6": {
        "imbalance_base_mean": 0.9578644394429097,
        "imbalance_base_std": 0.0021515451143974125,
        "balance_base_mean": 0.9623841320974089,
        "balance_base_std": 0.0023638625033291175,
        "balance_augment_mean": 0.9596360138952594,
        "balance_augment_std": 0.004199134940311134
    },
    "7": {
        "imbalance_base_mean": 0.9561348209936462,
        "imbalance_base_std": 0.0026882682526620945,
        "balance_base_mean": 0.960080285300821,
        "balance_base_std": 0.004092545068612038,
        "balance_augment_mean": 0.9586370699065234,
        "balance_augment_std": 0.002337984975339245
    },
    "8": {
        "imbalance_base_mean": 0.9493322595441018,
        "imbalance_base_std": 0.003563873910615137,
        "balance_base_mean": 0.9581815983814937,
        "balance_base_std": 0.001297398181103267,
        "balance_augment_mean": 0.957015008160087,
        "balance_augment_std": 0.0015656835563796561
    },
    "9": {
        "imbalance_base_mean": 0.9419471141025504,
        "imbalance_base_std": 0.0062370631189529605,
        "balance_base_mean": 0.9572315438031339,
        "balance_base_std": 0.0024469613329263576,
        "balance_augment_mean": 0.9552546338272053,
        "balance_augment_std": 0.002601190213603001
    }
}