{
    "0": {
        "imbalance_base_mean": 0.9270833333333334,
        "imbalance_base_std": 0.0,
        "balance_base_mean": 0.9270833333333334,
        "balance_base_std": 0.0,
        "balance_augment_mean": 0.9557831482829539,
        "balance_augment_std": 0.0013693746305996949
    },
    "1": {
        "imbalance_base_mean": 0.9451470950270803,
        "imbalance_base_std": 0.011479944459541142,
        "balance_base_mean": 0.9542097488921714,
        "balance_base_std": 0.011249295577346961,
        "balance_augment_mean": 0.9465288035450516,
        "balance_augment_std": 0.007554925762212368
    },
    "2": {
        "imbalance_base_mean": 0.9268956179222059,
        "imbalance_base_std": 0.009324510917890275,
        "balance_base_mean": 0.9447562776957165,
        "balance_base_std": 0.01131119038054749,
        "balance_augment_mean": 0.9311669128508123,
        "balance_augment_std": 0.007849530431661115
    },
    "3": {
        "imbalance_base_mean": 0.9335333579517477,
        "imbalance_base_std": 0.009674639532520433,
        "balance_base_mean": 0.9394387001477105,
        "balance_base_std": 0.01014804374435314,
        "balance_augment_mean": 0.9261447562776958,
        "balance_augment_std": 0.01031861104671963
    },
    "4": {
        "imbalance_base_mean": 0.9187776957163958,
        "imbalance_base_std": 0.014479224704214824,
        "balance_base_mean": 0.9341211225997046,
        "balance_base_std": 0.010343953559829611,
        "balance_augment_mean": 0.9237813884785819,
        "balance_augment_std": 0.009134194879610223
    },
    "5": {
        "imbalance_base_mean": 0.9155126784835057,
        "imbalance_base_std": 0.01419038601832696,
        "balance_base_mean": 0.9296898079763662,
        "balance_base_std": 0.0075664688182367455,
        "balance_augment_mean": 0.9187592319054654,
        "balance_augment_std": 0.0061968026479772825
    },
    "6": {
        "imbalance_base_mean": 0.9039758739537174,
        "imbalance_base_std": 0.00900813238251816,
        "balance_base_mean": 0.9220088626292468,
        "balance_base_std": 0.00912463528004756,
        "balance_augment_mean": 0.9149187592319056,
        "balance_augment_std": 0.01255452251750417
    },
    "7": {
        "imbalance_base_mean": 0.9044436238306254,
        "imbalance_base_std": 0.007931309507395137,
        "balance_base_mean": 0.9119645494830133,
        "balance_base_std": 0.005333964574672912,
        "balance_augment_mean": 0.9022156573116693,
        "balance_augment_std": 0.006762495209606868
    },
    "8": {
        "imbalance_base_mean": 0.9014709502708026,
        "imbalance_base_std": 0.010913769676818175,
        "balance_base_mean": 0.899556868537666,
        "balance_base_std": 0.0018684062984746603,
        "balance_augment_mean": 0.8903988183161005,
        "balance_augment_std": 0.0076695745853749735
    },
    "9": {
        "imbalance_base_mean": 0.8949870753323486,
        "imbalance_base_std": 0.011492517273533594,
        "balance_base_mean": 0.8927621861152142,
        "balance_base_std": 0.006097420218774057,
        "balance_augment_mean": 0.8871491875923191,
        "balance_augment_std": 0.009690528488541635
    }
}