{
    "0": {
        "imbalance_base_mean": 0.9579318179393914,
        "imbalance_base_std": 0.00229549521362784,
        "balance_base_mean": 0.9579318179393914,
        "balance_base_std": 0.00229549521362784,
        "balance_augment_mean": 0.9555831706649315,
        "balance_augment_std": 0.0014189837029790662
    },
    "1": {
        "imbalance_base_mean": 0.9648222025479383,
        "imbalance_base_std": 0.00287571339720711,
        "balance_base_mean": 0.9638344586786702,
        "balance_base_std": 0.002999382963211604,
        "balance_augment_mean": 0.9580992863923882,
        "balance_augment_std": 0.006115300813235988
    },
    "2": {
        "imbalance_base_mean": 0.9650847831265755,
        "imbalance_base_std": 0.002510253430108813,
        "balance_base_mean": 0.9639293930246368,
        "balance_base_std": 0.002236660627398189,
        "balance_augment_mean": 0.9557828172389394,
        "balance_augment_std": 0.0028231912331043137
    },
    "3": {
        "imbalance_base_mean": 0.9646684231298467,
        "imbalance_base_std": 0.002700713785563474,
        "balance_base_mean": 0.9638986371410183,
        "balance_base_std": 0.0027848424485633198,
        "balance_augment_mean": 0.9587181374379103,
        "balance_augment_std": 0.002659367906243779
    },
    "4": {
        "imbalance_base_mean": 0.960890605055343,
        "imbalance_base_std": 0.004705984714981375,
        "balance_base_mean": 0.9613362986982972,
        "balance_base_std": 0.002598827361685042,
        "balance_augment_mean": 0.9532693682065941,
        "balance_augment_std": 0.004496790458824631
    },
    "5": {
        "imbalance_base_mean": 0.9616115016337952,
        "imbalance_base_std": 0.0030316795814751656,
        "balance_base_mean": 0.9596457917773344,
        "balance_base_std": 0.0045512210459437595,
        "balance_augment_mean": 0.9545840488965215,
        "balance_augment_std": 0.005545511913880597
    },
    "6": {
        "imbalance_base_mean": 0.9578644394429097,
        "imbalance_base_std": 0.0021515451143974125,
        "balance_base_mean": 0.9581424868531929,
        "balance_base_std": 0.0038147788067364676,
        "balance_augment_mean": 0.9536144385540112,
        "balance_augment_std": 0.003517704421254267
    },
    "7": {
        "imbalance_base_mean": 0.9561348209936462,
        "imbalance_base_std": 0.0026882682526620945,
        "balance_base_mean": 0.9569060292198672,
        "balance_base_std": 0.003501317644862496,
        "balance_augment_mean": 0.951419570697643,
        "balance_augment_std": 0.0052658799699204705
    },
    "8": {
        "imbalance_base_mean": 0.9493322595441018,
        "imbalance_base_std": 0.003563873910615137,
        "balance_base_mean": 0.9529312312664668,
        "balance_base_std": 0.003486655895857213,
        "balance_augment_mean": 0.9474545506263178,
        "balance_augment_std": 0.005343574504253709
    },
    "9": {
        "imbalance_base_mean": 0.9419471141025504,
        "imbalance_base_std": 0.0062370631189529605,
        "balance_base_mean": 0.9517744189271353,
        "balance_base_std": 0.003932809001226462,
        "balance_augment_mean": 0.9453574615907016,
        "balance_augment_std": 0.00537561556395821
    }
}