{
    "0": {
        "balance_augment_mean": 0.9631260066774046,
        "balance_augment_std": 0.0020366378010981266
    },
    "1": {
        "balance_augment_mean": 0.9625336448033224,
        "balance_augment_std": 0.002920524174732171
    },
    "2": {
        "balance_augment_mean": 0.9635814782024342,
        "balance_augment_std": 0.001057771222985428
    },
    "3": {
        "balance_augment_mean": 0.9644812211330255,
        "balance_augment_std": 0.0014782569011122756
    },
    "4": {
        "balance_augment_mean": 0.963571700320359,
        "balance_augment_std": 0.0026345085026969793
    },
    "5": {
        "balance_augment_mean": 0.9635130330279079,
        "balance_augment_std": 0.0013775915800227085
    },
    "6": {
        "balance_augment_mean": 0.9642744633720538,
        "balance_augment_std": 0.0013895613926718866
    },
    "7": {
        "balance_augment_mean": 0.9642646854899786,
        "balance_augment_std": 0.002472664713703551
    },
    "8": {
        "balance_augment_mean": 0.9639196151425615,
        "balance_augment_std": 0.002322900747256466
    },
    "9": {
        "balance_augment_mean": 0.9640579277290069,
        "balance_augment_std": 0.0014539615408320136
    },
    "10": {
        "train_all_augment": 0.9766753067588276
    }
}