{
    "0": {
        "imbalance_base_mean": 0.9656102998431983,
        "imbalance_base_std": 0.0,
        "balance_base_mean": 0.9656102998431983,
        "balance_base_std": 0.0
    },
    "1": {
        "imbalance_base_mean": 0.9688067783834139,
        "imbalance_base_std": 0.0016208498628058955,
        "balance_base_mean": 0.9688473121491075,
        "balance_base_std": 0.001165997860424166
    },
    "2": {
        "imbalance_base_mean": 0.9641082393767755,
        "imbalance_base_std": 0.003280862227892277,
        "balance_base_mean": 0.9682032163898636,
        "balance_base_std": 0.0008214654148965623
    },
    "3": {
        "imbalance_base_mean": 0.9615263451699041,
        "imbalance_base_std": 0.0039048173525040816,
        "balance_base_mean": 0.9670855155788327,
        "balance_base_std": 0.0016743186073430846
    },
    "4": {
        "imbalance_base_mean": 0.9562256664071083,
        "imbalance_base_std": 0.0025027421065581213,
        "balance_base_mean": 0.965383808538402,
        "balance_base_std": 0.0009208852237923275
    },
    "5": {
        "imbalance_base_mean": 0.9514489043438685,
        "imbalance_base_std": 0.006764936356547368,
        "balance_base_mean": 0.9647802465448521,
        "balance_base_std": 0.0016387380310763048
    },
    "6": {
        "imbalance_base_mean": 0.94480421124492,
        "imbalance_base_std": 0.006357971088858513,
        "balance_base_mean": 0.9644533097241925,
        "balance_base_std": 0.0008369975052661291
    },
    "7": {
        "imbalance_base_mean": 0.940206295533819,
        "imbalance_base_std": 0.007836432638245912,
        "balance_base_mean": 0.9634445878533817,
        "balance_base_std": 0.000906917632965741
    },
    "8": {
        "imbalance_base_mean": 0.9371507962751604,
        "imbalance_base_std": 0.006085517765237251,
        "balance_base_mean": 0.9639978381991631,
        "balance_base_std": 0.0012956784624423272
    },
    "9": {
        "imbalance_base_mean": 0.9293590687189554,
        "imbalance_base_std": 0.000758311150644768,
        "balance_base_mean": 0.9632364078550172,
        "balance_base_std": 0.0006279943622425481
    }
}