{
    "0": {
        "balance_augment_mean": 0.9498059508408797,
        "balance_augment_std": 0.0026385611972019525
    },
    "1": {
        "balance_augment_mean": 0.9498059508408797,
        "balance_augment_std": 0.0017162353378294664
    },
    "2": {
        "balance_augment_mean": 0.9534282018111255,
        "balance_augment_std": 0.002164708994913509
    },
    "3": {
        "balance_augment_mean": 0.9516170763260027,
        "balance_augment_std": 0.002663811161963011
    },
    "4": {
        "balance_augment_mean": 0.9542043984476068,
        "balance_augment_std": 0.0022555751324919216
    },
    "5": {
        "balance_augment_mean": 0.9544631306597671,
        "balance_augment_std": 0.0023713198938969298
    },
    "6": {
        "balance_augment_mean": 0.9560155239327296,
        "balance_augment_std": 0.0011570856287191822
    },
    "7": {
        "balance_augment_mean": 0.9552393272962483,
        "balance_augment_std": 0.0017548072401358877
    },
    "8": {
        "balance_augment_mean": 0.9554980595084087,
        "balance_augment_std": 0.002663811161962998
    },
    "9": {
        "balance_augment_mean": 0.9575679172056921,
        "balance_augment_std": 0.003603722710785047
    },
    "10": {
        "train_all_augment": 0.9741267787839586
    }
}