{
    "0": {
        "balance_augment_mean": 0.9513583441138422,
        "balance_augment_std": 0.0010349288486416696
    },
    "1": {
        "balance_augment_mean": 0.9523932729624839,
        "balance_augment_std": 0.0009680872928263884
    },
    "2": {
        "balance_augment_mean": 0.9534282018111255,
        "balance_augment_std": 0.0011570856287191325
    },
    "3": {
        "balance_augment_mean": 0.9534282018111255,
        "balance_augment_std": 0.0011570856287191325
    },
    "4": {
        "balance_augment_mean": 0.9547218628719275,
        "balance_augment_std": 0.00141713468953469
    },
    "5": {
        "balance_augment_mean": 0.9547218628719275,
        "balance_augment_std": 0.001636366188961632
    },
    "6": {
        "balance_augment_mean": 0.954980595084088,
        "balance_augment_std": 0.0012675237996290598
    },
    "7": {
        "balance_augment_mean": 0.9552393272962483,
        "balance_augment_std": 0.0013192805986009663
    },
    "8": {
        "balance_augment_mean": 0.9565329883570504,
        "balance_augment_std": 0.0006337618998145436
    },
    "9": {
        "balance_augment_mean": 0.9573091849935317,
        "balance_augment_std": 0.0014171346895347308
    },
    "10": {
        "train_all_augment": 0.9702457956015524
    }
}