{
    "0": {
        "imbalance_base_mean": 0.9780077619663649,
        "imbalance_base_std": 0.0,
        "balance_base_mean": 0.9780077619663649,
        "balance_base_std": 0.0,
        "balance_augment_mean": 0.9733505821474774,
        "balance_augment_std": 0.0017548072401358877
    },
    "1": {
        "imbalance_base_mean": 0.9632600258732211,
        "imbalance_base_std": 0.003126273214384106,
        "balance_base_mean": 0.9692108667529109,
        "balance_base_std": 0.0012675237996290461,
        "balance_augment_mean": 0.9694695989650711,
        "balance_augment_std": 0.002255575132491937
    },
    "2": {
        "imbalance_base_mean": 0.9492884864165589,
        "imbalance_base_std": 0.0019012856994436306,
        "balance_base_mean": 0.9653298835705044,
        "balance_base_std": 0.00237131989389692,
        "balance_augment_mean": 0.9671410090556275,
        "balance_augment_std": 0.0023993838280713248
    },
    "3": {
        "imbalance_base_mean": 0.9420439844760672,
        "imbalance_base_std": 0.0038723491713054943,
        "balance_base_mean": 0.9648124191461835,
        "balance_base_std": 0.0037849259607575284,
        "balance_augment_mean": 0.9661060802069859,
        "balance_augment_std": 0.0025085018667096474
    },
    "4": {
        "imbalance_base_mean": 0.9332470892626132,
        "imbalance_base_std": 0.006263243693097133,
        "balance_base_mean": 0.9642949547218628,
        "balance_base_std": 0.0013192805986009663,
        "balance_augment_mean": 0.9648124191461835,
        "balance_augment_std": 0.0019012856994436035
    },
    "5": {
        "imbalance_base_mean": 0.9283311772315652,
        "imbalance_base_std": 0.0054024871973663785,
        "balance_base_mean": 0.9642949547218628,
        "balance_base_std": 0.0015523932729624528,
        "balance_augment_mean": 0.9645536869340233,
        "balance_augment_std": 0.001754807240135901
    },
    "6": {
        "imbalance_base_mean": 0.9247089262613194,
        "imbalance_base_std": 0.006463128588251888,
        "balance_base_mean": 0.9640362225097026,
        "balance_base_std": 0.0015086550827542566,
        "balance_augment_mean": 0.9650711513583442,
        "balance_augment_std": 0.0014171346895347308
    },
    "7": {
        "imbalance_base_mean": 0.9133247089262613,
        "imbalance_base_std": 0.004329417989827058,
        "balance_base_mean": 0.96248382923674,
        "balance_base_std": 0.00141713468953469,
        "balance_augment_mean": 0.9632600258732212,
        "balance_augment_std": 0.0015523932729624528
    },
    "8": {
        "imbalance_base_mean": 0.9021992238033635,
        "imbalance_base_std": 0.0044513972921307,
        "balance_base_mean": 0.9622250970245796,
        "balance_base_std": 0.0009680872928263529,
        "balance_augment_mean": 0.9622250970245796,
        "balance_augment_std": 0.0015086550827542566
    },
    "9": {
        "imbalance_base_mean": 0.8944372574385511,
        "imbalance_base_std": 0.006100815587348824,
        "balance_base_mean": 0.96248382923674,
        "balance_base_std": 0.0008181830944807984,
        "balance_augment_mean": 0.96248382923674,
        "balance_augment_std": 0.001636366188961632
    }
}