{
    "0": {
        "balance_augment_mean": 0.9332348596750369,
        "balance_augment_std": 0.0038968702978649486
    },
    "1": {
        "balance_augment_mean": 0.9353028064992615,
        "balance_augment_std": 0.0037832344091183545
    },
    "2": {
        "balance_augment_mean": 0.9382570162481535,
        "balance_augment_std": 0.002170891943382421
    },
    "3": {
        "balance_augment_mean": 0.9373707533234861,
        "balance_augment_std": 0.0027396214166900018
    },
    "4": {
        "balance_augment_mean": 0.9394387001477105,
        "balance_augment_std": 0.004072097120262969
    },
    "5": {
        "balance_augment_mean": 0.9406203840472674,
        "balance_augment_std": 0.004114738043481255
    },
    "6": {
        "balance_augment_mean": 0.9415066469719351,
        "balance_augment_std": 0.003919202115634168
    },
    "7": {
        "balance_augment_mean": 0.9423929098966026,
        "balance_augment_std": 0.003736812596949373
    },
    "8": {
        "balance_augment_mean": 0.9438700147710488,
        "balance_augment_std": 0.004381801174059506
    },
    "9": {
        "balance_augment_mean": 0.9443839241752829,
        "balance_augment_std": 0.004275961541909354
    },
    "10": {
        "train_all_augment": 0.9712918660287081
    }
}