{
    "0": {
        "imbalance_base_mean": 0.9579318179393914,
        "imbalance_base_std": 0.00229549521362784,
        "balance_base_mean": 0.9579318179393914,
        "balance_base_std": 0.00229549521362784,
        "balance_augment_mean": 0.9651352725540183,
        "balance_augment_std": 0.0034411272519898287
    },
    "1": {
        "imbalance_base_mean": 0.9648222025479383,
        "imbalance_base_std": 0.00287571339720711,
        "balance_base_mean": 0.9654369646609563,
        "balance_base_std": 0.003983803506122197,
        "balance_augment_mean": 0.9680481925140535,
        "balance_augment_std": 0.002518465955369137
    },
    "2": {
        "imbalance_base_mean": 0.9650847831265755,
        "imbalance_base_std": 0.002510253430108813,
        "balance_base_mean": 0.9690707811994439,
        "balance_base_std": 0.0017656941729908644,
        "balance_augment_mean": 0.9683121953300835,
        "balance_augment_std": 0.0009288088141531425
    },
    "3": {
        "imbalance_base_mean": 0.9646684231298467,
        "imbalance_base_std": 0.002700713785563474,
        "balance_base_mean": 0.9693962957827106,
        "balance_base_std": 0.0007777460269901254,
        "balance_augment_mean": 0.968686599323726,
        "balance_augment_std": 0.0017754576127154437
    },
    "4": {
        "imbalance_base_mean": 0.960890605055343,
        "imbalance_base_std": 0.004705984714981375,
        "balance_base_mean": 0.9693250061333988,
        "balance_base_std": 0.0005034709698537045,
        "balance_augment_mean": 0.9695248304870807,
        "balance_augment_std": 0.0010538024809255797
    },
    "5": {
        "imbalance_base_mean": 0.9616115016337952,
        "imbalance_base_std": 0.0030316795814751656,
        "balance_base_mean": 0.9680005475613962,
        "balance_base_std": 0.0021235478079284897,
        "balance_augment_mean": 0.9688626012010795,
        "balance_augment_std": 0.001919574119046618
    },
    "6": {
        "imbalance_base_mean": 0.9578644394429097,
        "imbalance_base_std": 0.0021515451143974125,
        "balance_base_mean": 0.9689394020202882,
        "balance_base_std": 0.0005397478155032751,
        "balance_augment_mean": 0.9689506021397563,
        "balance_augment_std": 0.0018787098188893102
    },
    "7": {
        "imbalance_base_mean": 0.9561348209936462,
        "imbalance_base_std": 0.0026882682526620945,
        "balance_base_mean": 0.9684937083773338,
        "balance_base_std": 0.0013274168389987215,
        "balance_augment_mean": 0.9692174494305718,
        "balance_augment_std": 0.0011492788377695851
    },
    "8": {
        "imbalance_base_mean": 0.9493322595441018,
        "imbalance_base_std": 0.003563873910615137,
        "balance_base_mean": 0.967979569559853,
        "balance_base_std": 0.0016034707195655082,
        "balance_augment_mean": 0.9668451574594574,
        "balance_augment_std": 0.00143307095876584
    },
    "9": {
        "imbalance_base_mean": 0.9419471141025504,
        "imbalance_base_std": 0.0062370631189529605,
        "balance_base_mean": 0.9674053412125285,
        "balance_base_std": 0.001136296918742565,
        "balance_augment_mean": 0.9680396590896969,
        "balance_augment_std": 0.0017391222448600119
    }
}