{
    "0": {
        "imbalance_base_mean": 0.9270833333333334,
        "imbalance_base_std": 0.0,
        "balance_base_mean": 0.9270833333333334,
        "balance_base_std": 0.0,
        "balance_augment_mean": 0.9291666666666666,
        "balance_augment_std": 0.010206207261596567
    },
    "1": {
        "imbalance_base_mean": 0.9451470950270803,
        "imbalance_base_std": 0.011479944459541142,
        "balance_base_mean": 0.9469042343673066,
        "balance_base_std": 0.01764720955217769,
        "balance_augment_mean": 0.9473873707533235,
        "balance_augment_std": 0.010968224641855708
    },
    "2": {
        "imbalance_base_mean": 0.9268956179222059,
        "imbalance_base_std": 0.009324510917890275,
        "balance_base_mean": 0.9381831610044312,
        "balance_base_std": 0.011492396145505764,
        "balance_augment_mean": 0.9474643032988675,
        "balance_augment_std": 0.01081277597697306
    },
    "3": {
        "imbalance_base_mean": 0.9335333579517477,
        "imbalance_base_std": 0.009674639532520433,
        "balance_base_mean": 0.9508216395864106,
        "balance_base_std": 0.004746915363207771,
        "balance_augment_mean": 0.9502154111275235,
        "balance_augment_std": 0.007242438826869181
    },
    "4": {
        "imbalance_base_mean": 0.9187776957163958,
        "imbalance_base_std": 0.014479224704214824,
        "balance_base_mean": 0.9448824470704087,
        "balance_base_std": 0.004004779356599129,
        "balance_augment_mean": 0.9503077301821763,
        "balance_augment_std": 0.004120110679218516
    },
    "5": {
        "imbalance_base_mean": 0.9155126784835057,
        "imbalance_base_std": 0.01419038601832696,
        "balance_base_mean": 0.943996184145741,
        "balance_base_std": 0.004483517868691597,
        "balance_augment_mean": 0.9473381339241753,
        "balance_augment_std": 0.0025534485550653494
    },
    "6": {
        "imbalance_base_mean": 0.9039758739537174,
        "imbalance_base_std": 0.00900813238251816,
        "balance_base_mean": 0.9446793451501723,
        "balance_base_std": 0.002472044648963522,
        "balance_augment_mean": 0.9508080202407243,
        "balance_augment_std": 0.005317828528762291
    },
    "7": {
        "imbalance_base_mean": 0.9044436238306254,
        "imbalance_base_std": 0.007931309507395137,
        "balance_base_mean": 0.9471196454948302,
        "balance_base_std": 0.003783234409118402,
        "balance_augment_mean": 0.9500738552437223,
        "balance_augment_std": 0.0052348730123100195
    },
    "8": {
        "imbalance_base_mean": 0.9014709502708026,
        "imbalance_base_std": 0.010913769676818175,
        "balance_base_mean": 0.9456425406203841,
        "balance_base_std": 0.002864212618857544,
        "balance_augment_mean": 0.9494830132939439,
        "balance_augment_std": 0.002707577958614958
    },
    "9": {
        "imbalance_base_mean": 0.8949870753323486,
        "imbalance_base_std": 0.011492517273533594,
        "balance_base_mean": 0.9459379615952732,
        "balance_base_std": 0.0033160922187066293,
        "balance_augment_mean": 0.9485967503692763,
        "balance_augment_std": 0.0017225854933073596
    }
}