{
    "0": {
        "imbalance_base_mean": 0.9333512890804169,
        "imbalance_base_std": 0.0,
        "balance_base_mean": 0.9333512890804169,
        "balance_base_std": 0.0
    },
    "1": {
        "imbalance_base_mean": 0.953664927981454,
        "imbalance_base_std": 0.006444333432222132,
        "balance_base_mean": 0.9546652942075827,
        "balance_base_std": 0.0060288981893086005
    },
    "2": {
        "imbalance_base_mean": 0.9588998282648349,
        "imbalance_base_std": 0.0033691727402128803,
        "balance_base_mean": 0.9604534448367449,
        "balance_base_std": 0.004224516737384118
    },
    "3": {
        "imbalance_base_mean": 0.9589668512019683,
        "imbalance_base_std": 0.0027864185592684993,
        "balance_base_mean": 0.9646824677241002,
        "balance_base_std": 0.0018748511929209727
    },
    "4": {
        "imbalance_base_mean": 0.9517185961094696,
        "imbalance_base_std": 0.005655226063179317,
        "balance_base_mean": 0.9603807329500406,
        "balance_base_std": 0.005045337738078306
    },
    "5": {
        "imbalance_base_mean": 0.9426317436274875,
        "imbalance_base_std": 0.00545328240269758,
        "balance_base_mean": 0.9590953859063387,
        "balance_base_std": 0.001968032587214546
    },
    "6": {
        "imbalance_base_mean": 0.93699577239935,
        "imbalance_base_std": 0.01564523972852221,
        "balance_base_mean": 0.9604785117707924,
        "balance_base_std": 0.0020253517985663687
    },
    "7": {
        "imbalance_base_mean": 0.9261695235860294,
        "imbalance_base_std": 0.01732197731640242,
        "balance_base_mean": 0.9595382350745073,
        "balance_base_std": 0.003931804588604098
    },
    "8": {
        "imbalance_base_mean": 0.9222743709266232,
        "imbalance_base_std": 0.019651927245283522,
        "balance_base_mean": 0.9605958463556943,
        "balance_base_std": 0.0031322640202409886
    },
    "9": {
        "imbalance_base_mean": 0.9113586989372331,
        "imbalance_base_std": 0.004604208471242838,
        "balance_base_mean": 0.9595871244848834,
        "balance_base_std": 0.00210395390611064
    }
}