{
    "0": {
        "imbalance_base_mean": 0.9656102998431983,
        "imbalance_base_std": 0.0,
        "balance_base_mean": 0.9656102998431983,
        "balance_base_std": 0.0,
        "balance_augment_mean": 0.9664792868901714,
        "balance_augment_std": 0.0015856601167670112
    },
    "1": {
        "imbalance_base_mean": 0.9688067783834139,
        "imbalance_base_std": 0.0016208498628058955,
        "balance_base_mean": 0.9688375342670321,
        "balance_base_std": 0.0015116500834874127,
        "balance_augment_mean": 0.9682451723929499,
        "balance_augment_std": 0.0013575244040127563
    },
    "2": {
        "imbalance_base_mean": 0.9641082393767755,
        "imbalance_base_std": 0.003280862227892277,
        "balance_base_mean": 0.968569264738824,
        "balance_base_std": 0.0015603017605634896,
        "balance_augment_mean": 0.9695584308454845,
        "balance_augment_std": 0.0016754602585589643
    },
    "3": {
        "imbalance_base_mean": 0.9615263451699041,
        "imbalance_base_std": 0.0039048173525040816,
        "balance_base_mean": 0.9668983135820115,
        "balance_base_std": 0.0025716219765615296,
        "balance_augment_mean": 0.9685301532105232,
        "balance_augment_std": 0.0025711405510146063
    },
    "4": {
        "imbalance_base_mean": 0.9562256664071083,
        "imbalance_base_std": 0.0025027421065581213,
        "balance_base_mean": 0.9655724327726162,
        "balance_base_std": 0.001102068889991719,
        "balance_augment_mean": 0.9671944945190527,
        "balance_augment_std": 0.0014574181425007033
    },
    "5": {
        "imbalance_base_mean": 0.9514489043438685,
        "imbalance_base_std": 0.006764936356547368,
        "balance_base_mean": 0.9652552738340321,
        "balance_base_std": 0.0021658570602937537,
        "balance_augment_mean": 0.9673621407517237,
        "balance_augment_std": 0.0020125884367894705
    },
    "6": {
        "imbalance_base_mean": 0.94480421124492,
        "imbalance_base_std": 0.006357971088858513,
        "balance_base_mean": 0.9652943853623329,
        "balance_base_std": 0.0012300470945388442,
        "balance_augment_mean": 0.9663729746450628,
        "balance_augment_std": 0.0019070710778198354
    },
    "7": {
        "imbalance_base_mean": 0.940206295533819,
        "imbalance_base_std": 0.007836432638245912,
        "balance_base_mean": 0.9637813025561162,
        "balance_base_std": 0.001516108938136009,
        "balance_augment_mean": 0.965017760189442,
        "balance_augment_std": 0.0016973723840741017
    },
    "8": {
        "imbalance_base_mean": 0.9371507962751604,
        "imbalance_base_std": 0.006085517765237251,
        "balance_base_mean": 0.9640872613752325,
        "balance_base_std": 0.001605326300116777,
        "balance_augment_mean": 0.9648990033671471,
        "balance_augment_std": 0.0016763455687175005
    },
    "9": {
        "imbalance_base_mean": 0.9293590687189554,
        "imbalance_base_std": 0.000758311150644768,
        "balance_base_mean": 0.9642255739616779,
        "balance_base_std": 0.0015533985074661254,
        "balance_augment_mean": 0.9642954413735968,
        "balance_augment_std": 0.0016813094210958125
    }
}