{
    "0": {
        "imbalance_base_mean": 0.9569377990430622,
        "imbalance_base_std": 0.0,
        "balance_base_mean": 0.9569377990430622,
        "balance_base_std": 0.0,
        "balance_augment_mean": 0.9583333333333334,
        "balance_augment_std": 0.0
    },
    "1": {
        "imbalance_base_mean": 0.956016125061546,
        "imbalance_base_std": 0.004074975110136731,
        "balance_base_mean": 0.9583333333333334,
        "balance_base_std": 0.0,
        "balance_augment_mean": 0.9583333333333334,
        "balance_augment_std": 0.0
    },
    "2": {
        "imbalance_base_mean": 0.9448824470704087,
        "imbalance_base_std": 0.0037805801997778826,
        "balance_base_mean": 0.9602289512555391,
        "balance_base_std": 0.003639322832188176,
        "balance_augment_mean": 0.9583333333333334,
        "balance_augment_std": 0.0
    },
    "3": {
        "imbalance_base_mean": 0.9403249630723781,
        "imbalance_base_std": 0.004818170289601213,
        "balance_base_mean": 0.9580994583948794,
        "balance_base_std": 0.0004677498769079413,
        "balance_augment_mean": 0.9583333333333334,
        "balance_augment_std": 0.0
    },
    "4": {
        "imbalance_base_mean": 0.930576070901034,
        "imbalance_base_std": 0.007760074172268061,
        "balance_base_mean": 0.9608813392417528,
        "balance_base_std": 0.0025228170026774677,
        "balance_augment_mean": 0.9583333333333334,
        "balance_augment_std": 0.0
    },
    "5": {
        "imbalance_base_mean": 0.9261447562776958,
        "imbalance_base_std": 0.007053079105650422,
        "balance_base_mean": 0.9589857213195471,
        "balance_base_std": 0.0013047759724273522,
        "balance_augment_mean": 0.9583333333333334,
        "balance_augment_std": 0.0
    },
    "6": {
        "imbalance_base_mean": 0.9217134416543574,
        "imbalance_base_std": 0.008036319355235128,
        "balance_base_mean": 0.9603460715347755,
        "balance_base_std": 0.0018492149471457705,
        "balance_augment_mean": 0.9583333333333334,
        "balance_augment_std": 0.0
    },
    "7": {
        "imbalance_base_mean": 0.9093057607090103,
        "imbalance_base_std": 0.0047267355982274885,
        "balance_base_mean": 0.9600506505598861,
        "balance_base_std": 0.0014689703266987076,
        "balance_augment_mean": 0.9592811422944362,
        "balance_augment_std": 0.0018956179222057834
    },
    "8": {
        "imbalance_base_mean": 0.8968980797636632,
        "imbalance_base_std": 0.004800022691069966,
        "balance_base_mean": 0.9612998522895125,
        "balance_base_std": 0.0011053640729021925,
        "balance_augment_mean": 0.9583333333333334,
        "balance_augment_std": 0.0
    },
    "9": {
        "imbalance_base_mean": 0.8883308714918761,
        "imbalance_base_std": 0.006965923853797101,
        "balance_base_mean": 0.9615952732644019,
        "balance_base_std": 0.0009342031492373303,
        "balance_augment_mean": 0.9592811422944362,
        "balance_augment_std": 0.0018956179222057834
    }
}