{
    "0": {
        "imbalance_base_mean": 0.9569377990430622,
        "imbalance_base_std": 0.0,
        "balance_base_mean": 0.9569377990430622,
        "balance_base_std": 0.0,
        "balance_augment_mean": 0.9512061403508772,
        "balance_augment_std": 0.004060212446359143
    },
    "1": {
        "imbalance_base_mean": 0.956016125061546,
        "imbalance_base_std": 0.004074975110136731,
        "balance_base_mean": 0.9583333333333334,
        "balance_base_std": 0.0,
        "balance_augment_mean": 0.9571371610845295,
        "balance_augment_std": 0.0017786848503345744
    },
    "2": {
        "imbalance_base_mean": 0.9448824470704087,
        "imbalance_base_std": 0.0037805801997778826,
        "balance_base_mean": 0.9608216778686343,
        "balance_base_std": 0.004138322524116095,
        "balance_augment_mean": 0.957775119617225,
        "balance_augment_std": 0.0006836693859442876
    },
    "3": {
        "imbalance_base_mean": 0.9403249630723781,
        "imbalance_base_std": 0.004818170289601213,
        "balance_base_mean": 0.9620514354066986,
        "balance_base_std": 0.004608627781439219,
        "balance_augment_mean": 0.9580542264752792,
        "balance_augment_std": 0.0005582137161084688
    },
    "4": {
        "imbalance_base_mean": 0.930576070901034,
        "imbalance_base_std": 0.007760074172268061,
        "balance_base_mean": 0.9633672248803828,
        "balance_base_std": 0.004518310977660271,
        "balance_augment_mean": 0.9583333333333334,
        "balance_augment_std": 0.0
    },
    "5": {
        "imbalance_base_mean": 0.9261447562776958,
        "imbalance_base_std": 0.007053079105650422,
        "balance_base_mean": 0.9633672248803828,
        "balance_base_std": 0.004287211056578768,
        "balance_augment_mean": 0.9583333333333334,
        "balance_augment_std": 0.0
    },
    "6": {
        "imbalance_base_mean": 0.9217134416543574,
        "imbalance_base_std": 0.008036319355235128,
        "balance_base_mean": 0.9650019936204146,
        "balance_base_std": 0.0038270762130813226,
        "balance_augment_mean": 0.9593301435406698,
        "balance_augment_std": 0.001993620414673014
    },
    "7": {
        "imbalance_base_mean": 0.9093057607090103,
        "imbalance_base_std": 0.0047267355982274885,
        "balance_base_mean": 0.9656798245614034,
        "balance_base_std": 0.0018368375076575046,
        "balance_augment_mean": 0.9593301435406698,
        "balance_augment_std": 0.001993620414673014
    },
    "8": {
        "imbalance_base_mean": 0.8968980797636632,
        "imbalance_base_std": 0.004800022691069966,
        "balance_base_mean": 0.9656798245614034,
        "balance_base_std": 0.001535087719298245,
        "balance_augment_mean": 0.9583333333333334,
        "balance_augment_std": 0.0
    },
    "9": {
        "imbalance_base_mean": 0.8883308714918761,
        "imbalance_base_std": 0.006965923853797101,
        "balance_base_mean": 0.965231259968102,
        "balance_base_std": 0.001562672882158331,
        "balance_augment_mean": 0.960645933014354,
        "balance_augment_std": 0.0028768985657970157
    }
}