{
    "0": {
        "imbalance_base_mean": 0.9579318179393914,
        "imbalance_base_std": 0.00229549521362784,
        "balance_base_mean": 0.9579318179393914,
        "balance_base_std": 0.00229549521362784,
        "balance_augment_mean": 0.9557634392544632,
        "balance_augment_std": 0.002671040571349071
    },
    "1": {
        "imbalance_base_mean": 0.9648222025479383,
        "imbalance_base_std": 0.00287571339720711,
        "balance_base_mean": 0.966512709468901,
        "balance_base_std": 0.0025060881494743097,
        "balance_augment_mean": 0.9640509943217171,
        "balance_augment_std": 0.0024475756440155826
    },
    "2": {
        "imbalance_base_mean": 0.9650847831265755,
        "imbalance_base_std": 0.002510253430108813,
        "balance_base_mean": 0.9659551924109412,
        "balance_base_std": 0.0030015525925192847,
        "balance_augment_mean": 0.9649366926580549,
        "balance_augment_std": 0.0032184581033126857
    },
    "3": {
        "imbalance_base_mean": 0.9646684231298467,
        "imbalance_base_std": 0.002700713785563474,
        "balance_base_mean": 0.9660529712316933,
        "balance_base_std": 0.0029154022571046,
        "balance_augment_mean": 0.9629793384462767,
        "balance_augment_std": 0.003244246391168994
    },
    "4": {
        "imbalance_base_mean": 0.960890605055343,
        "imbalance_base_std": 0.004705984714981375,
        "balance_base_mean": 0.9627012910359932,
        "balance_base_std": 0.0025280432557875173,
        "balance_augment_mean": 0.961801548105402,
        "balance_augment_std": 0.0038704466047831533
    },
    "5": {
        "imbalance_base_mean": 0.9616115016337952,
        "imbalance_base_std": 0.0030316795814751656,
        "balance_base_mean": 0.961149096701476,
        "balance_base_std": 0.004436020093293751,
        "balance_augment_mean": 0.9597254370713287,
        "balance_augment_std": 0.003630215176463085
    },
    "6": {
        "imbalance_base_mean": 0.9578644394429097,
        "imbalance_base_std": 0.0021515451143974125,
        "balance_base_mean": 0.9623841320974089,
        "balance_base_std": 0.0023638625033291175,
        "balance_augment_mean": 0.9589835624913332,
        "balance_augment_std": 0.0035528738794699207
    },
    "7": {
        "imbalance_base_mean": 0.9561348209936462,
        "imbalance_base_std": 0.0026882682526620945,
        "balance_base_mean": 0.960080285300821,
        "balance_base_std": 0.004092545068612038,
        "balance_augment_mean": 0.9577471048580073,
        "balance_augment_std": 0.0016635246037628312
    },
    "8": {
        "imbalance_base_mean": 0.9493322595441018,
        "imbalance_base_std": 0.003563873910615137,
        "balance_base_mean": 0.9581815983814937,
        "balance_base_std": 0.001297398181103267,
        "balance_augment_mean": 0.955838640056605,
        "balance_augment_std": 0.001688968002857617
    },
    "9": {
        "imbalance_base_mean": 0.9419471141025504,
        "imbalance_base_std": 0.0062370631189529605,
        "balance_base_mean": 0.9572315438031339,
        "balance_base_std": 0.0024469613329263576,
        "balance_augment_mean": 0.9559070852311315,
        "balance_augment_std": 0.001975110576678898
    }
}