{
    "0": {
        "imbalance_base_mean": 0.9780077619663649,
        "imbalance_base_std": 0.0,
        "balance_base_mean": 0.9780077619663649,
        "balance_base_std": 0.0,
        "balance_augment_mean": 0.9774902975420439,
        "balance_augment_std": 0.0017548072401358812
    },
    "1": {
        "imbalance_base_mean": 0.9632600258732211,
        "imbalance_base_std": 0.003126273214384106,
        "balance_base_mean": 0.9694695989650711,
        "balance_base_std": 0.0019361745856527383,
        "balance_augment_mean": 0.9710219922380336,
        "balance_augment_std": 0.0019361745856527296
    },
    "2": {
        "imbalance_base_mean": 0.9492884864165589,
        "imbalance_base_std": 0.0019012856994436306,
        "balance_base_mean": 0.9640362225097026,
        "balance_base_std": 0.0042827801700509455,
        "balance_augment_mean": 0.9658473479948254,
        "balance_augment_std": 0.0033335313652587263
    },
    "3": {
        "imbalance_base_mean": 0.9420439844760672,
        "imbalance_base_std": 0.0038723491713054943,
        "balance_base_mean": 0.9635187580853817,
        "balance_base_std": 0.0032107823146159966,
        "balance_augment_mean": 0.9658473479948254,
        "balance_augment_std": 0.002663811161963009
    },
    "4": {
        "imbalance_base_mean": 0.9332470892626132,
        "imbalance_base_std": 0.006263243693097133,
        "balance_base_mean": 0.9604139715394566,
        "balance_base_std": 0.0038895980280395683,
        "balance_augment_mean": 0.9611901681759379,
        "balance_augment_std": 0.002950001099868404
    },
    "5": {
        "imbalance_base_mean": 0.9283311772315652,
        "imbalance_base_std": 0.0054024871973663785,
        "balance_base_mean": 0.9588615782664942,
        "balance_base_std": 0.0019012856994436306,
        "balance_augment_mean": 0.9591203104786545,
        "balance_augment_std": 0.0023993838280713655
    },
    "6": {
        "imbalance_base_mean": 0.9247089262613194,
        "imbalance_base_std": 0.006463128588251888,
        "balance_base_mean": 0.9575679172056921,
        "balance_base_std": 0.002762504075557944,
        "balance_augment_mean": 0.9588615782664942,
        "balance_augment_std": 0.0020698576972833396
    },
    "7": {
        "imbalance_base_mean": 0.9133247089262613,
        "imbalance_base_std": 0.004329417989827058,
        "balance_base_mean": 0.95627425614489,
        "balance_base_std": 0.0009680872928263884,
        "balance_augment_mean": 0.9575679172056921,
        "balance_augment_std": 0.0019012856994436308
    },
    "8": {
        "imbalance_base_mean": 0.9021992238033635,
        "imbalance_base_std": 0.0044513972921307,
        "balance_base_mean": 0.9539456662354464,
        "balance_base_std": 0.0010349288486416197,
        "balance_augment_mean": 0.95627425614489,
        "balance_augment_std": 0.0015086550827543023
    },
    "9": {
        "imbalance_base_mean": 0.8944372574385511,
        "imbalance_base_std": 0.006100815587348824,
        "balance_base_mean": 0.9531694695989652,
        "balance_base_std": 0.0015086550827542605,
        "balance_augment_mean": 0.9544631306597673,
        "balance_augment_std": 0.001716235337829423
    }
}