{
    "0": {
        "imbalance_base_mean": 0.9333512890804169,
        "imbalance_base_std": 0.0,
        "balance_base_mean": 0.9333512890804169,
        "balance_base_std": 0.0
    },
    "1": {
        "imbalance_base_mean": 0.953664927981454,
        "imbalance_base_std": 0.006444333432222132,
        "balance_base_mean": 0.9525290936436654,
        "balance_base_std": 0.0060069626637812195
    },
    "2": {
        "imbalance_base_mean": 0.9588998282648349,
        "imbalance_base_std": 0.0033691727402128803,
        "balance_base_mean": 0.9569145626442237,
        "balance_base_std": 0.0038648481995448326
    },
    "3": {
        "imbalance_base_mean": 0.9589668512019683,
        "imbalance_base_std": 0.0027864185592684993,
        "balance_base_mean": 0.9608655381212955,
        "balance_base_std": 0.004063413038531471
    },
    "4": {
        "imbalance_base_mean": 0.9517185961094696,
        "imbalance_base_std": 0.005655226063179317,
        "balance_base_mean": 0.9565540254651606,
        "balance_base_std": 0.006512417329214821
    },
    "5": {
        "imbalance_base_mean": 0.9426317436274875,
        "imbalance_base_std": 0.00545328240269758,
        "balance_base_mean": 0.9479519781544337,
        "balance_base_std": 0.0064606911240310564
    },
    "6": {
        "imbalance_base_mean": 0.93699577239935,
        "imbalance_base_std": 0.01564523972852221,
        "balance_base_mean": 0.9516585065796257,
        "balance_base_std": 0.004228056871685272
    },
    "7": {
        "imbalance_base_mean": 0.9261695235860294,
        "imbalance_base_std": 0.01732197731640242,
        "balance_base_mean": 0.9509264098817054,
        "balance_base_std": 0.005275261047455232
    },
    "8": {
        "imbalance_base_mean": 0.9222743709266232,
        "imbalance_base_std": 0.019651927245283522,
        "balance_base_mean": 0.9482467368540819,
        "balance_base_std": 0.006671920042482087
    },
    "9": {
        "imbalance_base_mean": 0.9113586989372331,
        "imbalance_base_std": 0.004604208471242838,
        "balance_base_mean": 0.9472380149832709,
        "balance_base_std": 0.00307162885888773
    }
}