{
    "0": {
        "imbalance_base_mean": 0.9408094098883572,
        "imbalance_base_std": 0.004176813191577053,
        "balance_base_mean": 0.9408094098883572,
        "balance_base_std": 0.004176813191577053,
        "balance_augment_mean": 0.9502636025574882,
        "balance_augment_std": 0.004902752289460147
    },
    "1": {
        "imbalance_base_mean": 0.9394417774495322,
        "imbalance_base_std": 0.01660321517150004,
        "balance_base_mean": 0.952594165435746,
        "balance_base_std": 0.004852603477738523,
        "balance_augment_mean": 0.9500123092072871,
        "balance_augment_std": 0.005218929699907135
    },
    "2": {
        "imbalance_base_mean": 0.9405434515017232,
        "imbalance_base_std": 0.008463331957103366,
        "balance_base_mean": 0.9444608567208272,
        "balance_base_std": 0.008068833254799216,
        "balance_augment_mean": 0.9394387001477105,
        "balance_augment_std": 0.008510995740554191
    },
    "3": {
        "imbalance_base_mean": 0.9369830132939437,
        "imbalance_base_std": 0.009773549342791347,
        "balance_base_mean": 0.9420974889217135,
        "balance_base_std": 0.011264801160967565,
        "balance_augment_mean": 0.9367799113737076,
        "balance_augment_std": 0.00977124691789734
    },
    "4": {
        "imbalance_base_mean": 0.9267355982274742,
        "imbalance_base_std": 0.013717207404719541,
        "balance_base_mean": 0.9353028064992615,
        "balance_base_std": 0.008324373886916009,
        "balance_augment_mean": 0.9329394387001477,
        "balance_augment_std": 0.01119485691078073
    },
    "5": {
        "imbalance_base_mean": 0.9243722304283603,
        "imbalance_base_std": 0.008111982403394974,
        "balance_base_mean": 0.93205317577548,
        "balance_base_std": 0.012393605295954513,
        "balance_augment_mean": 0.9296898079763662,
        "balance_augment_std": 0.011838974835754126
    },
    "6": {
        "imbalance_base_mean": 0.9158050221565732,
        "imbalance_base_std": 0.0061259797203331206,
        "balance_base_mean": 0.9329394387001477,
        "balance_base_std": 0.006512675830147297,
        "balance_augment_mean": 0.9270310192023634,
        "balance_augment_std": 0.009462698598550649
    },
    "7": {
        "imbalance_base_mean": 0.9134416543574595,
        "imbalance_base_std": 0.004240088654182348,
        "balance_base_mean": 0.926735598227474,
        "balance_base_std": 0.008842912583217583,
        "balance_augment_mean": 0.9246676514032496,
        "balance_augment_std": 0.0038518182600902136
    },
    "8": {
        "imbalance_base_mean": 0.8977843426883307,
        "imbalance_base_std": 0.005150840701377464,
        "balance_base_mean": 0.9211225997045791,
        "balance_base_std": 0.0020036425356352236,
        "balance_augment_mean": 0.9193500738552437,
        "balance_augment_std": 0.004633496939839933
    },
    "9": {
        "imbalance_base_mean": 0.8824224519940916,
        "imbalance_base_std": 0.014247746590000002,
        "balance_base_mean": 0.9166912850812408,
        "balance_base_std": 0.0056517360324103445,
        "balance_augment_mean": 0.914327917282127,
        "balance_augment_std": 0.00692823598201393
    }
}