{
    "0": {
        "imbalance_base_mean": 0.9656102998431983,
        "imbalance_base_std": 0.0,
        "balance_base_mean": 0.9656102998431983,
        "balance_base_std": 0.0
    },
    "1": {
        "imbalance_base_mean": 0.9688067783834139,
        "imbalance_base_std": 0.0016208498628058955,
        "balance_base_mean": 0.9691434930861484,
        "balance_base_std": 0.000689169367246778
    },
    "2": {
        "imbalance_base_mean": 0.9641082393767755,
        "imbalance_base_std": 0.003280862227892277,
        "balance_base_mean": 0.9672936955771974,
        "balance_base_std": 0.000802983852206042
    },
    "3": {
        "imbalance_base_mean": 0.9615263451699041,
        "imbalance_base_std": 0.0039048173525040816,
        "balance_base_mean": 0.9658700359470501,
        "balance_base_std": 0.002108459994444367
    },
    "4": {
        "imbalance_base_mean": 0.9562256664071083,
        "imbalance_base_std": 0.0025027421065581213,
        "balance_base_mean": 0.9640202384380988,
        "balance_base_std": 0.0018577327248373782
    },
    "5": {
        "imbalance_base_mean": 0.9514489043438685,
        "imbalance_base_std": 0.006764936356547368,
        "balance_base_mean": 0.9625169335139576,
        "balance_base_std": 0.0023992882281068575
    },
    "6": {
        "imbalance_base_mean": 0.94480421124492,
        "imbalance_base_std": 0.006357971088858513,
        "balance_base_mean": 0.9611421632941862,
        "balance_base_std": 0.0019196435338464522
    },
    "7": {
        "imbalance_base_mean": 0.940206295533819,
        "imbalance_base_std": 0.007836432638245912,
        "balance_base_mean": 0.9601138856592246,
        "balance_base_std": 0.0021215643829400445
    },
    "8": {
        "imbalance_base_mean": 0.9371507962751604,
        "imbalance_base_std": 0.006085517765237251,
        "balance_base_mean": 0.9598568162504844,
        "balance_base_std": 0.0010134909714730122
    },
    "9": {
        "imbalance_base_mean": 0.9293590687189554,
        "imbalance_base_std": 0.000758311150644768,
        "balance_base_mean": 0.9599057056608602,
        "balance_base_std": 0.0011025422693090093
    }
}