{
    "0": {
        "imbalance_base_mean": 0.9443983402489626,
        "imbalance_base_std": 0.004140146486056906,
        "balance_base_mean": 0.9443983402489626,
        "balance_base_std": 0.004140146486056906,
        "balance_augment_mean": 0.943015214384509,
        "balance_augment_std": 0.0023796197142579795
    },
    "1": {
        "imbalance_base_mean": 0.9539845758354757,
        "imbalance_base_std": 0.0052305886759321145,
        "balance_base_mean": 0.9544987146529562,
        "balance_base_std": 0.004918027370105134,
        "balance_augment_mean": 0.9551582772438462,
        "balance_augment_std": 0.002170373230391152
    },
    "2": {
        "imbalance_base_mean": 0.9411311053984577,
        "imbalance_base_std": 0.007334366384414967,
        "balance_base_mean": 0.9496143958868893,
        "balance_base_std": 0.00582816660604351,
        "balance_augment_mean": 0.9493573264781491,
        "balance_augment_std": 0.005895807167701661
    },
    "3": {
        "imbalance_base_mean": 0.9393316195372752,
        "imbalance_base_std": 0.009459315934691044,
        "balance_base_mean": 0.9460154241645243,
        "balance_base_std": 0.006400976657063616,
        "balance_augment_mean": 0.9444730077120822,
        "balance_augment_std": 0.00571365315447121
    },
    "4": {
        "imbalance_base_mean": 0.9287917737789202,
        "imbalance_base_std": 0.0045697657672574,
        "balance_base_mean": 0.9403598971722366,
        "balance_base_std": 0.007388230263855977,
        "balance_augment_mean": 0.9403598971722366,
        "balance_augment_std": 0.005489500386648496
    },
    "5": {
        "imbalance_base_mean": 0.9203084832904883,
        "imbalance_base_std": 0.010055325046585064,
        "balance_base_mean": 0.9370179948586118,
        "balance_base_std": 0.006897896074549449,
        "balance_augment_mean": 0.9362467866323907,
        "balance_augment_std": 0.006926577678821319
    },
    "6": {
        "imbalance_base_mean": 0.9100257069408741,
        "imbalance_base_std": 0.010314859973130556,
        "balance_base_mean": 0.9259640102827763,
        "balance_base_std": 0.006733059564888872,
        "balance_augment_mean": 0.9244215938303342,
        "balance_augment_std": 0.004255255875898917
    },
    "7": {
        "imbalance_base_mean": 0.897943444730077,
        "imbalance_base_std": 0.009110563057413552,
        "balance_base_mean": 0.9210796915167094,
        "balance_base_std": 0.007432818660566048,
        "balance_augment_mean": 0.916452442159383,
        "balance_augment_std": 0.008526027738702835
    },
    "8": {
        "imbalance_base_mean": 0.8868894601542416,
        "imbalance_base_std": 0.010346844111824228,
        "balance_base_mean": 0.9059125964010283,
        "balance_base_std": 0.014391295632162912,
        "balance_augment_mean": 0.9041131105398458,
        "balance_augment_std": 0.010302038513888874
    },
    "9": {
        "imbalance_base_mean": 0.883547557840617,
        "imbalance_base_std": 0.007298236281017149,
        "balance_base_mean": 0.8987146529562983,
        "balance_base_std": 0.006265325247791235,
        "balance_augment_mean": 0.8910025706940875,
        "balance_augment_std": 0.003487059117288051
    }
}