{
    "0": {
        "imbalance_base_mean": 0.9571230982019363,
        "imbalance_base_std": 1.1102230246251565e-16,
        "balance_base_mean": 0.9571230982019363,
        "balance_base_std": 1.1102230246251565e-16,
        "balance_augment_mean": 0.965698478561549,
        "balance_augment_std": 0.0020327715707744148
    },
    "1": {
        "imbalance_base_mean": 0.9632390745501285,
        "imbalance_base_std": 0.003949175191706231,
        "balance_base_mean": 0.9662517289073305,
        "balance_base_std": 0.0037726643698439304,
        "balance_augment_mean": 0.968143304639694,
        "balance_augment_std": 0.0015580764804539024
    },
    "2": {
        "imbalance_base_mean": 0.9467866323907455,
        "imbalance_base_std": 0.00589580716770164,
        "balance_base_mean": 0.9668494241716357,
        "balance_base_std": 0.0026292624512378594,
        "balance_augment_mean": 0.9684252632028075,
        "balance_augment_std": 0.0012509973548830223
    },
    "3": {
        "imbalance_base_mean": 0.9367609254498713,
        "imbalance_base_std": 0.0067722055898814795,
        "balance_base_mean": 0.9670172481839806,
        "balance_base_std": 0.001307922827075405,
        "balance_augment_mean": 0.9685287309731304,
        "balance_augment_std": 0.0017711797696209662
    },
    "4": {
        "imbalance_base_mean": 0.9280205655526992,
        "imbalance_base_std": 0.00539233340961517,
        "balance_base_mean": 0.9683360178064122,
        "balance_base_std": 0.0013521124948035691,
        "balance_augment_mean": 0.9692355829573295,
        "balance_augment_std": 0.0021573345968643413
    },
    "5": {
        "imbalance_base_mean": 0.9203084832904885,
        "imbalance_base_std": 0.002438774545116991,
        "balance_base_mean": 0.9676092544987146,
        "balance_base_std": 0.0017052055477405454,
        "balance_augment_mean": 0.9689980693127394,
        "balance_augment_std": 0.0016152034705923036
    },
    "6": {
        "imbalance_base_mean": 0.9146529562982005,
        "imbalance_base_std": 0.0029979187120027337,
        "balance_base_mean": 0.9676931665048871,
        "balance_base_std": 0.0013685948117387575,
        "balance_augment_mean": 0.9688946015424165,
        "balance_augment_std": 0.0009618656521269927
    },
    "7": {
        "imbalance_base_mean": 0.9082262210796914,
        "imbalance_base_std": 0.0029979187120027094,
        "balance_base_mean": 0.9664526199390572,
        "balance_base_std": 0.0018531057376967846,
        "balance_augment_mean": 0.9686375321336762,
        "balance_augment_std": 0.0013108019315148588
    },
    "8": {
        "imbalance_base_mean": 0.9007712082262211,
        "imbalance_base_std": 0.004767927247041497,
        "balance_base_mean": 0.9658097686375322,
        "balance_base_std": 0.0010282776349614443,
        "balance_augment_mean": 0.9678663239074549,
        "balance_augment_std": 0.000812924848372342
    },
    "9": {
        "imbalance_base_mean": 0.8953727506426734,
        "imbalance_base_std": 0.0015424164524421597,
        "balance_base_mean": 0.965038560411311,
        "balance_base_std": 0.0009618656521269926,
        "balance_augment_mean": 0.9678663239074549,
        "balance_augment_std": 0.000812924848372342
    }
}