{
    "0": {
        "imbalance_base_mean": 0.9443983402489626,
        "imbalance_base_std": 0.004140146486056906,
        "balance_base_mean": 0.9443983402489626,
        "balance_base_std": 0.004140146486056906,
        "balance_augment_mean": 0.9485477178423236,
        "balance_augment_std": 0.004901810552329019
    },
    "1": {
        "imbalance_base_mean": 0.9539845758354757,
        "imbalance_base_std": 0.0052305886759321145,
        "balance_base_mean": 0.959897172236504,
        "balance_base_std": 0.0032920947236158567,
        "balance_augment_mean": 0.961300209424456,
        "balance_augment_std": 0.0017419424009692689
    },
    "2": {
        "imbalance_base_mean": 0.9411311053984577,
        "imbalance_base_std": 0.007334366384414967,
        "balance_base_mean": 0.9544987146529562,
        "balance_base_std": 0.006061607260951966,
        "balance_augment_mean": 0.957312611334521,
        "balance_augment_std": 0.005583474642633472
    },
    "3": {
        "imbalance_base_mean": 0.9393316195372752,
        "imbalance_base_std": 0.009459315934691044,
        "balance_base_mean": 0.9537275064267352,
        "balance_base_std": 0.006137448013528673,
        "balance_augment_mean": 0.9588745835511133,
        "balance_augment_std": 0.006033672360449897
    },
    "4": {
        "imbalance_base_mean": 0.9287917737789202,
        "imbalance_base_std": 0.0045697657672574,
        "balance_base_mean": 0.9460154241645243,
        "balance_base_std": 0.005862084447810468,
        "balance_augment_mean": 0.9571142092182316,
        "balance_augment_std": 0.0077078726774714515
    },
    "5": {
        "imbalance_base_mean": 0.9203084832904883,
        "imbalance_base_std": 0.010055325046585064,
        "balance_base_mean": 0.9508997429305914,
        "balance_base_std": 0.00348705911728809,
        "balance_augment_mean": 0.9544987146529564,
        "balance_augment_std": 0.004918027370105154
    },
    "6": {
        "imbalance_base_mean": 0.9100257069408741,
        "imbalance_base_std": 0.010314859973130556,
        "balance_base_mean": 0.9470437017994859,
        "balance_base_std": 0.005884587733809556,
        "balance_augment_mean": 0.9539845758354757,
        "balance_augment_std": 0.005713653154471176
    },
    "7": {
        "imbalance_base_mean": 0.897943444730077,
        "imbalance_base_std": 0.009110563057413552,
        "balance_base_mean": 0.9475578406169666,
        "balance_base_std": 0.005102682067166883,
        "balance_augment_mean": 0.9488431876606684,
        "balance_augment_std": 0.006265325247791235
    },
    "8": {
        "imbalance_base_mean": 0.8868894601542416,
        "imbalance_base_std": 0.010346844111824228,
        "balance_base_mean": 0.9426735218508998,
        "balance_base_std": 0.00442278934038181,
        "balance_augment_mean": 0.9511568123393316,
        "balance_augment_std": 0.005573131976524107
    },
    "9": {
        "imbalance_base_mean": 0.883547557840617,
        "imbalance_base_std": 0.007298236281017149,
        "balance_base_mean": 0.9431876606683804,
        "balance_base_std": 0.0046272493573264704,
        "balance_augment_mean": 0.9496143958868893,
        "balance_augment_std": 0.0043322106802963275
    }
}