{
    "0": {
        "imbalance_base_mean": 0.9579318179393914,
        "imbalance_base_std": 0.00229549521362784,
        "balance_base_mean": 0.9579318179393914,
        "balance_base_std": 0.00229549521362784,
        "balance_augment_mean": 0.9687118440374476,
        "balance_augment_std": 0.0032271959110403924
    },
    "1": {
        "imbalance_base_mean": 0.965374030656327,
        "imbalance_base_std": 0.002883491690066797,
        "balance_base_mean": 0.9650220269016204,
        "balance_base_std": 0.0025418038816289587,
        "balance_augment_mean": 0.9687481110909628,
        "balance_augment_std": 0.0021824388761207862
    },
    "2": {
        "imbalance_base_mean": 0.9621284849260615,
        "imbalance_base_std": 0.0020931841792031745,
        "balance_base_mean": 0.9680844595675687,
        "balance_base_std": 0.0021446629577515303,
        "balance_augment_mean": 0.9681040153317191,
        "balance_augment_std": 0.001012935416173845
    },
    "3": {
        "imbalance_base_mean": 0.9638566811379322,
        "imbalance_base_std": 0.0025612421798060277,
        "balance_base_mean": 0.9688249119101714,
        "balance_base_std": 0.0022560365746435015,
        "balance_augment_mean": 0.9701298147180235,
        "balance_augment_std": 0.0014728455998708066
    },
    "4": {
        "imbalance_base_mean": 0.960246509296099,
        "imbalance_base_std": 0.0024799516703283096,
        "balance_base_mean": 0.9698923010734337,
        "balance_base_std": 0.0019825674407754268,
        "balance_augment_mean": 0.9691210928472126,
        "balance_augment_std": 0.001193785362143195
    },
    "5": {
        "imbalance_base_mean": 0.9555899262925471,
        "imbalance_base_std": 0.0046153302200430965,
        "balance_base_mean": 0.9706131976518859,
        "balance_base_std": 0.0014970154256803046,
        "balance_augment_mean": 0.969793100015289,
        "balance_augment_std": 0.0011271948602463717
    },
    "6": {
        "imbalance_base_mean": 0.9515550388093029,
        "imbalance_base_std": 0.005508718658989653,
        "balance_base_mean": 0.9721053024565596,
        "balance_base_std": 0.0013112635644337088,
        "balance_augment_mean": 0.9703365724789952,
        "balance_augment_std": 0.0016107137712992603
    },
    "7": {
        "imbalance_base_mean": 0.945375595117459,
        "imbalance_base_std": 0.004043770479991671,
        "balance_base_mean": 0.9709680458813784,
        "balance_base_std": 0.0005800217098918786,
        "balance_augment_mean": 0.97164983093153,
        "balance_augment_std": 0.001784327446625567
    },
    "8": {
        "imbalance_base_mean": 0.9401252280024321,
        "imbalance_base_std": 0.005024022311656909,
        "balance_base_mean": 0.9708492890590833,
        "balance_base_std": 0.0013489968528305521,
        "balance_augment_mean": 0.9717979214000504,
        "balance_augment_std": 0.002252086499735077
    },
    "9": {
        "imbalance_base_mean": 0.9395607775371826,
        "imbalance_base_std": 0.0033680653960054593,
        "balance_base_mean": 0.9711748036423501,
        "balance_base_std": 0.0018531004846006902,
        "balance_augment_mean": 0.9720549908087908,
        "balance_augment_std": 0.0021009854461303
    }
}