{
    "0": {
        "imbalance_base_mean": 0.9575071022979801,
        "imbalance_base_std": 0.0,
        "balance_base_mean": 0.9575071022979801,
        "balance_base_std": 0.0,
        "balance_augment_mean": 0.957965240518121,
        "balance_augment_std": 0.0019864687115886018
    },
    "1": {
        "imbalance_base_mean": 0.9610262509466768,
        "imbalance_base_std": 0.004546260752699992,
        "balance_base_mean": 0.9616899024700707,
        "balance_base_std": 0.006038000839032489,
        "balance_augment_mean": 0.95386884126764,
        "balance_augment_std": 0.002396925820596711
    },
    "2": {
        "imbalance_base_mean": 0.9611407410567935,
        "imbalance_base_std": 0.0015889481830259613,
        "balance_base_mean": 0.9621215515187718,
        "balance_base_std": 0.004270942178455377,
        "balance_augment_mean": 0.9590157406123444,
        "balance_augment_std": 0.003230052151811521
    },
    "3": {
        "imbalance_base_mean": 0.9601110411844394,
        "imbalance_base_std": 0.0027224797933664384,
        "balance_base_mean": 0.9630394279761207,
        "balance_base_std": 0.003890267487019567,
        "balance_augment_mean": 0.9572846999256882,
        "balance_augment_std": 0.0038295901836313635
    },
    "4": {
        "imbalance_base_mean": 0.9576381259177875,
        "imbalance_base_std": 0.004003777086226173,
        "balance_base_mean": 0.9611002072910999,
        "balance_base_std": 0.0028724259433438536,
        "balance_augment_mean": 0.9560775759385878,
        "balance_augment_std": 0.002430149850359183
    },
    "5": {
        "imbalance_base_mean": 0.9573111890971282,
        "imbalance_base_std": 0.0032526822781355712,
        "balance_base_mean": 0.9579063954459958,
        "balance_base_std": 0.0031944051921181686,
        "balance_augment_mean": 0.9520832222210369,
        "balance_augment_std": 0.0028981442356248166
    },
    "6": {
        "imbalance_base_mean": 0.9537317731389134,
        "imbalance_base_std": 0.004431517306023264,
        "balance_base_mean": 0.9529033198576341,
        "balance_base_std": 0.0014310290249736864,
        "balance_augment_mean": 0.9499973333048886,
        "balance_augment_std": 0.0026013353222921263
    },
    "7": {
        "imbalance_base_mean": 0.950162135062774,
        "imbalance_base_std": 0.002699322469018184,
        "balance_base_mean": 0.9514894381095619,
        "balance_base_std": 0.002004272260910853,
        "balance_augment_mean": 0.949017945080303,
        "balance_augment_std": 0.002190372090474337
    },
    "8": {
        "imbalance_base_mean": 0.9496382183632182,
        "imbalance_base_std": 0.001426138262604435,
        "balance_base_mean": 0.9479896674453417,
        "balance_base_std": 0.003547460493621911,
        "balance_augment_mean": 0.9454385291220884,
        "balance_augment_std": 0.001728501405977048
    },
    "9": {
        "imbalance_base_mean": 0.9478485103841108,
        "imbalance_base_std": 0.0018671075635811136,
        "balance_base_mean": 0.9453099944177182,
        "balance_base_std": 0.0024563929316946606,
        "balance_augment_mean": 0.9431346823255005,
        "balance_augment_std": 0.003181206119650388
    }
}