{
    "0": {
        "imbalance_base_mean": 0.9579318179393914,
        "imbalance_base_std": 0.00229549521362784,
        "balance_base_mean": 0.9579318179393914,
        "balance_base_std": 0.00229549521362784,
        "balance_augment_mean": 0.9555790817324272,
        "balance_augment_std": 0.0008235260346910663
    },
    "1": {
        "imbalance_base_mean": 0.965374030656327,
        "imbalance_base_std": 0.002883491690066797,
        "balance_base_mean": 0.9610667847123704,
        "balance_base_std": 0.0027697387770929277,
        "balance_augment_mean": 0.9599812620223505,
        "balance_augment_std": 0.0009287496033469122
    },
    "2": {
        "imbalance_base_mean": 0.9621284849260615,
        "imbalance_base_std": 0.0020931841792031745,
        "balance_base_mean": 0.9629123155091431,
        "balance_base_std": 0.0027665029284075684,
        "balance_augment_mean": 0.9628033365689234,
        "balance_augment_std": 0.0026079414968382536
    },
    "3": {
        "imbalance_base_mean": 0.9638566811379322,
        "imbalance_base_std": 0.0025612421798060277,
        "balance_base_mean": 0.964985582068431,
        "balance_base_std": 0.0023422856562131727,
        "balance_augment_mean": 0.9632559636191674,
        "balance_augment_std": 0.0027355349953582376
    },
    "4": {
        "imbalance_base_mean": 0.960246509296099,
        "imbalance_base_std": 0.0024799516703283096,
        "balance_base_mean": 0.9645091325418582,
        "balance_base_std": 0.0030855185078512964,
        "balance_augment_mean": 0.9642227294868924,
        "balance_augment_std": 0.002516830431380173
    },
    "5": {
        "imbalance_base_mean": 0.9555899262925471,
        "imbalance_base_std": 0.0046153302200430965,
        "balance_base_mean": 0.9625615562121551,
        "balance_base_std": 0.0018784912748740037,
        "balance_augment_mean": 0.962966716089416,
        "balance_augment_std": 0.0012103226633391258
    },
    "6": {
        "imbalance_base_mean": 0.9515550388093029,
        "imbalance_base_std": 0.005508718658989653,
        "balance_base_mean": 0.9582793772022458,
        "balance_base_std": 0.0035798416098857997,
        "balance_augment_mean": 0.9594459674236526,
        "balance_augment_std": 0.004929371031131847
    },
    "7": {
        "imbalance_base_mean": 0.945375595117459,
        "imbalance_base_std": 0.004043770479991671,
        "balance_base_mean": 0.956113842992103,
        "balance_base_std": 0.003743812580891297,
        "balance_augment_mean": 0.9552434337077373,
        "balance_augment_std": 0.004550800770780455
    },
    "8": {
        "imbalance_base_mean": 0.9401252280024321,
        "imbalance_base_std": 0.005024022311656909,
        "balance_base_mean": 0.9489452331935986,
        "balance_base_std": 0.006863155087510764,
        "balance_augment_mean": 0.9478973997944868,
        "balance_augment_std": 0.0068905021013878414
    },
    "9": {
        "imbalance_base_mean": 0.9395607775371826,
        "imbalance_base_std": 0.0033680653960054593,
        "balance_base_mean": 0.9457611992305696,
        "balance_base_std": 0.002957839587532938,
        "balance_augment_mean": 0.943842956547092,
        "balance_augment_std": 0.0023053803646651675
    }
}