{
    "0": {
        "imbalance_base_mean": 0.9571230982019363,
        "imbalance_base_std": 1.1102230246251565e-16,
        "balance_base_mean": 0.9571230982019363,
        "balance_base_std": 1.1102230246251565e-16,
        "balance_augment_mean": 0.9531244777722074,
        "balance_augment_std": 0.005109619968614812
    },
    "1": {
        "imbalance_base_mean": 0.9632390745501285,
        "imbalance_base_std": 0.003949175191706231,
        "balance_base_mean": 0.9432918395573997,
        "balance_base_std": 0.0031540122409381296,
        "balance_augment_mean": 0.9499308437067773,
        "balance_augment_std": 0.002953548617436037
    },
    "2": {
        "imbalance_base_mean": 0.9467866323907455,
        "imbalance_base_std": 0.00589580716770164,
        "balance_base_mean": 0.9424619640387275,
        "balance_base_std": 0.0018761632041840231,
        "balance_augment_mean": 0.950207468879668,
        "balance_augment_std": 0.001956035355979378
    },
    "3": {
        "imbalance_base_mean": 0.9367609254498713,
        "imbalance_base_std": 0.0067722055898814795,
        "balance_base_mean": 0.9408022130013831,
        "balance_base_std": 0.0013551810471829429,
        "balance_augment_mean": 0.9499308437067773,
        "balance_augment_std": 0.0023796197142579795
    },
    "4": {
        "imbalance_base_mean": 0.9280205655526992,
        "imbalance_base_std": 0.00539233340961517,
        "balance_base_mean": 0.9424619640387275,
        "balance_base_std": 0.0018761632041840231,
        "balance_augment_mean": 0.9507607192254495,
        "balance_augment_std": 0.0025653163196392207
    },
    "5": {
        "imbalance_base_mean": 0.9203084832904885,
        "imbalance_base_std": 0.002438774545116991,
        "balance_base_mean": 0.9416320885200553,
        "balance_base_std": 0.003080367558965423,
        "balance_augment_mean": 0.9507607192254495,
        "balance_augment_std": 0.0025653163196392207
    },
    "6": {
        "imbalance_base_mean": 0.9146529562982005,
        "imbalance_base_std": 0.0029979187120027337,
        "balance_base_mean": 0.9413554633471646,
        "balance_base_std": 0.0018761632041840231,
        "balance_augment_mean": 0.9496542185338865,
        "balance_augment_std": 0.0014105171545208206
    },
    "7": {
        "imbalance_base_mean": 0.9082262210796914,
        "imbalance_base_std": 0.0029979187120027094,
        "balance_base_mean": 0.9383125864453665,
        "balance_base_std": 0.0016597510373443924,
        "balance_augment_mean": 0.9488243430152143,
        "balance_augment_std": 0.0012371053817426178
    },
    "8": {
        "imbalance_base_mean": 0.9007712082262211,
        "imbalance_base_std": 0.004767927247041497,
        "balance_base_mean": 0.9377593360995851,
        "balance_base_std": 0.0012371053817426178,
        "balance_augment_mean": 0.9477178423236514,
        "balance_augment_std": 0.0010350366215142264
    },
    "9": {
        "imbalance_base_mean": 0.8953727506426734,
        "imbalance_base_std": 0.0015424164524421597,
        "balance_base_mean": 0.9377593360995851,
        "balance_base_std": 0.0012371053817426178,
        "balance_augment_mean": 0.9466113416320885,
        "balance_augment_std": 0.002070073243028453
    }
}