{
    "0": {
        "imbalance_base_mean": 0.9714652956298201,
        "imbalance_base_std": 0.0024923803894171376,
        "balance_base_mean": 0.9714652956298201,
        "balance_base_std": 0.0024923803894171376,
        "balance_augment_mean": 0.9753213367609254,
        "balance_augment_std": 0.005537444531757839
    },
    "1": {
        "imbalance_base_mean": 0.9539845758354757,
        "imbalance_base_std": 0.0052305886759321145,
        "balance_base_mean": 0.9632390745501287,
        "balance_base_std": 0.007432818660566029,
        "balance_augment_mean": 0.967095115681234,
        "balance_augment_std": 0.00839322761815657
    },
    "2": {
        "imbalance_base_mean": 0.9411311053984577,
        "imbalance_base_std": 0.007334366384414967,
        "balance_base_mean": 0.9627249357326478,
        "balance_base_std": 0.006191051197322532,
        "balance_augment_mean": 0.9622107969151671,
        "balance_augment_std": 0.005367766842627543
    },
    "3": {
        "imbalance_base_mean": 0.9393316195372752,
        "imbalance_base_std": 0.009459315934691044,
        "balance_base_mean": 0.961439588688946,
        "balance_base_std": 0.0043777342842998505,
        "balance_augment_mean": 0.963496143958869,
        "balance_augment_std": 0.0038646006114069174
    },
    "4": {
        "imbalance_base_mean": 0.9287917737789202,
        "imbalance_base_std": 0.0045697657672574,
        "balance_base_mean": 0.9624678663239074,
        "balance_base_std": 0.006158945270288382,
        "balance_augment_mean": 0.9609254498714653,
        "balance_augment_std": 0.004113110539845752
    },
    "5": {
        "imbalance_base_mean": 0.9203084832904883,
        "imbalance_base_std": 0.010055325046585064,
        "balance_base_mean": 0.9616966580976865,
        "balance_base_std": 0.00510268206716687,
        "balance_augment_mean": 0.961439588688946,
        "balance_augment_std": 0.0034489480372747326
    },
    "6": {
        "imbalance_base_mean": 0.9100257069408741,
        "imbalance_base_std": 0.010314859973130556,
        "balance_base_mean": 0.9624678663239074,
        "balance_base_std": 0.004097012198074365,
        "balance_augment_mean": 0.9616966580976865,
        "balance_augment_std": 0.003932405794544545
    },
    "7": {
        "imbalance_base_mean": 0.897943444730077,
        "imbalance_base_std": 0.009110563057413552,
        "balance_base_mean": 0.9596401028277635,
        "balance_base_std": 0.0037781332793570595,
        "balance_augment_mean": 0.959897172236504,
        "balance_augment_std": 0.003190147466835706
    },
    "8": {
        "imbalance_base_mean": 0.8868894601542416,
        "imbalance_base_std": 0.010346844111824228,
        "balance_base_mean": 0.9591259640102828,
        "balance_base_std": 0.003084832904884303,
        "balance_augment_mean": 0.9596401028277635,
        "balance_augment_std": 0.004113110539845761
    },
    "9": {
        "imbalance_base_mean": 0.883547557840617,
        "imbalance_base_std": 0.007298236281017149,
        "balance_base_mean": 0.957840616966581,
        "balance_base_std": 0.004332210680296333,
        "balance_augment_mean": 0.9601542416452442,
        "balance_augment_std": 0.003635510443118493
    }
}