{
    "0": {
        "balance_augment_mean": 0.957912084395567,
        "balance_augment_std": 0.001540857223445361
    },
    "1": {
        "balance_augment_mean": 0.9590674744975057,
        "balance_augment_std": 0.001366320084446098
    },
    "2": {
        "balance_augment_mean": 0.9590982303811242,
        "balance_augment_std": 0.002298616319365721
    },
    "3": {
        "balance_augment_mean": 0.9607789594200116,
        "balance_augment_std": 0.0015587360908206616
    },
    "4": {
        "balance_augment_mean": 0.9600971743698599,
        "balance_augment_std": 0.0011691279062849263
    },
    "5": {
        "balance_augment_mean": 0.960689536243942,
        "balance_augment_std": 0.002042933015404068
    },
    "6": {
        "balance_augment_mean": 0.960857182476613,
        "balance_augment_std": 0.0020296960965284954
    },
    "7": {
        "balance_augment_mean": 0.961143585531579,
        "balance_augment_std": 0.0012158967846779254
    },
    "8": {
        "balance_augment_mean": 0.9611044740032784,
        "balance_augment_std": 0.0004424996442887975
    },
    "9": {
        "balance_augment_mean": 0.9609466056526825,
        "balance_augment_std": 0.0017087063438681021
    },
    "10": {
        "train_all_augment": 0.9766753067588276
    }
}