{
    "0": {
        "balance_augment_mean": 0.9717993436374434,
        "balance_augment_std": 0.0012982257203461391
    },
    "1": {
        "balance_augment_mean": 0.9725901076278147,
        "balance_augment_std": 0.0017782264180467326
    },
    "2": {
        "balance_augment_mean": 0.9723428161011496,
        "balance_augment_std": 0.0009060026163347376
    },
    "3": {
        "balance_augment_mean": 0.9719181004597383,
        "balance_augment_std": 0.0025080680716210078
    },
    "4": {
        "balance_augment_mean": 0.9730749127990699,
        "balance_augment_std": 0.0013535120490930756
    },
    "5": {
        "balance_augment_mean": 0.9724923288070627,
        "balance_augment_std": 0.0010979784647356008
    },
    "6": {
        "balance_augment_mean": 0.9725915298652076,
        "balance_augment_std": 0.0016484969964367393
    },
    "7": {
        "balance_augment_mean": 0.9717015648166913,
        "balance_augment_std": 0.0015179796982333447
    },
    "8": {
        "balance_augment_mean": 0.9724727730429125,
        "balance_augment_std": 0.0019181012618655754
    },
    "9": {
        "balance_augment_mean": 0.9715436964660956,
        "balance_augment_std": 0.001119411709006578
    },
    "10": {
        "train_all_augment": 0.975243291483998
    }
}