{
    "0": {
        "imbalance_base_mean": 0.9579318179393914,
        "imbalance_base_std": 0.00229549521362784,
        "balance_base_mean": 0.9579318179393914,
        "balance_base_std": 0.00229549521362784,
        "balance_augment_mean": 0.9633484090496965,
        "balance_augment_std": 0.0030393405462288926
    },
    "1": {
        "imbalance_base_mean": 0.965374030656327,
        "imbalance_base_std": 0.002883491690066797,
        "balance_base_mean": 0.9640426386770347,
        "balance_base_std": 0.0023115400808906505,
        "balance_augment_mean": 0.9636794348028601,
        "balance_augment_std": 0.001723095996079012
    },
    "2": {
        "imbalance_base_mean": 0.9621284849260615,
        "imbalance_base_std": 0.0020931841792031745,
        "balance_base_mean": 0.9652161623057312,
        "balance_base_std": 0.0023624866306223183,
        "balance_augment_mean": 0.9651980287789735,
        "balance_augment_std": 0.002609715900822686
    },
    "3": {
        "imbalance_base_mean": 0.9638566811379322,
        "imbalance_base_std": 0.0025612421798060277,
        "balance_base_mean": 0.9669052469893012,
        "balance_base_std": 0.0016433906724335338,
        "balance_augment_mean": 0.9667991125238669,
        "balance_augment_std": 0.0012903888276249661
    },
    "4": {
        "imbalance_base_mean": 0.960246509296099,
        "imbalance_base_std": 0.0024799516703283096,
        "balance_base_mean": 0.9644323317226494,
        "balance_base_std": 0.0032957943888251287,
        "balance_augment_mean": 0.9664917314673579,
        "balance_augment_std": 0.0018845859348183462
    },
    "5": {
        "imbalance_base_mean": 0.9555899262925471,
        "imbalance_base_std": 0.0046153302200430965,
        "balance_base_mean": 0.9656296778276747,
        "balance_base_std": 0.0029063645138991652,
        "balance_augment_mean": 0.9653544748921765,
        "balance_augment_std": 0.002566940848009338
    },
    "6": {
        "imbalance_base_mean": 0.9515550388093029,
        "imbalance_base_std": 0.005508718658989653,
        "balance_base_mean": 0.9660529712316931,
        "balance_base_std": 0.0031665679182009136,
        "balance_augment_mean": 0.9659272810021085,
        "balance_augment_std": 0.0017608281673261587
    },
    "7": {
        "imbalance_base_mean": 0.945375595117459,
        "imbalance_base_std": 0.004043770479991671,
        "balance_base_mean": 0.965341852535316,
        "balance_base_std": 0.0016701625001570633,
        "balance_augment_mean": 0.964186462433377,
        "balance_augment_std": 0.0017243150553192229
    },
    "8": {
        "imbalance_base_mean": 0.9401252280024321,
        "imbalance_base_std": 0.005024022311656909,
        "balance_base_mean": 0.9633146309116187,
        "balance_base_std": 0.00330612274624574,
        "balance_augment_mean": 0.9656198999455994,
        "balance_augment_std": 0.0018413945781815945
    },
    "9": {
        "imbalance_base_mean": 0.9395607775371826,
        "imbalance_base_std": 0.0033680653960054593,
        "balance_base_mean": 0.963571700320359,
        "balance_base_std": 0.001877537324448601,
        "balance_augment_mean": 0.9652636294787144,
        "balance_augment_std": 0.002125123672992795
    }
}