{
    "0": {
        "imbalance_base_mean": 0.9717223650385606,
        "imbalance_base_std": 1.1102230246251565e-16,
        "balance_base_mean": 0.9717223650385606,
        "balance_base_std": 1.1102230246251565e-16,
        "balance_augment_mean": 0.972750642673522,
        "balance_augment_std": 0.004555281528706741
    },
    "1": {
        "imbalance_base_mean": 0.9519280205655527,
        "imbalance_base_std": 0.008471597456701348,
        "balance_base_mean": 0.957840616966581,
        "balance_base_std": 0.011565266713832364,
        "balance_augment_mean": 0.9678663239074549,
        "balance_augment_std": 0.00894217333209565
    },
    "2": {
        "imbalance_base_mean": 0.9416452442159382,
        "imbalance_base_std": 0.006169665809768625,
        "balance_base_mean": 0.9586118251928021,
        "balance_base_std": 0.00806395225776766,
        "balance_augment_mean": 0.9632390745501285,
        "balance_augment_std": 0.004984760778834288
    },
    "3": {
        "imbalance_base_mean": 0.9359897172236504,
        "imbalance_base_std": 0.006369928891189648,
        "balance_base_mean": 0.959897172236504,
        "balance_base_std": 0.006772205589881498,
        "balance_augment_mean": 0.9611825192802057,
        "balance_augment_std": 0.005655526992287908
    },
    "4": {
        "imbalance_base_mean": 0.9282776349614397,
        "imbalance_base_std": 0.007512410897790474,
        "balance_base_mean": 0.9596401028277635,
        "balance_base_std": 0.0028855969563809044,
        "balance_augment_mean": 0.9588688946015426,
        "balance_augment_std": 0.003148444399464216
    },
    "5": {
        "imbalance_base_mean": 0.9259640102827763,
        "imbalance_base_std": 0.0047121600976409725,
        "balance_base_mean": 0.9575835475578405,
        "balance_base_std": 0.002438774545116991,
        "balance_augment_mean": 0.9583547557840617,
        "balance_augment_std": 0.004641509019349056
    },
    "6": {
        "imbalance_base_mean": 0.9182519280205655,
        "imbalance_base_std": 0.007822685889307448,
        "balance_base_mean": 0.957840616966581,
        "balance_base_std": 0.0017052055477405524,
        "balance_augment_mean": 0.955784061696658,
        "balance_augment_std": 0.004347438181307925
    },
    "7": {
        "imbalance_base_mean": 0.9102827763496144,
        "imbalance_base_std": 0.002744750193324234,
        "balance_base_mean": 0.9560411311053985,
        "balance_base_std": 0.0022113946701908973,
        "balance_augment_mean": 0.9537275064267352,
        "balance_augment_std": 0.00354345726274814
    },
    "8": {
        "imbalance_base_mean": 0.9095115681233933,
        "imbalance_base_std": 0.003598971722365031,
        "balance_base_mean": 0.9552699228791773,
        "balance_base_std": 0.0027447501933242613,
        "balance_augment_mean": 0.9547557840616967,
        "balance_augment_std": 0.0018890666396785322
    },
    "9": {
        "imbalance_base_mean": 0.905655526992288,
        "imbalance_base_std": 0.0033121076418316294,
        "balance_base_mean": 0.9552699228791773,
        "balance_base_std": 0.0024923803894171376,
        "balance_augment_mean": 0.9555269922879178,
        "balance_augment_std": 0.002646691552952948
    }
}