{
    "0": {
        "imbalance_base_mean": 0.9575071022979801,
        "imbalance_base_std": 0.0,
        "balance_base_mean": 0.9575071022979801,
        "balance_base_std": 0.0,
        "balance_augment_mean": 0.9550635206775541,
        "balance_augment_std": 0.005086456302920082
    },
    "1": {
        "imbalance_base_mean": 0.9610262509466768,
        "imbalance_base_std": 0.004546260752699992,
        "balance_base_mean": 0.9608390489498554,
        "balance_base_std": 0.004740705290446459,
        "balance_augment_mean": 0.960085974250392,
        "balance_augment_std": 0.005610852620526345
    },
    "2": {
        "imbalance_base_mean": 0.9611407410567935,
        "imbalance_base_std": 0.0015889481830259613,
        "balance_base_mean": 0.958779649205147,
        "balance_base_std": 0.0028683510888834226,
        "balance_augment_mean": 0.9607062475333071,
        "balance_augment_std": 0.0031669736710198907
    },
    "3": {
        "imbalance_base_mean": 0.9601110411844394,
        "imbalance_base_std": 0.0027224797933664384,
        "balance_base_mean": 0.9593510330776862,
        "balance_base_std": 0.0017545099004138056,
        "balance_augment_mean": 0.9602898875365782,
        "balance_augment_std": 0.0032244321808788164
    },
    "4": {
        "imbalance_base_mean": 0.9576381259177875,
        "imbalance_base_std": 0.004003777086226173,
        "balance_base_mean": 0.9558107286477722,
        "balance_base_std": 0.003024630210006495,
        "balance_augment_mean": 0.9568585620468841,
        "balance_augment_std": 0.002183591799647318
    },
    "5": {
        "imbalance_base_mean": 0.9573111890971282,
        "imbalance_base_std": 0.0032526822781355712,
        "balance_base_mean": 0.9560482422923622,
        "balance_base_std": 0.0023848257280429954,
        "balance_augment_mean": 0.9585392910857715,
        "balance_augment_std": 0.0012040684624723761
    },
    "6": {
        "imbalance_base_mean": 0.9537317731389134,
        "imbalance_base_std": 0.004431517306023264,
        "balance_base_mean": 0.9560468200549697,
        "balance_base_std": 0.00312233857042794,
        "balance_augment_mean": 0.9562647779354091,
        "balance_augment_std": 0.0024344336513800876
    },
    "7": {
        "imbalance_base_mean": 0.950162135062774,
        "imbalance_base_std": 0.002699322469018184,
        "balance_base_mean": 0.9546329383068975,
        "balance_base_std": 0.002602513764805524,
        "balance_augment_mean": 0.95295220926801,
        "balance_augment_std": 0.002358775423220415
    },
    "8": {
        "imbalance_base_mean": 0.9496382183632182,
        "imbalance_base_std": 0.001426138262604435,
        "balance_base_mean": 0.9531394112648313,
        "balance_base_std": 0.0020201010259509105,
        "balance_augment_mean": 0.9532190565588256,
        "balance_augment_std": 0.0012048598202469018
    },
    "9": {
        "imbalance_base_mean": 0.9478485103841108,
        "imbalance_base_std": 0.0018671075635811136,
        "balance_base_mean": 0.9520915778657194,
        "balance_base_std": 0.0011572742092644057,
        "balance_augment_mean": 0.9512910359932729,
        "balance_augment_std": 0.0015914915464393022
    }
}