{
    "0": {
        "imbalance_base_mean": 0.9571230982019363,
        "imbalance_base_std": 1.1102230246251565e-16,
        "balance_base_mean": 0.9571230982019363,
        "balance_base_std": 1.1102230246251565e-16,
        "balance_augment_mean": 0.9612724757952973,
        "balance_augment_std": 0.0012371053817426178
    },
    "1": {
        "imbalance_base_mean": 0.9632390745501285,
        "imbalance_base_std": 0.003949175191706231,
        "balance_base_mean": 0.9668049792531119,
        "balance_base_std": 0.0034990624178903107,
        "balance_augment_mean": 0.965698478561549,
        "balance_augment_std": 0.001834923812091501
    },
    "2": {
        "imbalance_base_mean": 0.9467866323907455,
        "imbalance_base_std": 0.00589580716770164,
        "balance_base_mean": 0.9690876702684829,
        "balance_base_std": 0.002689084795910328,
        "balance_augment_mean": 0.9683612625201337,
        "balance_augment_std": 0.0024403759849376695
    },
    "3": {
        "imbalance_base_mean": 0.9367609254498713,
        "imbalance_base_std": 0.0067722055898814795,
        "balance_base_mean": 0.9676344992124359,
        "balance_base_std": 0.0012131644318818188,
        "balance_augment_mean": 0.9684896194448296,
        "balance_augment_std": 0.0017435734988450963
    },
    "4": {
        "imbalance_base_mean": 0.9280205655526992,
        "imbalance_base_std": 0.00539233340961517,
        "balance_base_mean": 0.966921958278666,
        "balance_base_std": 0.003546269584114438,
        "balance_augment_mean": 0.9669219582786661,
        "balance_augment_std": 0.0036382516092645675
    },
    "5": {
        "imbalance_base_mean": 0.9203084832904885,
        "imbalance_base_std": 0.002438774545116991,
        "balance_base_mean": 0.9655526992287917,
        "balance_base_std": 0.0037606012437860856,
        "balance_augment_mean": 0.9668380462724937,
        "balance_augment_std": 0.003190147466835706
    },
    "6": {
        "imbalance_base_mean": 0.9146529562982005,
        "imbalance_base_std": 0.0029979187120027337,
        "balance_base_mean": 0.9632390745501287,
        "balance_base_std": 0.0033121076418316363,
        "balance_augment_mean": 0.9650385604113112,
        "balance_augment_std": 0.0033909783954428844
    },
    "7": {
        "imbalance_base_mean": 0.9082262210796914,
        "imbalance_base_std": 0.0029979187120027094,
        "balance_base_mean": 0.9655526992287917,
        "balance_base_std": 0.002492380389417158,
        "balance_augment_mean": 0.9652956298200515,
        "balance_augment_std": 0.003982502155483202
    },
    "8": {
        "imbalance_base_mean": 0.9007712082262211,
        "imbalance_base_std": 0.004767927247041497,
        "balance_base_mean": 0.9637532133676092,
        "balance_base_std": 0.0031901474668357167,
        "balance_augment_mean": 0.9645244215938303,
        "balance_augment_std": 0.003778133279357091
    },
    "9": {
        "imbalance_base_mean": 0.8953727506426734,
        "imbalance_base_std": 0.0015424164524421597,
        "balance_base_mean": 0.9622107969151671,
        "balance_base_std": 0.0029979187120027094,
        "balance_augment_mean": 0.9627249357326478,
        "balance_augment_std": 0.0032516993934893594
    }
}