{
    "0": {
        "imbalance_base_mean": 0.9714652956298201,
        "imbalance_base_std": 0.0024923803894171376,
        "balance_base_mean": 0.9714652956298201,
        "balance_base_std": 0.0024923803894171376,
        "balance_augment_mean": 0.9555269922879177,
        "balance_augment_std": 0.0017435295586440156
    },
    "1": {
        "imbalance_base_mean": 0.9539845758354757,
        "imbalance_base_std": 0.0052305886759321145,
        "balance_base_mean": 0.9586118251928019,
        "balance_base_std": 0.0031901474668357024,
        "balance_augment_mean": 0.9413881748071979,
        "balance_augment_std": 0.007906712853074371
    },
    "2": {
        "imbalance_base_mean": 0.9411311053984577,
        "imbalance_base_std": 0.007334366384414967,
        "balance_base_mean": 0.9521850899742932,
        "balance_base_std": 0.006265325247791238,
        "balance_augment_mean": 0.9334190231362468,
        "balance_augment_std": 0.008808144832396834
    },
    "3": {
        "imbalance_base_mean": 0.9393316195372752,
        "imbalance_base_std": 0.009459315934691044,
        "balance_base_mean": 0.9462724935732648,
        "balance_base_std": 0.008185955438607012,
        "balance_augment_mean": 0.9249357326478149,
        "balance_augment_std": 0.008702473460056922
    },
    "4": {
        "imbalance_base_mean": 0.9287917737789202,
        "imbalance_base_std": 0.0045697657672574,
        "balance_base_mean": 0.9388174807197943,
        "balance_base_std": 0.006683804627249373,
        "balance_augment_mean": 0.9208226221079692,
        "balance_augment_std": 0.006926577678821308
    },
    "5": {
        "imbalance_base_mean": 0.9203084832904883,
        "imbalance_base_std": 0.010055325046585064,
        "balance_base_mean": 0.9375321336760924,
        "balance_base_std": 0.004347438181307925,
        "balance_augment_mean": 0.91439588688946,
        "balance_augment_std": 0.004270757770137834
    },
    "6": {
        "imbalance_base_mean": 0.9100257069408741,
        "imbalance_base_std": 0.010314859973130556,
        "balance_base_mean": 0.9262210796915167,
        "balance_base_std": 0.007388230263855986,
        "balance_augment_mean": 0.9069408740359897,
        "balance_augment_std": 0.005782633356916197
    },
    "7": {
        "imbalance_base_mean": 0.897943444730077,
        "imbalance_base_std": 0.009110563057413552,
        "balance_base_mean": 0.9174807197943446,
        "balance_base_std": 0.005102682067166896,
        "balance_augment_mean": 0.9002570694087405,
        "balance_augment_std": 0.0027687222658789082
    },
    "8": {
        "imbalance_base_mean": 0.8868894601542416,
        "imbalance_base_std": 0.010346844111824228,
        "balance_base_mean": 0.909254498714653,
        "balance_base_std": 0.007948393230714801,
        "balance_augment_mean": 0.8976863753213369,
        "balance_augment_std": 0.00498476077883427
    },
    "9": {
        "imbalance_base_mean": 0.883547557840617,
        "imbalance_base_std": 0.007298236281017149,
        "balance_base_mean": 0.8989717223650386,
        "balance_base_std": 0.004984760778834278,
        "balance_augment_mean": 0.8897172236503856,
        "balance_augment_std": 0.005037511039142814
    }
}