{
    "0": {
        "balance_augment_mean": 0.9688192229606004,
        "balance_augment_std": 0.0007981537215057282
    },
    "1": {
        "balance_augment_mean": 0.9684350410848828,
        "balance_augment_std": 0.000978382845171441
    },
    "2": {
        "balance_augment_mean": 0.9691378041365774,
        "balance_augment_std": 0.0013596450234970238
    },
    "3": {
        "balance_augment_mean": 0.969167137782803,
        "balance_augment_std": 0.002134174059563896
    },
    "4": {
        "balance_augment_mean": 0.9702261713013828,
        "balance_augment_std": 0.001995584198368344
    },
    "5": {
        "balance_augment_mean": 0.9708492890590833,
        "balance_augment_std": 0.0014478082829814816
    },
    "6": {
        "balance_augment_mean": 0.9701675040089317,
        "balance_augment_std": 0.0012871226795830104
    },
    "7": {
        "balance_augment_mean": 0.9699104346001913,
        "balance_augment_std": 0.001804478982795888
    },
    "8": {
        "balance_augment_mean": 0.9709289343530776,
        "balance_augment_std": 0.0010555489956470463
    },
    "9": {
        "balance_augment_mean": 0.9721849477505538,
        "balance_augment_std": 0.0016348055283950647
    },
    "10": {
        "train_all_augment": 0.975243291483998
    }
}