{
    "0": {
        "imbalance_base_mean": 0.9333512890804169,
        "imbalance_base_std": 0.0,
        "balance_base_mean": 0.9333512890804169,
        "balance_base_std": 0.0
    },
    "1": {
        "imbalance_base_mean": 0.953664927981454,
        "imbalance_base_std": 0.006444333432222132,
        "balance_base_mean": 0.9528853641105505,
        "balance_base_std": 0.007746329431460618
    },
    "2": {
        "imbalance_base_mean": 0.9588998282648349,
        "imbalance_base_std": 0.0033691727402128803,
        "balance_base_mean": 0.961867326584817,
        "balance_base_std": 0.0025698227086652322
    },
    "3": {
        "imbalance_base_mean": 0.9589668512019683,
        "imbalance_base_std": 0.0027864185592684993,
        "balance_base_mean": 0.9609158497690643,
        "balance_base_std": 0.0016273952143431392
    },
    "4": {
        "imbalance_base_mean": 0.9517185961094696,
        "imbalance_base_std": 0.005655226063179317,
        "balance_base_mean": 0.9568697621663521,
        "balance_base_std": 0.004568442788863463
    },
    "5": {
        "imbalance_base_mean": 0.9426317436274875,
        "imbalance_base_std": 0.00545328240269758,
        "balance_base_mean": 0.9541998670208038,
        "balance_base_std": 0.005970772466150116
    },
    "6": {
        "imbalance_base_mean": 0.93699577239935,
        "imbalance_base_std": 0.01564523972852221,
        "balance_base_mean": 0.9565623811098429,
        "balance_base_std": 0.004174486369512368
    },
    "7": {
        "imbalance_base_mean": 0.9261695235860294,
        "imbalance_base_std": 0.01732197731640242,
        "balance_base_mean": 0.9479896674453417,
        "balance_base_std": 0.011229797867470631
    },
    "8": {
        "imbalance_base_mean": 0.9222743709266232,
        "imbalance_base_std": 0.019651927245283522,
        "balance_base_mean": 0.9434504190266919,
        "balance_base_std": 0.014180882079968
    },
    "9": {
        "imbalance_base_mean": 0.9113586989372331,
        "imbalance_base_std": 0.004604208471242838,
        "balance_base_mean": 0.9438066894935769,
        "balance_base_std": 0.0038574360844900514
    }
}