{
    "0": {
        "imbalance_base_mean": 0.9637774902975419,
        "imbalance_base_std": 1.1102230246251565e-16,
        "balance_base_mean": 0.9637774902975419,
        "balance_base_std": 1.1102230246251565e-16,
        "balance_augment_mean": 0.9604139715394566,
        "balance_augment_std": 0.0006337618998145436
    },
    "1": {
        "imbalance_base_mean": 0.9531694695989652,
        "imbalance_base_std": 0.009520501678123704,
        "balance_base_mean": 0.9542043984476066,
        "balance_base_std": 0.009872591993965821,
        "balance_augment_mean": 0.9521345407503234,
        "balance_augment_std": 0.007179527516435486
    },
    "2": {
        "imbalance_base_mean": 0.9404915912031049,
        "imbalance_base_std": 0.007454002737846297,
        "balance_base_mean": 0.9461836998706339,
        "balance_base_std": 0.01184530208772013,
        "balance_augment_mean": 0.9420439844760672,
        "balance_augment_std": 0.008940311794655131
    },
    "3": {
        "imbalance_base_mean": 0.9360931435963777,
        "imbalance_base_std": 0.00761393995837625,
        "balance_base_mean": 0.9417852522639067,
        "balance_base_std": 0.012489022909337288,
        "balance_augment_mean": 0.9389391979301424,
        "balance_augment_std": 0.010458671633328722
    },
    "4": {
        "imbalance_base_mean": 0.9262613195342819,
        "imbalance_base_std": 0.010381579636604856,
        "balance_base_mean": 0.9347994825355757,
        "balance_base_std": 0.012152153755050313,
        "balance_augment_mean": 0.9353169469598965,
        "balance_augment_std": 0.011657314697095822
    },
    "5": {
        "imbalance_base_mean": 0.9234152652005175,
        "imbalance_base_std": 0.009625394689644656,
        "balance_base_mean": 0.9368693402328591,
        "balance_base_std": 0.00532762232392599,
        "balance_augment_mean": 0.9345407503234153,
        "balance_augment_std": 0.007915683591605873
    },
    "6": {
        "imbalance_base_mean": 0.9195342820181113,
        "imbalance_base_std": 0.010264856106016762,
        "balance_base_mean": 0.9311772315653298,
        "balance_base_std": 0.007779196056079152,
        "balance_augment_mean": 0.9314359637774903,
        "balance_augment_std": 0.008181830944808208
    },
    "7": {
        "imbalance_base_mean": 0.9125485122897802,
        "imbalance_base_std": 0.007701358895801915,
        "balance_base_mean": 0.9252263906856403,
        "balance_base_std": 0.00661666848773323,
        "balance_augment_mean": 0.9252263906856403,
        "balance_augment_std": 0.005135687772646611
    },
    "8": {
        "imbalance_base_mean": 0.9071151358344114,
        "imbalance_base_std": 0.00863561152304198,
        "balance_base_mean": 0.9247089262613194,
        "balance_base_std": 0.00428278017005092,
        "balance_augment_mean": 0.9205692108667529,
        "balance_augment_std": 0.004881749615553201
    },
    "9": {
        "imbalance_base_mean": 0.8970245795601552,
        "imbalance_base_std": 0.010749070156709431,
        "balance_base_mean": 0.9174644243208281,
        "balance_base_std": 0.006034620331017143,
        "balance_augment_mean": 0.9138421733505823,
        "balance_augment_std": 0.007873285409936833
    }
}