{
    "0": {
        "imbalance_base_mean": 0.9575071022979801,
        "imbalance_base_std": 0.0,
        "balance_base_mean": 0.9575071022979801,
        "balance_base_std": 0.0,
        "balance_augment_mean": 0.9591821423872966,
        "balance_augment_std": 0.001155443237663741
    },
    "1": {
        "imbalance_base_mean": 0.9638833480890462,
        "imbalance_base_std": 0.004418220269839512,
        "balance_base_mean": 0.9646838899614929,
        "balance_base_std": 0.006311560479823279,
        "balance_augment_mean": 0.9624778219856568,
        "balance_augment_std": 0.003397212208633176
    },
    "2": {
        "imbalance_base_mean": 0.9607370034169254,
        "imbalance_base_std": 0.002655252579480618,
        "balance_base_mean": 0.9632476079744852,
        "balance_base_std": 0.005797516879960107,
        "balance_augment_mean": 0.9580167966236084,
        "balance_augment_std": 0.00432172553784639
    },
    "3": {
        "imbalance_base_mean": 0.9609227831763538,
        "imbalance_base_std": 0.0023556684026451603,
        "balance_base_mean": 0.9630086720925023,
        "balance_base_std": 0.004702657409935935,
        "balance_augment_mean": 0.9569186515767278,
        "balance_augment_std": 0.0047965121132657555
    },
    "4": {
        "imbalance_base_mean": 0.9566420264038371,
        "imbalance_base_std": 0.004838569116019223,
        "balance_base_mean": 0.9611197630552504,
        "balance_base_std": 0.005255671294169548,
        "balance_augment_mean": 0.9567202494604388,
        "balance_augment_std": 0.0052634012303539
    },
    "5": {
        "imbalance_base_mean": 0.9557911728836219,
        "imbalance_base_std": 0.003827386542984683,
        "balance_base_mean": 0.9597254370713287,
        "balance_base_std": 0.002738499691573285,
        "balance_augment_mean": 0.9552658339466733,
        "balance_augment_std": 0.003543163649766668
    },
    "6": {
        "imbalance_base_mean": 0.9546343605442902,
        "imbalance_base_std": 0.0041387925770119,
        "balance_base_mean": 0.9572134102763762,
        "balance_base_std": 0.0042382964239068635,
        "balance_augment_mean": 0.953951153256746,
        "balance_augment_std": 0.005414438870638118
    },
    "7": {
        "imbalance_base_mean": 0.95102561093985,
        "imbalance_base_std": 0.003038646968529445,
        "balance_base_mean": 0.9535250153779419,
        "balance_base_std": 0.0028538340656909583,
        "balance_augment_mean": 0.948878210256465,
        "balance_augment_std": 0.00246381152702963
    },
    "8": {
        "imbalance_base_mean": 0.9488894103759329,
        "imbalance_base_std": 0.004799063480158064,
        "balance_base_mean": 0.9486602523760255,
        "balance_base_std": 0.0016345800906615393,
        "balance_augment_mean": 0.9443892734855839,
        "balance_augment_std": 0.003518134323137989
    },
    "9": {
        "imbalance_base_mean": 0.9446184314854914,
        "imbalance_base_std": 0.00533346618161689,
        "balance_base_mean": 0.9459903572304771,
        "balance_base_std": 0.00316891914510906,
        "balance_augment_mean": 0.9432520169104027,
        "balance_augment_std": 0.0037132094700509898
    }
}