{
    "0": {
        "imbalance_base_mean": 0.9689214462732048,
        "imbalance_base_std": 0.0,
        "balance_base_mean": 0.9689214462732048,
        "balance_base_std": 0.0,
        "balance_augment_mean": 0.9682298833409779,
        "balance_augment_std": 0.0013121484067089133
    },
    "1": {
        "imbalance_base_mean": 0.9701410148374915,
        "imbalance_base_std": 0.001127718566430481,
        "balance_base_mean": 0.9698183447290104,
        "balance_base_std": 0.0017079820773466048,
        "balance_augment_mean": 0.969286072384772,
        "balance_augment_std": 0.001515689844084615
    },
    "2": {
        "imbalance_base_mean": 0.96637155240767,
        "imbalance_base_std": 0.0009830990294297914,
        "balance_base_mean": 0.9697680330812417,
        "balance_base_std": 0.00124221587865144,
        "balance_augment_mean": 0.9686727325091468,
        "balance_augment_std": 0.0012951643246675983
    },
    "3": {
        "imbalance_base_mean": 0.964294019136204,
        "imbalance_base_std": 0.0012882251062875964,
        "balance_base_mean": 0.9689479354446447,
        "balance_base_std": 0.0014512105249649904,
        "balance_augment_mean": 0.9688110450955921,
        "balance_augment_std": 0.0014471573852388208
    },
    "4": {
        "imbalance_base_mean": 0.9612874092879213,
        "imbalance_base_std": 0.0027226219318017297,
        "balance_base_mean": 0.9697582551991666,
        "balance_base_std": 0.0007261507795065665,
        "balance_augment_mean": 0.9692748722653042,
        "balance_augment_std": 0.0012619094557688385
    },
    "5": {
        "imbalance_base_mean": 0.9592210761359233,
        "imbalance_base_std": 0.0022260593988464947,
        "balance_base_mean": 0.9703017276628729,
        "balance_base_std": 0.0009616671653656792,
        "balance_augment_mean": 0.9686028650972277,
        "balance_augment_std": 0.0011967701424877464
    },
    "6": {
        "imbalance_base_mean": 0.9579846185025973,
        "imbalance_base_std": 0.0027836133360647354,
        "balance_base_mean": 0.9694718521442007,
        "balance_base_std": 0.0016907167978820765,
        "balance_augment_mean": 0.9691463375609339,
        "balance_augment_std": 0.0015333852961150823
    },
    "7": {
        "imbalance_base_mean": 0.9532777238512766,
        "imbalance_base_std": 0.0022096076135740494,
        "balance_base_mean": 0.9696297204947963,
        "balance_base_std": 0.0008304513509352448,
        "balance_augment_mean": 0.9691561154430092,
        "balance_augment_std": 0.0011397088720206858
    },
    "8": {
        "imbalance_base_mean": 0.9485610513178807,
        "imbalance_base_std": 0.002530715884655193,
        "balance_base_mean": 0.9699063456676871,
        "balance_base_std": 0.0007942767293604827,
        "balance_augment_mean": 0.9688892681521937,
        "balance_augment_std": 0.0012057811738701682
    },
    "9": {
        "imbalance_base_mean": 0.9449718574775909,
        "imbalance_base_std": 0.0030479405622132628,
        "balance_base_mean": 0.9692245606175355,
        "balance_base_std": 0.00043891025663834516,
        "balance_augment_mean": 0.9691658933250844,
        "balance_augment_std": 0.0006185526908713089
    }
}