{
    "0": {
        "imbalance_base_mean": 0.1156551490043097,
        "imbalance_base_std": 0.0,
        "balance_base_mean": 0.1156551490043097,
        "balance_base_std": 0.0,
        "balance_augment_mean": 0.18099995048731193,
        "balance_augment_std": 0.004063634655421322
    },
    "1": {
        "imbalance_base_mean": 0.14545132167538827,
        "imbalance_base_std": 0.029681557887709566,
        "balance_base_mean": 0.1460415560271835,
        "balance_base_std": 0.026825314761065967,
        "balance_augment_mean": 0.20329265623101941,
        "balance_augment_std": 0.023982843329857912
    },
    "2": {
        "imbalance_base_mean": 0.17990252281670338,
        "imbalance_base_std": 0.025322739578268437,
        "balance_base_mean": 0.17894765517644157,
        "balance_base_std": 0.027729579554924957,
        "balance_augment_mean": 0.23930207638738366,
        "balance_augment_std": 0.027550951816263904
    },
    "3": {
        "imbalance_base_mean": 0.2059700642008039,
        "imbalance_base_std": 0.029511252236158015,
        "balance_base_mean": 0.2033917928558162,
        "balance_base_std": 0.03046259488288831,
        "balance_augment_mean": 0.2554701538887411,
        "balance_augment_std": 0.03382021443669471
    },
    "4": {
        "imbalance_base_mean": 0.2455547799561732,
        "imbalance_base_std": 0.031707312455378896,
        "balance_base_mean": 0.23012674500901448,
        "balance_base_std": 0.03705206582965886,
        "balance_augment_mean": 0.281414213842637,
        "balance_augment_std": 0.035597944893833285
    },
    "5": {
        "imbalance_base_mean": 0.2596542129682021,
        "imbalance_base_std": 0.027503464697361726,
        "balance_base_mean": 0.2498746370907366,
        "balance_base_std": 0.017114246669994664,
        "balance_augment_mean": 0.3091215316061124,
        "balance_augment_std": 0.02846260157084535
    },
    "6": {
        "imbalance_base_mean": 0.27785682957792374,
        "imbalance_base_std": 0.030480022991981198,
        "balance_base_mean": 0.270978680270472,
        "balance_base_std": 0.0237979825992317,
        "balance_augment_mean": 0.3089505592181493,
        "balance_augment_std": 0.031072893111428163
    },
    "7": {
        "imbalance_base_mean": 0.30018251713430627,
        "imbalance_base_std": 0.011309914852136923,
        "balance_base_mean": 0.2884140282391464,
        "balance_base_std": 0.010360830984689592,
        "balance_augment_mean": 0.3412389310521219,
        "balance_augment_std": 0.014798422527436805
    },
    "8": {
        "imbalance_base_mean": 0.32922853250556344,
        "imbalance_base_std": 0.005971994318066392,
        "balance_base_mean": 0.32603326167172947,
        "balance_base_std": 0.006967036994394123,
        "balance_augment_mean": 0.36864986972478897,
        "balance_augment_std": 0.00976123605356452
    },
    "9": {
        "imbalance_base_mean": 0.3512608969644449,
        "imbalance_base_std": 0.013991649421360596,
        "balance_base_mean": 0.3401553022973224,
        "balance_base_std": 0.016534473062378492,
        "balance_augment_mean": 0.39007220184370395,
        "balance_augment_std": 0.019388683169084854
    }
}