{
    "0": {
        "imbalance_base_mean": 0.9557495724398837,
        "imbalance_base_std": 0.0030570723336534548,
        "balance_base_mean": 0.9557495724398837,
        "balance_base_std": 0.0030570723336534548
    },
    "1": {
        "imbalance_base_mean": 0.9607789594200116,
        "imbalance_base_std": 0.0016321896981939,
        "balance_base_mean": 0.9569062069995413,
        "balance_base_std": 0.0029533384229844207
    },
    "2": {
        "imbalance_base_mean": 0.9602507760082775,
        "imbalance_base_std": 0.0028884526582208564,
        "balance_base_mean": 0.9601641973069934,
        "balance_base_std": 0.0024498528946997134
    },
    "3": {
        "imbalance_base_mean": 0.957916173328071,
        "imbalance_base_std": 0.0058340956010893156,
        "balance_base_mean": 0.957344789455532,
        "balance_base_std": 0.003090144417758804
    },
    "4": {
        "imbalance_base_mean": 0.9501342236539412,
        "imbalance_base_std": 0.007846990220235387,
        "balance_base_mean": 0.9532498124424439,
        "balance_base_std": 0.0069380033902885635
    },
    "5": {
        "imbalance_base_mean": 0.9435985094952125,
        "imbalance_base_std": 0.005682313129401247,
        "balance_base_mean": 0.9526853619771943,
        "balance_base_std": 0.0035404948009907043
    },
    "6": {
        "imbalance_base_mean": 0.9403152744740388,
        "imbalance_base_std": 0.008582990906742732,
        "balance_base_mean": 0.9489173217847657,
        "balance_base_std": 0.0055107457212365905
    },
    "7": {
        "imbalance_base_mean": 0.9277985187397555,
        "imbalance_base_std": 0.006362780716657389,
        "balance_base_mean": 0.9437759336099585,
        "balance_base_std": 0.0026924903081917183
    },
    "8": {
        "imbalance_base_mean": 0.9239718112548758,
        "imbalance_base_std": 0.005320058080990675,
        "balance_base_mean": 0.9478485103841109,
        "balance_base_std": 0.005534500016887121
    },
    "9": {
        "imbalance_base_mean": 0.9196211870704399,
        "imbalance_base_std": 0.0035849705434700934,
        "balance_base_mean": 0.9460588024050034,
        "balance_base_std": 0.002314270108899958
    }
}