{
    "0": {
        "imbalance_base_mean": 0.9569377990430622,
        "imbalance_base_std": 0.0,
        "balance_base_mean": 0.9569377990430622,
        "balance_base_std": 0.0,
        "balance_augment_mean": 0.952262759170654,
        "balance_augment_std": 0.004160939418306599
    },
    "1": {
        "imbalance_base_mean": 0.956016125061546,
        "imbalance_base_std": 0.004074975110136731,
        "balance_base_mean": 0.95625,
        "balance_base_std": 0.004166666666666697,
        "balance_augment_mean": 0.9583333333333334,
        "balance_augment_std": 0.0
    },
    "2": {
        "imbalance_base_mean": 0.9448824470704087,
        "imbalance_base_std": 0.0037805801997778826,
        "balance_base_mean": 0.9531080748399804,
        "balance_base_std": 0.007948365014017703,
        "balance_augment_mean": 0.9583333333333334,
        "balance_augment_std": 0.0
    },
    "3": {
        "imbalance_base_mean": 0.9403249630723781,
        "imbalance_base_std": 0.004818170289601213,
        "balance_base_mean": 0.9566223535204333,
        "balance_base_std": 0.003421959625800097,
        "balance_augment_mean": 0.9578040374199903,
        "balance_augment_std": 0.0010585918266863726
    },
    "4": {
        "imbalance_base_mean": 0.930576070901034,
        "imbalance_base_std": 0.007760074172268061,
        "balance_base_mean": 0.9514894140817332,
        "balance_base_std": 0.005319002033977832,
        "balance_augment_mean": 0.955797636632201,
        "balance_augment_std": 0.004509506271173328
    },
    "5": {
        "imbalance_base_mean": 0.9261447562776958,
        "imbalance_base_std": 0.007053079105650422,
        "balance_base_mean": 0.952141802067947,
        "balance_base_std": 0.002210728145804385,
        "balance_augment_mean": 0.9558591826686362,
        "balance_augment_std": 0.0022256871295084045
    },
    "6": {
        "imbalance_base_mean": 0.9217134416543574,
        "imbalance_base_std": 0.008036319355235128,
        "balance_base_mean": 0.9518463810930576,
        "balance_base_std": 0.005415155917229949,
        "balance_augment_mean": 0.9540866568193008,
        "balance_augment_std": 0.0035910411397348857
    },
    "7": {
        "imbalance_base_mean": 0.9093057607090103,
        "imbalance_base_std": 0.0047267355982274885,
        "balance_base_mean": 0.9518463810930576,
        "balance_base_std": 0.003041545093349172,
        "balance_augment_mean": 0.9544436238306254,
        "balance_augment_std": 0.0024421913958526404
    },
    "8": {
        "imbalance_base_mean": 0.8968980797636632,
        "imbalance_base_std": 0.004800022691069966,
        "balance_base_mean": 0.9488921713441656,
        "balance_base_std": 0.003181781274525575,
        "balance_augment_mean": 0.9527326440177253,
        "balance_augment_std": 0.0028026094477119905
    },
    "9": {
        "imbalance_base_mean": 0.8883308714918761,
        "imbalance_base_std": 0.006965923853797101,
        "balance_base_mean": 0.9477104874446086,
        "balance_base_std": 0.0022107281458044236,
        "balance_augment_mean": 0.9500738552437223,
        "balance_augment_std": 0.003012714631369429
    }
}