{
    "0": {
        "imbalance_base_mean": 0.9408094098883572,
        "imbalance_base_std": 0.004176813191577053,
        "balance_base_mean": 0.9408094098883572,
        "balance_base_std": 0.004176813191577053,
        "balance_augment_mean": 0.9370713716108453,
        "balance_augment_std": 0.005933625270805818
    },
    "1": {
        "imbalance_base_mean": 0.9394417774495322,
        "imbalance_base_std": 0.01660321517150004,
        "balance_base_mean": 0.9466948453280374,
        "balance_base_std": 0.010822356745156084,
        "balance_augment_mean": 0.9426914081733135,
        "balance_augment_std": 0.015093861466786653
    },
    "2": {
        "imbalance_base_mean": 0.9405434515017232,
        "imbalance_base_std": 0.008463331957103366,
        "balance_base_mean": 0.9432022402757262,
        "balance_base_std": 0.0038224449127312724,
        "balance_augment_mean": 0.9446024126046282,
        "balance_augment_std": 0.006431138216747634
    },
    "3": {
        "imbalance_base_mean": 0.9369830132939437,
        "imbalance_base_std": 0.009773549342791347,
        "balance_base_mean": 0.9429837518463812,
        "balance_base_std": 0.007849530431661119,
        "balance_augment_mean": 0.9453471196454949,
        "balance_augment_std": 0.007531786578423624
    },
    "4": {
        "imbalance_base_mean": 0.9267355982274742,
        "imbalance_base_std": 0.013717207404719541,
        "balance_base_mean": 0.9367799113737076,
        "balance_base_std": 0.006632184437413155,
        "balance_augment_mean": 0.9387709256523878,
        "balance_augment_std": 0.009928978110312554
    },
    "5": {
        "imbalance_base_mean": 0.9243722304283603,
        "imbalance_base_std": 0.008111982403394974,
        "balance_base_mean": 0.9341211225997046,
        "balance_base_std": 0.005333964574672879,
        "balance_augment_mean": 0.9355982274741507,
        "balance_augment_std": 0.00623891051165226
    },
    "6": {
        "imbalance_base_mean": 0.9158050221565732,
        "imbalance_base_std": 0.0061259797203331206,
        "balance_base_mean": 0.9302806499261447,
        "balance_base_std": 0.010293206138956765,
        "balance_augment_mean": 0.9329394387001477,
        "balance_augment_std": 0.012201994935340259
    },
    "7": {
        "imbalance_base_mean": 0.9134416543574595,
        "imbalance_base_std": 0.004240088654182348,
        "balance_base_mean": 0.9246676514032496,
        "balance_base_std": 0.009105485971889189,
        "balance_augment_mean": 0.9264401772525849,
        "balance_augment_std": 0.005713169750609684
    },
    "8": {
        "imbalance_base_mean": 0.8977843426883307,
        "imbalance_base_std": 0.005150840701377464,
        "balance_base_mean": 0.919645494830133,
        "balance_base_std": 0.0031817812745255397,
        "balance_augment_mean": 0.9237813884785819,
        "balance_augment_std": 0.005167756479921993
    },
    "9": {
        "imbalance_base_mean": 0.8824224519940916,
        "imbalance_base_std": 0.014247746590000002,
        "balance_base_mean": 0.918463810930576,
        "balance_base_std": 0.004890087254725814,
        "balance_augment_mean": 0.9178729689807976,
        "balance_augment_std": 0.00391920211563413
    }
}