{
    "0": {
        "balance_augment_mean": -2.178344492874268,
        "balance_augment_std": 0.013139999347570758
    },
    "1": {
        "balance_augment_mean": -2.205125066592373,
        "balance_augment_std": 0.01712448464149908
    },
    "2": {
        "balance_augment_mean": -2.234386832467865,
        "balance_augment_std": 0.01643570827038308
    },
    "3": {
        "balance_augment_mean": -2.2526457483422635,
        "balance_augment_std": 0.01621110659188031
    },
    "4": {
        "balance_augment_mean": -2.2766001997077256,
        "balance_augment_std": 0.018835793456036077
    },
    "5": {
        "balance_augment_mean": -2.292905530812013,
        "balance_augment_std": 0.021998680534432744
    },
    "6": {
        "balance_augment_mean": -2.3058012856889794,
        "balance_augment_std": 0.017318354629849885
    },
    "7": {
        "balance_augment_mean": -2.3185520958308357,
        "balance_augment_std": 0.019003471113264253
    },
    "8": {
        "balance_augment_mean": -2.3359438617053025,
        "balance_augment_std": 0.015667828931405132
    },
    "9": {
        "balance_augment_mean": -2.3575108994684073,
        "balance_augment_std": 0.010825648468617999
    },
    "10": {
        "train_all_augment": -2.6817186889298386
    }
}