{
    "0": {
        "imbalance_base_mean": 0.13193315433956057,
        "imbalance_base_std": 0.0,
        "balance_base_mean": 0.13193315433956057,
        "balance_base_std": 0.0,
        "balance_augment_mean": 0.1423305205629427,
        "balance_augment_std": 0.011210504780724925
    },
    "1": {
        "imbalance_base_mean": 0.10298177508143688,
        "imbalance_base_std": 0.016327939741730017,
        "balance_base_mean": 0.10058934062994802,
        "balance_base_std": 0.014422303187296806,
        "balance_augment_mean": 0.11640782899349951,
        "balance_augment_std": 0.017271880847410482
    },
    "2": {
        "imbalance_base_mean": 0.1126987455241664,
        "imbalance_base_std": 0.012679005335556647,
        "balance_base_mean": 0.11154823652455345,
        "balance_base_std": 0.00826085527607988,
        "balance_augment_mean": 0.125429517952314,
        "balance_augment_std": 0.014080945828685494
    },
    "3": {
        "imbalance_base_mean": 0.11963657014062767,
        "imbalance_base_std": 0.013365946466572444,
        "balance_base_mean": 0.12018779219205453,
        "balance_base_std": 0.015027355226865675,
        "balance_augment_mean": 0.13248895951210676,
        "balance_augment_std": 0.014688950373863922
    },
    "4": {
        "imbalance_base_mean": 0.13743729509221542,
        "imbalance_base_std": 0.01555965885340332,
        "balance_base_mean": 0.1327684610261582,
        "balance_base_std": 0.015409258617800218,
        "balance_augment_mean": 0.14620863574708823,
        "balance_augment_std": 0.018178987275276726
    },
    "5": {
        "imbalance_base_mean": 0.14307159309330836,
        "imbalance_base_std": 0.012113586671245966,
        "balance_base_mean": 0.13794335146740008,
        "balance_base_std": 0.010025200332133784,
        "balance_augment_mean": 0.14840659065943437,
        "balance_augment_std": 0.009116546492634188
    },
    "6": {
        "imbalance_base_mean": 0.1506518457964769,
        "imbalance_base_std": 0.014568548703915935,
        "balance_base_mean": 0.14540999402165086,
        "balance_base_std": 0.009074966266402475,
        "balance_augment_mean": 0.1524719639069697,
        "balance_augment_std": 0.008921863842995047
    },
    "7": {
        "imbalance_base_mean": 0.16074828617627318,
        "imbalance_base_std": 0.0049995733845407215,
        "balance_base_mean": 0.15288252894326868,
        "balance_base_std": 0.007509995812083821,
        "balance_augment_mean": 0.1603915246746707,
        "balance_augment_std": 0.007764321538663359
    },
    "8": {
        "imbalance_base_mean": 0.1739620718833637,
        "imbalance_base_std": 0.0033289630905815972,
        "balance_base_mean": 0.1633481594085734,
        "balance_base_std": 0.009783819343515712,
        "balance_augment_mean": 0.17016372029760346,
        "balance_augment_std": 0.0024089860230356495
    },
    "9": {
        "imbalance_base_mean": 0.18332264124767597,
        "imbalance_base_std": 0.006985401685758623,
        "balance_base_mean": 0.16786840317067964,
        "balance_base_std": 0.007928012244760722,
        "balance_augment_mean": 0.17784635358370932,
        "balance_augment_std": 0.00593522401228403
    }
}