{
    "0": {
        "imbalance_base_mean": 0.9637774902975419,
        "imbalance_base_std": 1.1102230246251565e-16,
        "balance_base_mean": 0.9637774902975419,
        "balance_base_std": 1.1102230246251565e-16,
        "balance_augment_mean": 0.9583441138421733,
        "balance_augment_std": 0.0009680872928263884
    },
    "1": {
        "imbalance_base_mean": 0.9531694695989652,
        "imbalance_base_std": 0.009520501678123704,
        "balance_base_mean": 0.95627425614489,
        "balance_base_std": 0.011782972871136551,
        "balance_augment_mean": 0.9500646830530401,
        "balance_augment_std": 0.007613939958376274
    },
    "2": {
        "imbalance_base_mean": 0.9404915912031049,
        "imbalance_base_std": 0.007454002737846297,
        "balance_base_mean": 0.9492884864165589,
        "balance_base_std": 0.009729156883292725,
        "balance_augment_mean": 0.9394566623544632,
        "balance_augment_std": 0.006514710640110837
    },
    "3": {
        "imbalance_base_mean": 0.9360931435963777,
        "imbalance_base_std": 0.00761393995837625,
        "balance_base_mean": 0.945666235446313,
        "balance_base_std": 0.009184082457593204,
        "balance_augment_mean": 0.9366106080206984,
        "balance_augment_std": 0.010120365958917422
    },
    "4": {
        "imbalance_base_mean": 0.9262613195342819,
        "imbalance_base_std": 0.010381579636604856,
        "balance_base_mean": 0.9412677878395861,
        "balance_base_std": 0.008985125668401183,
        "balance_augment_mean": 0.9322121604139715,
        "balance_augment_std": 0.011146524827186557
    },
    "5": {
        "imbalance_base_mean": 0.9234152652005175,
        "imbalance_base_std": 0.009625394689644656,
        "balance_base_mean": 0.9373868046571797,
        "balance_base_std": 0.0057622399615317186,
        "balance_augment_mean": 0.9260025873221215,
        "balance_augment_std": 0.006034620331017131
    },
    "6": {
        "imbalance_base_mean": 0.9195342820181113,
        "imbalance_base_std": 0.010264856106016762,
        "balance_base_mean": 0.9298835705045277,
        "balance_base_std": 0.007736049877219196,
        "balance_augment_mean": 0.9252263906856403,
        "balance_augment_std": 0.011466245695296416
    },
    "7": {
        "imbalance_base_mean": 0.9125485122897802,
        "imbalance_base_std": 0.007701358895801915,
        "balance_base_mean": 0.9210866752910738,
        "balance_base_std": 0.004329417989827051,
        "balance_augment_mean": 0.916170763260026,
        "balance_augment_std": 0.004123512923805727
    },
    "8": {
        "imbalance_base_mean": 0.9071151358344114,
        "imbalance_base_std": 0.00863561152304198,
        "balance_base_mean": 0.9104786545924968,
        "balance_base_std": 0.0019012856994436308,
        "balance_augment_mean": 0.9050452781371281,
        "balance_augment_std": 0.0029042618784791297
    },
    "9": {
        "imbalance_base_mean": 0.8970245795601552,
        "imbalance_base_std": 0.010749070156709431,
        "balance_base_mean": 0.9045278137128072,
        "balance_base_std": 0.005512878590598347,
        "balance_augment_mean": 0.8998706338939197,
        "balance_augment_std": 0.007613939958376287
    }
}