{
    "0": {
        "imbalance_base_mean": 0.9650711513583442,
        "imbalance_base_std": 0.0018295130173002453,
        "balance_base_mean": 0.9650711513583442,
        "balance_base_std": 0.0018295130173002453,
        "balance_augment_mean": 0.9681759379042691,
        "balance_augment_std": 0.007066753057566705
    },
    "1": {
        "imbalance_base_mean": 0.9534282018111255,
        "imbalance_base_std": 0.0033734553196391394,
        "balance_base_mean": 0.9586028460543338,
        "balance_base_std": 0.0023141712574383643,
        "balance_augment_mean": 0.9653298835705046,
        "balance_augment_std": 0.006816010283218379
    },
    "2": {
        "imbalance_base_mean": 0.9443725743855109,
        "imbalance_base_std": 0.006067808227455953,
        "balance_base_mean": 0.9570504527813712,
        "balance_base_std": 0.005003642847558557,
        "balance_augment_mean": 0.9609314359637775,
        "balance_augment_std": 0.0035096144802718283
    },
    "3": {
        "imbalance_base_mean": 0.9402328589909443,
        "imbalance_base_std": 0.007561003465046553,
        "balance_base_mean": 0.9560155239327296,
        "balance_base_std": 0.0034712568861575135,
        "balance_augment_mean": 0.9596377749029754,
        "balance_augment_std": 0.003603722710785031
    },
    "4": {
        "imbalance_base_mean": 0.9311772315653298,
        "imbalance_base_std": 0.0105224835227233,
        "balance_base_mean": 0.9518758085381631,
        "balance_base_std": 0.002225698646065351,
        "balance_augment_mean": 0.9573091849935318,
        "balance_augment_std": 0.005043619324610059
    },
    "5": {
        "imbalance_base_mean": 0.9285899094437257,
        "imbalance_base_std": 0.00661666848773321,
        "balance_base_mean": 0.9510996119016818,
        "balance_base_std": 0.004511150264983858,
        "balance_augment_mean": 0.9557567917205694,
        "balance_augment_std": 0.005451826004063504
    },
    "6": {
        "imbalance_base_mean": 0.920051746442432,
        "imbalance_base_std": 0.004203900856215257,
        "balance_base_mean": 0.9513583441138422,
        "balance_base_std": 0.0037135058459009957,
        "balance_augment_mean": 0.9544631306597673,
        "balance_augment_std": 0.006913526114301372
    },
    "7": {
        "imbalance_base_mean": 0.9172056921086675,
        "imbalance_base_std": 0.005043619324610076,
        "balance_base_mean": 0.950582147477361,
        "balance_base_std": 0.0019012856994436308,
        "balance_augment_mean": 0.9547218628719276,
        "balance_augment_std": 0.004090915472404118
    },
    "8": {
        "imbalance_base_mean": 0.9029754204398447,
        "imbalance_base_std": 0.007038277106719487,
        "balance_base_mean": 0.9485122897800776,
        "balance_base_std": 0.0015086550827543023,
        "balance_augment_mean": 0.9508408796895214,
        "balance_augment_std": 0.002834269379069431
    },
    "9": {
        "imbalance_base_mean": 0.8871927554980596,
        "imbalance_base_std": 0.01276470518348669,
        "balance_base_mean": 0.9461836998706339,
        "balance_base_std": 0.0021019504281075984,
        "balance_augment_mean": 0.9498059508408797,
        "balance_augment_std": 0.0020698576972833396
    }
}