{
    "0": {
        "imbalance_base_mean": 0.9579318179393914,
        "imbalance_base_std": 0.00229549521362784,
        "balance_base_mean": 0.9579318179393914,
        "balance_base_std": 0.00229549521362784,
        "balance_augment_mean": 0.9557076164367977,
        "balance_augment_std": 0.0017217771540228245
    },
    "1": {
        "imbalance_base_mean": 0.9648222025479383,
        "imbalance_base_std": 0.00287571339720711,
        "balance_base_mean": 0.9628564926914776,
        "balance_base_std": 0.004091704193380531,
        "balance_augment_mean": 0.9618003036476834,
        "balance_augment_std": 0.003615988418332541
    },
    "2": {
        "imbalance_base_mean": 0.9650847831265755,
        "imbalance_base_std": 0.002510253430108813,
        "balance_base_mean": 0.9650959832460435,
        "balance_base_std": 0.001747238010317419,
        "balance_augment_mean": 0.9631107176254325,
        "balance_augment_std": 0.00226991424293048
    },
    "3": {
        "imbalance_base_mean": 0.9646684231298467,
        "imbalance_base_std": 0.002700713785563474,
        "balance_base_mean": 0.964640511721014,
        "balance_base_std": 0.0007574697276489274,
        "balance_augment_mean": 0.9644435318421174,
        "balance_augment_std": 0.0016651797114055269
    },
    "4": {
        "imbalance_base_mean": 0.960890605055343,
        "imbalance_base_std": 0.004705984714981375,
        "balance_base_mean": 0.9648458472445929,
        "balance_base_std": 0.002057847378186068,
        "balance_augment_mean": 0.9640662833736894,
        "balance_augment_std": 0.0029114564227970246
    },
    "5": {
        "imbalance_base_mean": 0.9616115016337952,
        "imbalance_base_std": 0.0030316795814751656,
        "balance_base_mean": 0.9641137505466725,
        "balance_base_std": 0.0014653499316155518,
        "balance_augment_mean": 0.9647173125402227,
        "balance_augment_std": 0.0018330405714874504
    },
    "6": {
        "imbalance_base_mean": 0.9578644394429097,
        "imbalance_base_std": 0.0021515451143974125,
        "balance_base_mean": 0.9629862718535666,
        "balance_base_std": 0.0033926077213100795,
        "balance_augment_mean": 0.9631748960877806,
        "balance_augment_std": 0.002770720797250491
    },
    "7": {
        "imbalance_base_mean": 0.9561348209936462,
        "imbalance_base_std": 0.0026882682526620945,
        "balance_base_mean": 0.9616506131620959,
        "balance_base_std": 0.003476998285974251,
        "balance_augment_mean": 0.9617400363381655,
        "balance_augment_std": 0.003237865678409335
    },
    "8": {
        "imbalance_base_mean": 0.9493322595441018,
        "imbalance_base_std": 0.003563873910615137,
        "balance_base_mean": 0.959999217769434,
        "balance_base_std": 0.0017002605449732886,
        "balance_augment_mean": 0.9607410923494296,
        "balance_augment_std": 0.0017299811610726917
    },
    "9": {
        "imbalance_base_mean": 0.9419471141025504,
        "imbalance_base_std": 0.0062370631189529605,
        "balance_base_mean": 0.9595437462444044,
        "balance_base_std": 0.0022977966413519593,
        "balance_augment_mean": 0.9596625030666994,
        "balance_augment_std": 0.002524868678446262
    }
}