{
    "0": {
        "imbalance_base_mean": 0.9575071022979801,
        "imbalance_base_std": 0.0,
        "balance_base_mean": 0.9575071022979801,
        "balance_base_std": 0.0,
        "balance_augment_mean": 0.949315903814085,
        "balance_augment_std": 0.00400860079353628
    },
    "1": {
        "imbalance_base_mean": 0.9638833480890462,
        "imbalance_base_std": 0.004418220269839512,
        "balance_base_mean": 0.96418095126348,
        "balance_base_std": 0.004506434945774975,
        "balance_augment_mean": 0.9631638737479868,
        "balance_augment_std": 0.0031968209010121446
    },
    "2": {
        "imbalance_base_mean": 0.9607370034169254,
        "imbalance_base_std": 0.002655252579480618,
        "balance_base_mean": 0.9626259124541772,
        "balance_base_std": 0.0030314724273349182,
        "balance_augment_mean": 0.9608278488303876,
        "balance_augment_std": 0.0033620503267739574
    },
    "3": {
        "imbalance_base_mean": 0.9609227831763538,
        "imbalance_base_std": 0.0023556684026451603,
        "balance_base_mean": 0.9635731225577517,
        "balance_base_std": 0.0029271116097162376,
        "balance_augment_mean": 0.9631190732701148,
        "balance_augment_std": 0.001850382961554153
    },
    "4": {
        "imbalance_base_mean": 0.9566420264038371,
        "imbalance_base_std": 0.004838569116019223,
        "balance_base_mean": 0.962346442806501,
        "balance_base_std": 0.0032781141825210295,
        "balance_augment_mean": 0.96157523458028,
        "balance_augment_std": 0.00421746476175411
    },
    "5": {
        "imbalance_base_mean": 0.9557911728836219,
        "imbalance_base_std": 0.003827386542984683,
        "balance_base_mean": 0.9608040263540589,
        "balance_base_std": 0.0028531957320128837,
        "balance_augment_mean": 0.9611994083492446,
        "balance_augment_std": 0.0025832308196225536
    },
    "6": {
        "imbalance_base_mean": 0.9546343605442902,
        "imbalance_base_std": 0.0041387925770119,
        "balance_base_mean": 0.9593705888418367,
        "balance_base_std": 0.0033023930681127613,
        "balance_augment_mean": 0.9612971871699966,
        "balance_augment_std": 0.002740256900942982
    },
    "7": {
        "imbalance_base_mean": 0.95102561093985,
        "imbalance_base_std": 0.003038646968529445,
        "balance_base_mean": 0.9601892642410409,
        "balance_base_std": 0.0030421132757251714,
        "balance_augment_mean": 0.959330055076143,
        "balance_augment_std": 0.002964936545748601
    },
    "8": {
        "imbalance_base_mean": 0.9488894103759329,
        "imbalance_base_std": 0.004799063480158064,
        "balance_base_mean": 0.9589136950794142,
        "balance_base_std": 0.0018889702008357148,
        "balance_augment_mean": 0.9582123542651122,
        "balance_augment_std": 0.0035927089011145697
    },
    "9": {
        "imbalance_base_mean": 0.9446184314854914,
        "imbalance_base_std": 0.00533346618161689,
        "balance_base_mean": 0.9551456548869854,
        "balance_base_std": 0.0038525667395002943,
        "balance_augment_mean": 0.9565106472246816,
        "balance_augment_std": 0.0027302478937817056
    }
}