{
    "0": {
        "imbalance_base_mean": 0.9579318179393914,
        "imbalance_base_std": 0.00229549521362784,
        "balance_base_mean": 0.9579318179393914,
        "balance_base_std": 0.00229549521362784,
        "balance_augment_mean": 0.9568587398265581,
        "balance_augment_std": 0.002016771723418257
    },
    "1": {
        "imbalance_base_mean": 0.9648222025479383,
        "imbalance_base_std": 0.00287571339720711,
        "balance_base_mean": 0.9638344586786702,
        "balance_base_std": 0.002999382963211604,
        "balance_augment_mean": 0.9600566406041663,
        "balance_augment_std": 0.00403525298972029
    },
    "2": {
        "imbalance_base_mean": 0.9650847831265755,
        "imbalance_base_std": 0.002510253430108813,
        "balance_base_mean": 0.9639293930246368,
        "balance_base_std": 0.002236660627398189,
        "balance_augment_mean": 0.9581453313279786,
        "balance_augment_std": 0.0033430295651670112
    },
    "3": {
        "imbalance_base_mean": 0.9646684231298467,
        "imbalance_base_std": 0.002700713785563474,
        "balance_base_mean": 0.9638986371410183,
        "balance_base_std": 0.0027848424485633198,
        "balance_augment_mean": 0.958628714261841,
        "balance_augment_std": 0.004447151685729659
    },
    "4": {
        "imbalance_base_mean": 0.960890605055343,
        "imbalance_base_std": 0.004705984714981375,
        "balance_base_mean": 0.9613362986982972,
        "balance_base_std": 0.002598827361685042,
        "balance_augment_mean": 0.9533392356185132,
        "balance_augment_std": 0.0038678352953703298
    },
    "5": {
        "imbalance_base_mean": 0.9616115016337952,
        "imbalance_base_std": 0.0030316795814751656,
        "balance_base_mean": 0.9596457917773344,
        "balance_base_std": 0.0045512210459437595,
        "balance_augment_mean": 0.9556514380597836,
        "balance_augment_std": 0.0047682782023075725
    },
    "6": {
        "imbalance_base_mean": 0.9578644394429097,
        "imbalance_base_std": 0.0021515451143974125,
        "balance_base_mean": 0.9581424868531929,
        "balance_base_std": 0.0038147788067364676,
        "balance_augment_mean": 0.954850896187337,
        "balance_augment_std": 0.005381198603671664
    },
    "7": {
        "imbalance_base_mean": 0.9561348209936462,
        "imbalance_base_std": 0.0026882682526620945,
        "balance_base_mean": 0.9569060292198672,
        "balance_base_std": 0.003501317644862496,
        "balance_augment_mean": 0.9519630431613493,
        "balance_augment_std": 0.0038394082678220903
    },
    "8": {
        "imbalance_base_mean": 0.9493322595441018,
        "imbalance_base_std": 0.003563873910615137,
        "balance_base_mean": 0.9529312312664668,
        "balance_base_std": 0.003486655895857213,
        "balance_augment_mean": 0.9500741341240972,
        "balance_augment_std": 0.002668262252838389
    },
    "9": {
        "imbalance_base_mean": 0.9419471141025504,
        "imbalance_base_std": 0.0062370631189529605,
        "balance_base_mean": 0.9517744189271353,
        "balance_base_std": 0.003932809001226462,
        "balance_augment_mean": 0.9468901001610683,
        "balance_augment_std": 0.00507333021000638
    }
}