{
    "0": {
        "balance_augment_mean": 0.9658099464172063,
        "balance_augment_std": 0.0004994648992664758
    },
    "1": {
        "balance_augment_mean": 0.9659091474753507,
        "balance_augment_std": 0.0003356353124493129
    },
    "2": {
        "balance_augment_mean": 0.9662654179422357,
        "balance_augment_std": 2.3950821849376696e-05
    },
    "3": {
        "balance_augment_mean": 0.9658700359470501,
        "balance_augment_std": 0.0006621402470001946
    },
    "4": {
        "balance_augment_mean": 0.9667697788776414,
        "balance_augment_std": 0.00048492110207688587
    },
    "5": {
        "balance_augment_mean": 0.966631466291196,
        "balance_augment_std": 0.0008794872779433182
    },
    "6": {
        "balance_augment_mean": 0.9664833758226754,
        "balance_augment_std": 0.0006539193172091325
    },
    "7": {
        "balance_augment_mean": 0.9664735979406002,
        "balance_augment_std": 0.0005048346145546333
    },
    "8": {
        "balance_augment_mean": 0.9674026745174171,
        "balance_augment_std": 0.0005360081054741418
    },
    "9": {
        "balance_augment_mean": 0.9673928966353419,
        "balance_augment_std": 0.001060094338196896
    },
    "10": {
        "train_all_augment": 0.9678316568710066
    }
}