{
    "0": {
        "imbalance_base_mean": 0.9333512890804169,
        "imbalance_base_std": 0.0,
        "balance_base_mean": 0.9333512890804169,
        "balance_base_std": 0.0
    },
    "1": {
        "imbalance_base_mean": 0.953664927981454,
        "imbalance_base_std": 0.006444333432222132,
        "balance_base_mean": 0.9536482166920891,
        "balance_base_std": 0.006683392954093926
    },
    "2": {
        "imbalance_base_mean": 0.9588998282648349,
        "imbalance_base_std": 0.0033691727402128803,
        "balance_base_mean": 0.955629215600522,
        "balance_base_std": 0.004462548294791842
    },
    "3": {
        "imbalance_base_mean": 0.9589668512019683,
        "imbalance_base_std": 0.0027864185592684993,
        "balance_base_mean": 0.9606783361244743,
        "balance_base_std": 0.004303832275182821
    },
    "4": {
        "imbalance_base_mean": 0.9517185961094696,
        "imbalance_base_std": 0.005655226063179317,
        "balance_base_mean": 0.9555355257122743,
        "balance_base_std": 0.00415508714134742
    },
    "5": {
        "imbalance_base_mean": 0.9426317436274875,
        "imbalance_base_std": 0.00545328240269758,
        "balance_base_mean": 0.9444228738439877,
        "balance_base_std": 0.00457366299933545
    },
    "6": {
        "imbalance_base_mean": 0.93699577239935,
        "imbalance_base_std": 0.01564523972852221,
        "balance_base_mean": 0.9436991327907498,
        "balance_base_std": 0.005995580418260382
    },
    "7": {
        "imbalance_base_mean": 0.9261695235860294,
        "imbalance_base_std": 0.01732197731640242,
        "balance_base_mean": 0.937291953336391,
        "balance_base_std": 0.01078411338054441
    },
    "8": {
        "imbalance_base_mean": 0.9222743709266232,
        "imbalance_base_std": 0.019651927245283522,
        "balance_base_mean": 0.9364704334624013,
        "balance_base_std": 0.013007512670659853
    },
    "9": {
        "imbalance_base_mean": 0.9113586989372331,
        "imbalance_base_std": 0.004604208471242838,
        "balance_base_mean": 0.9229547337393822,
        "balance_base_std": 0.002989103825297967
    }
}