{
    "0": {
        "imbalance_base_mean": 0.9270833333333334,
        "imbalance_base_std": 0.0,
        "balance_base_mean": 0.9270833333333334,
        "balance_base_std": 0.0,
        "balance_augment_mean": 0.9401315789473685,
        "balance_augment_std": 0.009574070154799564
    },
    "1": {
        "imbalance_base_mean": 0.9451470950270803,
        "imbalance_base_std": 0.011479944459541142,
        "balance_base_mean": 0.9452904180743037,
        "balance_base_std": 0.012590003029412732,
        "balance_augment_mean": 0.9445716395864107,
        "balance_augment_std": 0.008826389377121558
    },
    "2": {
        "imbalance_base_mean": 0.9268956179222059,
        "imbalance_base_std": 0.009324510917890275,
        "balance_base_mean": 0.9437179168433831,
        "balance_base_std": 0.013327768274102713,
        "balance_augment_mean": 0.9379615952732644,
        "balance_augment_std": 0.010061675843974245
    },
    "3": {
        "imbalance_base_mean": 0.9335333579517477,
        "imbalance_base_std": 0.009674639532520433,
        "balance_base_mean": 0.9373707533234861,
        "balance_base_std": 0.014247746590000016,
        "balance_augment_mean": 0.9338257016248154,
        "balance_augment_std": 0.013025351660294624
    },
    "4": {
        "imbalance_base_mean": 0.9187776957163958,
        "imbalance_base_std": 0.014479224704214824,
        "balance_base_mean": 0.9288035450516986,
        "balance_base_std": 0.01472370551772773,
        "balance_augment_mean": 0.9285081240768095,
        "balance_augment_std": 0.014247746590000006
    },
    "5": {
        "imbalance_base_mean": 0.9155126784835057,
        "imbalance_base_std": 0.01419038601832696,
        "balance_base_mean": 0.9314623338257016,
        "balance_base_std": 0.007028287889731354,
        "balance_augment_mean": 0.9270310192023633,
        "balance_augment_std": 0.009824690781870543
    },
    "6": {
        "imbalance_base_mean": 0.9039758739537174,
        "imbalance_base_std": 0.00900813238251816,
        "balance_base_mean": 0.9252584933530281,
        "balance_base_std": 0.01099823365966693,
        "balance_augment_mean": 0.9246676514032497,
        "balance_augment_std": 0.009886676827581396
    },
    "7": {
        "imbalance_base_mean": 0.9044436238306254,
        "imbalance_base_std": 0.007931309507395137,
        "balance_base_mean": 0.9178729689807976,
        "balance_base_std": 0.008176279174651723,
        "balance_augment_mean": 0.918463810930576,
        "balance_augment_std": 0.005558312473331368
    },
    "8": {
        "imbalance_base_mean": 0.9014709502708026,
        "imbalance_base_std": 0.010913769676818175,
        "balance_base_mean": 0.9172821270310191,
        "balance_base_std": 0.005201423001967222,
        "balance_augment_mean": 0.9119645494830133,
        "balance_augment_std": 0.005251518119536509
    },
    "9": {
        "imbalance_base_mean": 0.8949870753323486,
        "imbalance_base_std": 0.011492517273533594,
        "balance_base_mean": 0.9110782865583458,
        "balance_base_std": 0.007077783486387542,
        "balance_augment_mean": 0.9057607090103398,
        "balance_augment_std": 0.008003673373201809
    }
}