{
    "0": {
        "imbalance_base_mean": 0.9579318179393914,
        "imbalance_base_std": 0.00229549521362784,
        "balance_base_mean": 0.9579318179393914,
        "balance_base_std": 0.00229549521362784,
        "balance_augment_mean": 0.9597005479169557,
        "balance_augment_std": 0.0024579387624399985
    },
    "1": {
        "imbalance_base_mean": 0.9648222025479383,
        "imbalance_base_std": 0.00287571339720711,
        "balance_base_mean": 0.9659119919501364,
        "balance_base_std": 0.004927304147705789,
        "balance_augment_mean": 0.9638485032729239,
        "balance_augment_std": 0.002386416037108211
    },
    "2": {
        "imbalance_base_mean": 0.9650847831265755,
        "imbalance_base_std": 0.002510253430108813,
        "balance_base_mean": 0.9672712953382614,
        "balance_base_std": 0.002298631072899493,
        "balance_augment_mean": 0.9649717152538514,
        "balance_augment_std": 0.0019129914567614344
    },
    "3": {
        "imbalance_base_mean": 0.9646684231298467,
        "imbalance_base_std": 0.002700713785563474,
        "balance_base_mean": 0.968416907558125,
        "balance_base_std": 0.0032880201780660185,
        "balance_augment_mean": 0.966631466291196,
        "balance_augment_std": 0.002828247570692123
    },
    "4": {
        "imbalance_base_mean": 0.960890605055343,
        "imbalance_base_std": 0.004705984714981375,
        "balance_base_mean": 0.9660040818213173,
        "balance_base_std": 0.0011610827127146906,
        "balance_augment_mean": 0.9642479742006136,
        "balance_augment_std": 0.0030986288107754446
    },
    "5": {
        "imbalance_base_mean": 0.9616115016337952,
        "imbalance_base_std": 0.0030316795814751656,
        "balance_base_mean": 0.9659146586452477,
        "balance_base_std": 0.002230434489683195,
        "balance_augment_mean": 0.9655123432427724,
        "balance_augment_std": 0.002941235380945071
    },
    "6": {
        "imbalance_base_mean": 0.9578644394429097,
        "imbalance_base_std": 0.0021515451143974125,
        "balance_base_mean": 0.9655974997066636,
        "balance_base_std": 0.0015396582579145749,
        "balance_augment_mean": 0.9665489765224162,
        "balance_augment_std": 0.00375382558556629
    },
    "7": {
        "imbalance_base_mean": 0.9561348209936462,
        "imbalance_base_std": 0.0026882682526620945,
        "balance_base_mean": 0.9653306524158479,
        "balance_base_std": 0.0016759001055487819,
        "balance_augment_mean": 0.9652538515966393,
        "balance_augment_std": 0.0016957779594889704
    },
    "8": {
        "imbalance_base_mean": 0.9493322595441018,
        "imbalance_base_std": 0.003563873910615137,
        "balance_base_mean": 0.9647564240685235,
        "balance_base_std": 0.0019268099968889067,
        "balance_augment_mean": 0.9651141167728012,
        "balance_augment_std": 0.000774139217790631
    },
    "9": {
        "imbalance_base_mean": 0.9419471141025504,
        "imbalance_base_std": 0.0062370631189529605,
        "balance_base_mean": 0.9655667438230452,
        "balance_base_std": 0.0011342660865508614,
        "balance_augment_mean": 0.9648277137178353,
        "balance_augment_std": 0.0010366252763263366
    }
}