{
    "0": {
        "imbalance_base_mean": 0.9637774902975419,
        "imbalance_base_std": 1.1102230246251565e-16,
        "balance_base_mean": 0.9637774902975419,
        "balance_base_std": 1.1102230246251565e-16,
        "balance_augment_mean": 0.9671410090556275,
        "balance_augment_std": 0.006263243693097133
    },
    "1": {
        "imbalance_base_mean": 0.9531694695989652,
        "imbalance_base_std": 0.009520501678123704,
        "balance_base_mean": 0.9586028460543338,
        "balance_base_std": 0.0071327548523105674,
        "balance_augment_mean": 0.9611901681759379,
        "balance_augment_std": 0.006067808227455925
    },
    "2": {
        "imbalance_base_mean": 0.9404915912031049,
        "imbalance_base_std": 0.007454002737846297,
        "balance_base_mean": 0.9523932729624839,
        "balance_base_std": 0.00569210866752913,
        "balance_augment_mean": 0.9549805950840881,
        "balance_augment_std": 0.003784925960757524
    },
    "3": {
        "imbalance_base_mean": 0.9360931435963777,
        "imbalance_base_std": 0.00761393995837625,
        "balance_base_mean": 0.9544631306597673,
        "balance_base_std": 0.0038723491713055043,
        "balance_augment_mean": 0.9549805950840881,
        "balance_augment_std": 0.0048680175219215265
    },
    "4": {
        "imbalance_base_mean": 0.9262613195342819,
        "imbalance_base_std": 0.010381579636604856,
        "balance_base_mean": 0.9523932729624839,
        "balance_base_std": 0.0026385611972019438,
        "balance_augment_mean": 0.9529107373868048,
        "balance_augment_std": 0.004298382335274559
    },
    "5": {
        "imbalance_base_mean": 0.9234152652005175,
        "imbalance_base_std": 0.009625394689644656,
        "balance_base_mean": 0.9508408796895214,
        "balance_base_std": 0.004976813470031398,
        "balance_augment_mean": 0.9521345407503234,
        "balance_augment_std": 0.0057272816613657546
    },
    "6": {
        "imbalance_base_mean": 0.9195342820181113,
        "imbalance_base_std": 0.010264856106016762,
        "balance_base_mean": 0.9490297542043985,
        "balance_base_std": 0.004375558738754911,
        "balance_augment_mean": 0.953686934023286,
        "balance_augment_std": 0.00575061080747551
    },
    "7": {
        "imbalance_base_mean": 0.9125485122897802,
        "imbalance_base_std": 0.007701358895801915,
        "balance_base_mean": 0.9503234152652006,
        "balance_base_std": 0.0038895980280395357,
        "balance_augment_mean": 0.9531694695989652,
        "balance_augment_std": 0.005865864967014072
    },
    "8": {
        "imbalance_base_mean": 0.9071151358344114,
        "imbalance_base_std": 0.00863561152304198,
        "balance_base_mean": 0.9495472186287193,
        "balance_base_std": 0.0029500010998683747,
        "balance_augment_mean": 0.9531694695989652,
        "balance_augment_std": 0.001901285699443579
    },
    "9": {
        "imbalance_base_mean": 0.8970245795601552,
        "imbalance_base_std": 0.010749070156709431,
        "balance_base_mean": 0.9490297542043985,
        "balance_base_std": 0.003126273214384124,
        "balance_augment_mean": 0.9531694695989652,
        "balance_augment_std": 0.0019012856994435941
    }
}