{
    "0": {
        "imbalance_base_mean": 0.9569377990430622,
        "imbalance_base_std": 0.0,
        "balance_base_mean": 0.9569377990430622,
        "balance_base_std": 0.0,
        "balance_augment_mean": 0.9556917862838915,
        "balance_augment_std": 0.003937337229220211
    },
    "1": {
        "imbalance_base_mean": 0.956016125061546,
        "imbalance_base_std": 0.004074975110136731,
        "balance_base_mean": 0.9541666666666668,
        "balance_base_std": 0.008333333333333349,
        "balance_augment_mean": 0.9520833333333334,
        "balance_augment_std": 0.008333333333333354
    },
    "2": {
        "imbalance_base_mean": 0.9448824470704087,
        "imbalance_base_std": 0.0037805801997778826,
        "balance_base_mean": 0.95,
        "balance_base_std": 0.007795119555779064,
        "balance_augment_mean": 0.9479166666666667,
        "balance_augment_std": 0.009316949906249141
    },
    "3": {
        "imbalance_base_mean": 0.9403249630723781,
        "imbalance_base_std": 0.004818170289601213,
        "balance_base_mean": 0.95625,
        "balance_base_std": 0.004166666666666696,
        "balance_augment_mean": 0.9520833333333334,
        "balance_augment_std": 0.008333333333333354
    },
    "4": {
        "imbalance_base_mean": 0.930576070901034,
        "imbalance_base_std": 0.007760074172268061,
        "balance_base_mean": 0.9533419497784343,
        "balance_base_std": 0.004678638446635935,
        "balance_augment_mean": 0.9494707040866567,
        "balance_augment_std": 0.0031080748399803237
    },
    "5": {
        "imbalance_base_mean": 0.9261447562776958,
        "imbalance_base_std": 0.007053079105650422,
        "balance_base_mean": 0.9515540374199901,
        "balance_base_std": 0.004532778883356693,
        "balance_augment_mean": 0.9453040374199901,
        "balance_augment_std": 0.00697510628670535
    },
    "6": {
        "imbalance_base_mean": 0.9217134416543574,
        "imbalance_base_std": 0.008036319355235128,
        "balance_base_mean": 0.9468580748399802,
        "balance_base_std": 0.008150612501496263,
        "balance_augment_mean": 0.9473873707533235,
        "balance_augment_std": 0.008769217411857988
    },
    "7": {
        "imbalance_base_mean": 0.9093057607090103,
        "imbalance_base_std": 0.0047267355982274885,
        "balance_base_mean": 0.9414327917282126,
        "balance_base_std": 0.007865583456425407,
        "balance_augment_mean": 0.9416666666666668,
        "balance_augment_std": 0.008333333333333349
    },
    "8": {
        "imbalance_base_mean": 0.8968980797636632,
        "imbalance_base_std": 0.004800022691069966,
        "balance_base_mean": 0.9408419497784344,
        "balance_base_std": 0.0066838995568685436,
        "balance_augment_mean": 0.9414327917282126,
        "balance_augment_std": 0.007865583456425407
    },
    "9": {
        "imbalance_base_mean": 0.8883308714918761,
        "imbalance_base_std": 0.006965923853797101,
        "balance_base_mean": 0.9375,
        "balance_base_std": 0.0,
        "balance_augment_mean": 0.9375,
        "balance_augment_std": 0.0
    }
}