{
    "0": {
        "imbalance_base_mean": 0.7046666666666666,
        "imbalance_base_std": 0.0063157651071654546,
        "balance_base_mean": 0.7046666666666666,
        "balance_base_std": 0.0063157651071654546,
        "balance_augment_mean": 0.7060000000000001,
        "balance_augment_std": 0.010780641085864146
    },
    "1": {
        "imbalance_base_mean": 0.5273333333333334,
        "imbalance_base_std": 0.023192431715731952,
        "balance_base_mean": 0.6096666666666668,
        "balance_base_std": 0.012344589458094135,
        "balance_augment_mean": 0.6206666666666666,
        "balance_augment_std": 0.015031448514512649
    },
    "2": {
        "imbalance_base_mean": 0.4216666666666667,
        "imbalance_base_std": 0.02533114025595111,
        "balance_base_mean": 0.5508333333333333,
        "balance_base_std": 0.02455718948812253,
        "balance_augment_mean": 0.5715000000000001,
        "balance_augment_std": 0.017435595774162684
    },
    "3": {
        "imbalance_base_mean": 0.36683333333333334,
        "imbalance_base_std": 0.027204983203654273,
        "balance_base_mean": 0.5141666666666667,
        "balance_base_std": 0.017834112132527242,
        "balance_augment_mean": 0.536,
        "balance_augment_std": 0.01857716639079037
    },
    "4": {
        "imbalance_base_mean": 0.3171666666666667,
        "imbalance_base_std": 0.019822826348541836,
        "balance_base_mean": 0.4946666666666667,
        "balance_base_std": 0.01651262143533446,
        "balance_augment_mean": 0.5136666666666667,
        "balance_augment_std": 0.02061283311165374
    },
    "5": {
        "imbalance_base_mean": 0.2831666666666667,
        "imbalance_base_std": 0.008996913050843857,
        "balance_base_mean": 0.47400000000000003,
        "balance_base_std": 0.01054619467970425,
        "balance_augment_mean": 0.48283333333333334,
        "balance_augment_std": 0.011286668635558003
    },
    "6": {
        "imbalance_base_mean": 0.25316666666666665,
        "imbalance_base_std": 0.012751906175592383,
        "balance_base_mean": 0.44499999999999995,
        "balance_base_std": 0.01605545943838973,
        "balance_augment_mean": 0.45616666666666666,
        "balance_augment_std": 0.01086022303842994
    },
    "7": {
        "imbalance_base_mean": 0.24316666666666667,
        "imbalance_base_std": 0.010252370999486459,
        "balance_base_mean": 0.42366666666666664,
        "balance_base_std": 0.013597385369580764,
        "balance_augment_mean": 0.43466666666666665,
        "balance_augment_std": 0.008573214099741122
    },
    "8": {
        "imbalance_base_mean": 0.2368333333333333,
        "imbalance_base_std": 0.009149984820873874,
        "balance_base_mean": 0.41183333333333333,
        "balance_base_std": 0.004870546398734146,
        "balance_augment_mean": 0.41866666666666663,
        "balance_augment_std": 0.007218802609235908
    },
    "9": {
        "imbalance_base_mean": 0.22799999999999998,
        "imbalance_base_std": 0.007483314773547878,
        "balance_base_mean": 0.3955,
        "balance_base_std": 0.0076303487615064156,
        "balance_augment_mean": 0.4071666666666666,
        "balance_augment_std": 0.007389933092465122
    }
}