{
    "0": {
        "imbalance_base_mean": 0.72525,
        "imbalance_base_std": 0.0045992149088488875,
        "balance_base_mean": 0.72525,
        "balance_base_std": 0.0045992149088488875,
        "balance_augment_mean": 0.74825,
        "balance_augment_std": 0.005240069974087455
    },
    "1": {
        "imbalance_base_mean": 0.7068333333333333,
        "imbalance_base_std": 0.009645090864153523,
        "balance_base_mean": 0.7334999999999999,
        "balance_base_std": 0.0071715099913167634,
        "balance_augment_mean": 0.7480833333333334,
        "balance_augment_std": 0.005339839781200275
    },
    "2": {
        "imbalance_base_mean": 0.6759166666666667,
        "imbalance_base_std": 0.010217767749258058,
        "balance_base_mean": 0.7394166666666667,
        "balance_base_std": 0.004500000000000006,
        "balance_augment_mean": 0.7480833333333333,
        "balance_augment_std": 0.00545562910111097
    },
    "3": {
        "imbalance_base_mean": 0.6588333333333334,
        "imbalance_base_std": 0.010939860856316014,
        "balance_base_mean": 0.7409166666666668,
        "balance_base_std": 0.004043169823569407,
        "balance_augment_mean": 0.74825,
        "balance_augment_std": 0.005841660722773945
    },
    "4": {
        "imbalance_base_mean": 0.6396666666666667,
        "imbalance_base_std": 0.008089774066341069,
        "balance_base_mean": 0.7394999999999999,
        "balance_base_std": 0.00549873722877453,
        "balance_augment_mean": 0.7473333333333333,
        "balance_augment_std": 0.003896223242520301
    },
    "5": {
        "imbalance_base_mean": 0.62675,
        "imbalance_base_std": 0.004211426256164435,
        "balance_base_mean": 0.7389166666666667,
        "balance_base_std": 0.00806914562460682,
        "balance_augment_mean": 0.7449166666666667,
        "balance_augment_std": 0.005517648452415622
    },
    "6": {
        "imbalance_base_mean": 0.61625,
        "imbalance_base_std": 0.005755432216610688,
        "balance_base_mean": 0.736,
        "balance_base_std": 0.0068343495179375175,
        "balance_augment_mean": 0.7432500000000001,
        "balance_augment_std": 0.005486093530210915
    },
    "7": {
        "imbalance_base_mean": 0.6123333333333333,
        "imbalance_base_std": 0.0033187179586232954,
        "balance_base_mean": 0.7350833333333334,
        "balance_base_std": 0.007328596955306892,
        "balance_augment_mean": 0.7446666666666666,
        "balance_augment_std": 0.005648254400943536
    },
    "8": {
        "imbalance_base_mean": 0.6103333333333334,
        "imbalance_base_std": 0.003965125751123438,
        "balance_base_mean": 0.7311666666666666,
        "balance_base_std": 0.0038042374035044454,
        "balance_augment_mean": 0.7408333333333333,
        "balance_augment_std": 0.0052041649986653326
    },
    "9": {
        "imbalance_base_mean": 0.6068333333333333,
        "imbalance_base_std": 0.0035804251764901584,
        "balance_base_mean": 0.7324166666666667,
        "balance_base_std": 0.001099242163189395,
        "balance_augment_mean": 0.7395,
        "balance_augment_std": 0.005112620550059309
    }
}