{
    "0": {
        "imbalance_base_mean": 0.7095833333333332,
        "imbalance_base_std": 0.0,
        "balance_base_mean": 0.7095833333333332,
        "balance_base_std": 0.0,
        "balance_augment_mean": 0.7106666666666668,
        "balance_augment_std": 0.0036949665462325545
    },
    "1": {
        "imbalance_base_mean": 0.6979166666666666,
        "imbalance_base_std": 0.01451531757986864,
        "balance_base_mean": 0.6994166666666667,
        "balance_base_std": 0.009146189248959276,
        "balance_augment_mean": 0.7056666666666667,
        "balance_augment_std": 0.010857664983268225
    },
    "2": {
        "imbalance_base_mean": 0.6773333333333333,
        "imbalance_base_std": 0.009998611014647107,
        "balance_base_mean": 0.6838333333333333,
        "balance_base_std": 0.007951240294584393,
        "balance_augment_mean": 0.6889166666666666,
        "balance_augment_std": 0.011909963149490542
    },
    "3": {
        "imbalance_base_mean": 0.6638333333333333,
        "imbalance_base_std": 0.009396364545219952,
        "balance_base_mean": 0.68125,
        "balance_base_std": 0.011595018087284078,
        "balance_augment_mean": 0.6818333333333333,
        "balance_augment_std": 0.00937120293475947
    },
    "4": {
        "imbalance_base_mean": 0.65175,
        "imbalance_base_std": 0.006299250396321423,
        "balance_base_mean": 0.6704166666666668,
        "balance_base_std": 0.007997395409340044,
        "balance_augment_mean": 0.6706666666666667,
        "balance_augment_std": 0.008344159634139302
    },
    "5": {
        "imbalance_base_mean": 0.6384166666666666,
        "imbalance_base_std": 0.003490065265228669,
        "balance_base_mean": 0.6650833333333332,
        "balance_base_std": 0.0036074768036522113,
        "balance_augment_mean": 0.6660833333333332,
        "balance_augment_std": 0.0028333333333333474
    },
    "6": {
        "imbalance_base_mean": 0.6260833333333333,
        "imbalance_base_std": 0.006161033463091483,
        "balance_base_mean": 0.6560833333333334,
        "balance_base_std": 0.0031024184114977213,
        "balance_augment_mean": 0.6580833333333332,
        "balance_augment_std": 0.004827582785986737
    },
    "7": {
        "imbalance_base_mean": 0.6258333333333332,
        "imbalance_base_std": 0.00531637930257883,
        "balance_base_mean": 0.6579166666666667,
        "balance_base_std": 0.0057312496213498204,
        "balance_augment_mean": 0.6561666666666668,
        "balance_augment_std": 0.0044048584288008015
    },
    "8": {
        "imbalance_base_mean": 0.6169166666666667,
        "imbalance_base_std": 0.004302776881141874,
        "balance_base_mean": 0.6516666666666666,
        "balance_base_std": 0.0023273733406281587,
        "balance_augment_mean": 0.6526666666666667,
        "balance_augment_std": 0.003905124837953297
    },
    "9": {
        "imbalance_base_mean": 0.61725,
        "imbalance_base_std": 0.0025083194905487255,
        "balance_base_mean": 0.6484166666666666,
        "balance_base_std": 0.003739800945386139,
        "balance_augment_mean": 0.64975,
        "balance_augment_std": 0.005307227776030227
    }
}