{
    "0": {
        "balance_augment_mean": 0.75225,
        "balance_augment_std": 0.0010069204977995673
    },
    "1": {
        "balance_augment_mean": 0.7505000000000001,
        "balance_augment_std": 0.00242097317438896
    },
    "2": {
        "balance_augment_mean": 0.751,
        "balance_augment_std": 0.0009354143466934516
    },
    "3": {
        "balance_augment_mean": 0.7488333333333334,
        "balance_augment_std": 0.0025739075352467656
    },
    "4": {
        "balance_augment_mean": 0.7480833333333333,
        "balance_augment_std": 0.003914006188605767
    },
    "5": {
        "balance_augment_mean": 0.7464166666666667,
        "balance_augment_std": 0.0033911649915626665
    },
    "6": {
        "balance_augment_mean": 0.7461666666666666,
        "balance_augment_std": 0.004680040360699671
    },
    "7": {
        "balance_augment_mean": 0.7445833333333333,
        "balance_augment_std": 0.004393808775488006
    },
    "8": {
        "balance_augment_mean": 0.74375,
        "balance_augment_std": 0.004022506128715687
    },
    "9": {
        "balance_augment_mean": 0.7419166666666667,
        "balance_augment_std": 0.003940530139178946
    },
    "10": {
        "train_all_augment": 0.7845833333333334
    }
}