{
    "0": {
        "imbalance_base_mean": 0.72525,
        "imbalance_base_std": 0.0045992149088488875,
        "balance_base_mean": 0.72525,
        "balance_base_std": 0.0045992149088488875,
        "balance_augment_mean": 0.7151666666666667,
        "balance_augment_std": 0.003787772725787808
    },
    "1": {
        "imbalance_base_mean": 0.7068333333333333,
        "imbalance_base_std": 0.009645090864153523,
        "balance_base_mean": 0.7133333333333333,
        "balance_base_std": 0.006967184988692851,
        "balance_augment_mean": 0.7062499999999999,
        "balance_augment_std": 0.00586301969977929
    },
    "2": {
        "imbalance_base_mean": 0.6759166666666667,
        "imbalance_base_std": 0.010217767749258058,
        "balance_base_mean": 0.6925833333333333,
        "balance_base_std": 0.011044103504686235,
        "balance_augment_mean": 0.6859166666666666,
        "balance_augment_std": 0.010591532257211654
    },
    "3": {
        "imbalance_base_mean": 0.6588333333333334,
        "imbalance_base_std": 0.010939860856316014,
        "balance_base_mean": 0.6832499999999999,
        "balance_base_std": 0.010459578279155342,
        "balance_augment_mean": 0.6736666666666666,
        "balance_augment_std": 0.009751780464213815
    },
    "4": {
        "imbalance_base_mean": 0.6396666666666667,
        "imbalance_base_std": 0.008089774066341069,
        "balance_base_mean": 0.6654166666666667,
        "balance_base_std": 0.005387743291748175,
        "balance_augment_mean": 0.6604166666666667,
        "balance_augment_std": 0.006286007388548736
    },
    "5": {
        "imbalance_base_mean": 0.62675,
        "imbalance_base_std": 0.004211426256164435,
        "balance_base_mean": 0.6509166666666666,
        "balance_base_std": 0.0026273137950724433,
        "balance_augment_mean": 0.6441666666666667,
        "balance_augment_std": 0.001844661968431532
    },
    "6": {
        "imbalance_base_mean": 0.61625,
        "imbalance_base_std": 0.005755432216610688,
        "balance_base_mean": 0.6333333333333334,
        "balance_base_std": 0.004433145359423437,
        "balance_augment_mean": 0.6356666666666667,
        "balance_augment_std": 0.004805956951765416
    },
    "7": {
        "imbalance_base_mean": 0.6123333333333333,
        "imbalance_base_std": 0.0033187179586232954,
        "balance_base_mean": 0.6263333333333334,
        "balance_base_std": 0.0022110831935702358,
        "balance_augment_mean": 0.6259166666666667,
        "balance_augment_std": 0.004194904316217766
    },
    "8": {
        "imbalance_base_mean": 0.6103333333333334,
        "imbalance_base_std": 0.003965125751123438,
        "balance_base_mean": 0.6210833333333333,
        "balance_base_std": 0.0038962232425203396,
        "balance_augment_mean": 0.6176666666666667,
        "balance_augment_std": 0.002395017977200007
    },
    "9": {
        "imbalance_base_mean": 0.6068333333333333,
        "imbalance_base_std": 0.0035804251764901584,
        "balance_base_mean": 0.61775,
        "balance_base_std": 0.003922867431979964,
        "balance_augment_mean": 0.6151666666666668,
        "balance_augment_std": 0.0014092945437739748
    }
}