{
    "0": {
        "imbalance_base_mean": 0.76,
        "imbalance_base_std": 0.0,
        "balance_base_mean": 0.76,
        "balance_base_std": 0.0,
        "balance_augment_mean": 0.7711666666666666,
        "balance_augment_std": 0.008409650541028605
    },
    "1": {
        "imbalance_base_mean": 0.6105,
        "imbalance_base_std": 0.02736887932589779,
        "balance_base_mean": 0.7941666666666667,
        "balance_base_std": 0.014869805348796984,
        "balance_augment_mean": 0.7825,
        "balance_augment_std": 0.010314498964510525
    },
    "2": {
        "imbalance_base_mean": 0.49450000000000005,
        "imbalance_base_std": 0.016604885492595922,
        "balance_base_mean": 0.7953333333333333,
        "balance_base_std": 0.01609520287401049,
        "balance_augment_mean": 0.7821666666666667,
        "balance_augment_std": 0.008475454756727403
    },
    "3": {
        "imbalance_base_mean": 0.4103333333333333,
        "imbalance_base_std": 0.017017964364491756,
        "balance_base_mean": 0.7971666666666668,
        "balance_base_std": 0.012927146286443543,
        "balance_augment_mean": 0.7846666666666666,
        "balance_augment_std": 0.009046177830074638
    },
    "4": {
        "imbalance_base_mean": 0.33816666666666667,
        "imbalance_base_std": 0.02293347868170994,
        "balance_base_mean": 0.7971666666666667,
        "balance_base_std": 0.01327696417776962,
        "balance_augment_mean": 0.7853333333333333,
        "balance_augment_std": 0.01376993504382321
    },
    "5": {
        "imbalance_base_mean": 0.2866666666666667,
        "imbalance_base_std": 0.009545214042184228,
        "balance_base_mean": 0.7945,
        "balance_base_std": 0.0053903205429320904,
        "balance_augment_mean": 0.7838333333333333,
        "balance_augment_std": 0.0043652669512362725
    },
    "6": {
        "imbalance_base_mean": 0.24850000000000003,
        "imbalance_base_std": 0.00768114574786861,
        "balance_base_mean": 0.7903333333333333,
        "balance_base_std": 0.00870185165480443,
        "balance_augment_mean": 0.779,
        "balance_augment_std": 0.006612278141625787
    },
    "7": {
        "imbalance_base_mean": 0.22666666666666666,
        "imbalance_base_std": 0.006078194176270151,
        "balance_base_mean": 0.7886666666666666,
        "balance_base_std": 0.00549241901776138,
        "balance_augment_mean": 0.7803333333333333,
        "balance_augment_std": 0.005126185499743242
    },
    "8": {
        "imbalance_base_mean": 0.21399999999999997,
        "imbalance_base_std": 0.004784233364802436,
        "balance_base_mean": 0.7875,
        "balance_base_std": 0.005845225972250069,
        "balance_augment_mean": 0.7801666666666667,
        "balance_augment_std": 0.008996913050843883
    },
    "9": {
        "imbalance_base_mean": 0.2015,
        "imbalance_base_std": 0.00226077666104176,
        "balance_base_mean": 0.7895,
        "balance_base_std": 0.0037490739597340074,
        "balance_augment_mean": 0.7809999999999999,
        "balance_augment_std": 0.00460675832036175
    }
}