{
    "0": {
        "imbalance_base_mean": 0.7046666666666666,
        "imbalance_base_std": 0.0063157651071654546,
        "balance_base_mean": 0.7046666666666666,
        "balance_base_std": 0.0063157651071654546,
        "balance_augment_mean": 0.7343333333333334,
        "balance_augment_std": 0.012543258481484515
    },
    "1": {
        "imbalance_base_mean": 0.5273333333333334,
        "imbalance_base_std": 0.023192431715731952,
        "balance_base_mean": 0.7268333333333332,
        "balance_base_std": 0.008872554436137457,
        "balance_augment_mean": 0.7338333333333333,
        "balance_augment_std": 0.011990737165736625
    },
    "2": {
        "imbalance_base_mean": 0.4216666666666667,
        "imbalance_base_std": 0.02533114025595111,
        "balance_base_mean": 0.7268333333333333,
        "balance_base_std": 0.009330356668185607,
        "balance_augment_mean": 0.7328333333333334,
        "balance_augment_std": 0.006069047152011035
    },
    "3": {
        "imbalance_base_mean": 0.36683333333333334,
        "imbalance_base_std": 0.027204983203654273,
        "balance_base_mean": 0.7333333333333333,
        "balance_base_std": 0.0058689389538863395,
        "balance_augment_mean": 0.7366666666666666,
        "balance_augment_std": 0.006476453075908466
    },
    "4": {
        "imbalance_base_mean": 0.3171666666666667,
        "imbalance_base_std": 0.019822826348541836,
        "balance_base_mean": 0.7245,
        "balance_base_std": 0.0060461190490723495,
        "balance_augment_mean": 0.734,
        "balance_augment_std": 0.0083566340911478
    },
    "5": {
        "imbalance_base_mean": 0.2831666666666667,
        "imbalance_base_std": 0.008996913050843857,
        "balance_base_mean": 0.7324999999999999,
        "balance_base_std": 0.009530652303663859,
        "balance_augment_mean": 0.7351666666666666,
        "balance_augment_std": 0.013451559182654062
    },
    "6": {
        "imbalance_base_mean": 0.25316666666666665,
        "imbalance_base_std": 0.012751906175592383,
        "balance_base_mean": 0.7281666666666667,
        "balance_base_std": 0.012126646509054177,
        "balance_augment_mean": 0.731,
        "balance_augment_std": 0.007386173268720101
    },
    "7": {
        "imbalance_base_mean": 0.24316666666666667,
        "imbalance_base_std": 0.010252370999486459,
        "balance_base_mean": 0.7276666666666667,
        "balance_base_std": 0.009795123503276753,
        "balance_augment_mean": 0.7355,
        "balance_augment_std": 0.008605553762283733
    },
    "8": {
        "imbalance_base_mean": 0.2368333333333333,
        "imbalance_base_std": 0.009149984820873874,
        "balance_base_mean": 0.7213333333333334,
        "balance_base_std": 0.0038586123009300686,
        "balance_augment_mean": 0.7301666666666666,
        "balance_augment_std": 0.008602325267042635
    },
    "9": {
        "imbalance_base_mean": 0.22799999999999998,
        "imbalance_base_std": 0.007483314773547878,
        "balance_base_mean": 0.7148333333333334,
        "balance_base_std": 0.004027681991198178,
        "balance_augment_mean": 0.7226666666666667,
        "balance_augment_std": 0.009058452161134121
    }
}