{
    "0": {
        "imbalance_base_mean": 0.7095833333333332,
        "imbalance_base_std": 0.0,
        "balance_base_mean": 0.7095833333333332,
        "balance_base_std": 0.0,
        "balance_augment_mean": 0.7146666666666667,
        "balance_augment_std": 0.005811865258054284
    },
    "1": {
        "imbalance_base_mean": 0.6979166666666666,
        "imbalance_base_std": 0.01451531757986864,
        "balance_base_mean": 0.6986666666666667,
        "balance_base_std": 0.012203141671990289,
        "balance_augment_mean": 0.701,
        "balance_augment_std": 0.010363531144247012
    },
    "2": {
        "imbalance_base_mean": 0.6773333333333333,
        "imbalance_base_std": 0.009998611014647107,
        "balance_base_mean": 0.6837500000000001,
        "balance_base_std": 0.010826921179274489,
        "balance_augment_mean": 0.6834166666666667,
        "balance_augment_std": 0.008372408388404286
    },
    "3": {
        "imbalance_base_mean": 0.6638333333333333,
        "imbalance_base_std": 0.009396364545219952,
        "balance_base_mean": 0.6725,
        "balance_base_std": 0.011459469640626694,
        "balance_augment_mean": 0.6744999999999999,
        "balance_augment_std": 0.009038497908637488
    },
    "4": {
        "imbalance_base_mean": 0.65175,
        "imbalance_base_std": 0.006299250396321423,
        "balance_base_mean": 0.6645833333333333,
        "balance_base_std": 0.004880516821448786,
        "balance_augment_mean": 0.66475,
        "balance_augment_std": 0.007943375996528314
    },
    "5": {
        "imbalance_base_mean": 0.6384166666666666,
        "imbalance_base_std": 0.003490065265228669,
        "balance_base_mean": 0.6553333333333333,
        "balance_base_std": 0.0032425127430573044,
        "balance_augment_mean": 0.6514166666666668,
        "balance_augment_std": 0.0024804793443562114
    },
    "6": {
        "imbalance_base_mean": 0.6260833333333333,
        "imbalance_base_std": 0.006161033463091483,
        "balance_base_mean": 0.6465833333333333,
        "balance_base_std": 0.007805802684897634,
        "balance_augment_mean": 0.6447499999999999,
        "balance_augment_std": 0.0037877727257878495
    },
    "7": {
        "imbalance_base_mean": 0.6258333333333332,
        "imbalance_base_std": 0.00531637930257883,
        "balance_base_mean": 0.6446666666666666,
        "balance_base_std": 0.002098279718669056,
        "balance_augment_mean": 0.6431666666666668,
        "balance_augment_std": 0.00477697021598887
    },
    "8": {
        "imbalance_base_mean": 0.6169166666666667,
        "imbalance_base_std": 0.004302776881141874,
        "balance_base_mean": 0.63975,
        "balance_base_std": 0.0018371173070873869,
        "balance_augment_mean": 0.6395833333333333,
        "balance_augment_std": 0.003717451337199252
    },
    "9": {
        "imbalance_base_mean": 0.61725,
        "imbalance_base_std": 0.0025083194905487255,
        "balance_base_mean": 0.6355,
        "balance_base_std": 0.0025467844649893663,
        "balance_augment_mean": 0.6408333333333334,
        "balance_augment_std": 0.0034860834438920087
    }
}