{
    "0": {
        "imbalance_base_mean": 0.7091666666666666,
        "imbalance_base_std": 0.0,
        "balance_base_mean": 0.7091666666666666,
        "balance_base_std": 0.0,
        "balance_augment_mean": 0.6839999999999999,
        "balance_augment_std": 0.010047111248734362
    },
    "1": {
        "imbalance_base_mean": 0.5514999999999999,
        "imbalance_base_std": 0.02959635863488014,
        "balance_base_mean": 0.6088333333333333,
        "balance_base_std": 0.024213173641176765,
        "balance_augment_mean": 0.6045,
        "balance_augment_std": 0.020700241544484476
    },
    "2": {
        "imbalance_base_mean": 0.46299999999999997,
        "imbalance_base_std": 0.025661254840712674,
        "balance_base_mean": 0.538,
        "balance_base_std": 0.01478174549909449,
        "balance_augment_mean": 0.5478333333333334,
        "balance_augment_std": 0.01034944979750669
    },
    "3": {
        "imbalance_base_mean": 0.4073333333333333,
        "imbalance_base_std": 0.023126463917627647,
        "balance_base_mean": 0.5003333333333333,
        "balance_base_std": 0.03167806812291431,
        "balance_augment_mean": 0.501,
        "balance_augment_std": 0.01371738556236816
    },
    "4": {
        "imbalance_base_mean": 0.3635,
        "imbalance_base_std": 0.01508678597684447,
        "balance_base_mean": 0.45599999999999996,
        "balance_base_std": 0.011259563836036364,
        "balance_augment_mean": 0.4616666666666666,
        "balance_augment_std": 0.014385563751360061
    },
    "5": {
        "imbalance_base_mean": 0.33100000000000007,
        "imbalance_base_std": 0.005537749241945382,
        "balance_base_mean": 0.4178333333333334,
        "balance_base_std": 0.013401906995316421,
        "balance_augment_mean": 0.42033333333333334,
        "balance_augment_std": 0.003822448313726568
    },
    "6": {
        "imbalance_base_mean": 0.297,
        "imbalance_base_std": 0.012344589458094132,
        "balance_base_mean": 0.3845,
        "balance_base_std": 0.006069047152011042,
        "balance_augment_mean": 0.3915,
        "balance_augment_std": 0.011135528725660055
    },
    "7": {
        "imbalance_base_mean": 0.29050000000000004,
        "imbalance_base_std": 0.012633729105498141,
        "balance_base_mean": 0.35650000000000004,
        "balance_base_std": 0.009907909298467896,
        "balance_augment_mean": 0.3725,
        "balance_augment_std": 0.015447042147644672
    },
    "8": {
        "imbalance_base_mean": 0.26783333333333326,
        "imbalance_base_std": 0.010936686477681944,
        "balance_base_mean": 0.33849999999999997,
        "balance_base_std": 0.00563717817509591,
        "balance_augment_mean": 0.35933333333333334,
        "balance_augment_std": 0.007272474743090478
    },
    "9": {
        "imbalance_base_mean": 0.26483333333333337,
        "imbalance_base_std": 0.0067371276438025806,
        "balance_base_mean": 0.3325,
        "balance_base_std": 0.010137937550497024,
        "balance_augment_mean": 0.34466666666666673,
        "balance_augment_std": 0.0062494444197508945
    }
}