{
    "0": {
        "imbalance_base_mean": 0.755,
        "imbalance_base_std": 0.0,
        "balance_base_mean": 0.755,
        "balance_base_std": 0.0,
        "balance_augment_mean": 0.7486666666666666,
        "balance_augment_std": 0.0036742346141747676
    },
    "1": {
        "imbalance_base_mean": 0.6105,
        "imbalance_base_std": 0.02736887932589779,
        "balance_base_mean": 0.7496666666666666,
        "balance_base_std": 0.010627532377953233,
        "balance_augment_mean": 0.7493333333333333,
        "balance_augment_std": 0.009043106644167001
    },
    "2": {
        "imbalance_base_mean": 0.49450000000000005,
        "imbalance_base_std": 0.016604885492595922,
        "balance_base_mean": 0.7468333333333332,
        "balance_base_std": 0.011098047876390982,
        "balance_augment_mean": 0.7478333333333333,
        "balance_augment_std": 0.008589399151150092
    },
    "3": {
        "imbalance_base_mean": 0.4103333333333333,
        "imbalance_base_std": 0.017017964364491756,
        "balance_base_mean": 0.7445,
        "balance_base_std": 0.009698224350650762,
        "balance_augment_mean": 0.7449999999999999,
        "balance_augment_std": 0.0060323203569512965
    },
    "4": {
        "imbalance_base_mean": 0.33816666666666667,
        "imbalance_base_std": 0.02293347868170994,
        "balance_base_mean": 0.7443333333333333,
        "balance_base_std": 0.014057421922639667,
        "balance_augment_mean": 0.7428333333333332,
        "balance_augment_std": 0.007933753490274609
    },
    "5": {
        "imbalance_base_mean": 0.2866666666666667,
        "imbalance_base_std": 0.009545214042184228,
        "balance_base_mean": 0.7416666666666668,
        "balance_base_std": 0.009006170724070861,
        "balance_augment_mean": 0.7426666666666667,
        "balance_augment_std": 0.0032231799343023114
    },
    "6": {
        "imbalance_base_mean": 0.24850000000000003,
        "imbalance_base_std": 0.00768114574786861,
        "balance_base_mean": 0.7394999999999999,
        "balance_base_std": 0.011262030604350772,
        "balance_augment_mean": 0.7389999999999999,
        "balance_augment_std": 0.006087327455916572
    },
    "7": {
        "imbalance_base_mean": 0.22666666666666666,
        "imbalance_base_std": 0.006078194176270151,
        "balance_base_mean": 0.7406666666666666,
        "balance_base_std": 0.0029533408577782105,
        "balance_augment_mean": 0.7408333333333333,
        "balance_augment_std": 0.0033747427885527817
    },
    "8": {
        "imbalance_base_mean": 0.21399999999999997,
        "imbalance_base_std": 0.004784233364802436,
        "balance_base_mean": 0.7401666666666666,
        "balance_base_std": 0.002438123139721278,
        "balance_augment_mean": 0.74,
        "balance_augment_std": 0.0034960294939005224
    },
    "9": {
        "imbalance_base_mean": 0.2015,
        "imbalance_base_std": 0.00226077666104176,
        "balance_base_mean": 0.7418333333333333,
        "balance_base_std": 0.0017795130420052202,
        "balance_augment_mean": 0.7413333333333333,
        "balance_augment_std": 0.0021473497877874895
    }
}