{
    "0": {
        "imbalance_base_mean": 0.7575000000000001,
        "imbalance_base_std": 0.0,
        "balance_base_mean": 0.7575000000000001,
        "balance_base_std": 0.0,
        "balance_augment_mean": 0.7558333333333334,
        "balance_augment_std": 0.004816061092266601
    },
    "1": {
        "imbalance_base_mean": 0.7423333333333333,
        "imbalance_base_std": 0.008678677574633387,
        "balance_base_mean": 0.7594166666666666,
        "balance_base_std": 0.00856592084950591,
        "balance_augment_mean": 0.7566666666666666,
        "balance_augment_std": 0.007555351304428726
    },
    "2": {
        "imbalance_base_mean": 0.7076666666666667,
        "imbalance_base_std": 0.006669790934587947,
        "balance_base_mean": 0.7621666666666667,
        "balance_base_std": 0.008158158833680278,
        "balance_augment_mean": 0.7588333333333332,
        "balance_augment_std": 0.006091888960832359
    },
    "3": {
        "imbalance_base_mean": 0.6792499999999999,
        "imbalance_base_std": 0.005253305837491516,
        "balance_base_mean": 0.7629166666666667,
        "balance_base_std": 0.005546520430764593,
        "balance_augment_mean": 0.7590833333333332,
        "balance_augment_std": 0.00686881034499828
    },
    "4": {
        "imbalance_base_mean": 0.65175,
        "imbalance_base_std": 0.010292257068085498,
        "balance_base_mean": 0.7608333333333335,
        "balance_base_std": 0.00546453210358499,
        "balance_augment_mean": 0.7595833333333333,
        "balance_augment_std": 0.006471089552772369
    },
    "5": {
        "imbalance_base_mean": 0.6308333333333332,
        "imbalance_base_std": 0.003446012188022581,
        "balance_base_mean": 0.7594166666666667,
        "balance_base_std": 0.001504622507105648,
        "balance_augment_mean": 0.7590000000000001,
        "balance_augment_std": 0.004546060565661924
    },
    "6": {
        "imbalance_base_mean": 0.61625,
        "imbalance_base_std": 0.003084459253886951,
        "balance_base_mean": 0.7593333333333334,
        "balance_base_std": 0.003146867931416506,
        "balance_augment_mean": 0.75925,
        "balance_augment_std": 0.003607476803652275
    },
    "7": {
        "imbalance_base_mean": 0.60775,
        "imbalance_base_std": 0.0023213980461973343,
        "balance_base_mean": 0.7599166666666667,
        "balance_base_std": 0.0018892973414591121,
        "balance_augment_mean": 0.7595000000000001,
        "balance_augment_std": 0.00240658817969896
    },
    "8": {
        "imbalance_base_mean": 0.6026666666666667,
        "imbalance_base_std": 0.002321398046197342,
        "balance_base_mean": 0.7585833333333334,
        "balance_base_std": 0.001333333333333371,
        "balance_augment_mean": 0.7591666666666667,
        "balance_augment_std": 0.0018819316317726723
    },
    "9": {
        "imbalance_base_mean": 0.5973333333333334,
        "imbalance_base_std": 0.0009718253158075935,
        "balance_base_mean": 0.7591666666666667,
        "balance_base_std": 0.0019002923751652349,
        "balance_augment_mean": 0.7589166666666667,
        "balance_augment_std": 0.002563092749871605
    }
}