{
    "0": {
        "balance_augment_mean": 0.6901666666666667,
        "balance_augment_std": 0.0046067583203617465
    },
    "1": {
        "balance_augment_mean": 0.7071666666666666,
        "balance_augment_std": 0.011025223605694153
    },
    "2": {
        "balance_augment_mean": 0.7148333333333333,
        "balance_augment_std": 0.010533016872883274
    },
    "3": {
        "balance_augment_mean": 0.719,
        "balance_augment_std": 0.004725815626252613
    },
    "4": {
        "balance_augment_mean": 0.7268333333333332,
        "balance_augment_std": 0.012046207333061758
    },
    "5": {
        "balance_augment_mean": 0.7236666666666667,
        "balance_augment_std": 0.009436925111261367
    },
    "6": {
        "balance_augment_mean": 0.7296666666666667,
        "balance_augment_std": 0.0066374359172466256
    },
    "7": {
        "balance_augment_mean": 0.736,
        "balance_augment_std": 0.010060925515191069
    },
    "8": {
        "balance_augment_mean": 0.7388333333333333,
        "balance_augment_std": 0.011187790964558932
    },
    "9": {
        "balance_augment_mean": 0.7378333333333333,
        "balance_augment_std": 0.0037490739597339988
    },
    "10": {
        "train_all_augment": 0.745
    }
}