{
    "0": {
        "imbalance_base_mean": 0.755,
        "imbalance_base_std": 0.0,
        "balance_base_mean": 0.755,
        "balance_base_std": 0.0,
        "balance_augment_mean": 0.7081666666666667,
        "balance_augment_std": 0.008809716857601688
    },
    "1": {
        "imbalance_base_mean": 0.6105,
        "imbalance_base_std": 0.02736887932589779,
        "balance_base_mean": 0.7091666666666667,
        "balance_base_std": 0.011559027256266468,
        "balance_augment_mean": 0.705,
        "balance_augment_std": 0.007397447007057387
    },
    "2": {
        "imbalance_base_mean": 0.49450000000000005,
        "imbalance_base_std": 0.016604885492595922,
        "balance_base_mean": 0.6986666666666667,
        "balance_base_std": 0.0062494444197509075,
        "balance_augment_mean": 0.702,
        "balance_augment_std": 0.005567764362830022
    },
    "3": {
        "imbalance_base_mean": 0.4103333333333333,
        "imbalance_base_std": 0.017017964364491756,
        "balance_base_mean": 0.6971666666666666,
        "balance_base_std": 0.003822448313726563,
        "balance_augment_mean": 0.7013333333333334,
        "balance_augment_std": 0.004552166761249198
    },
    "4": {
        "imbalance_base_mean": 0.33816666666666667,
        "imbalance_base_std": 0.02293347868170994,
        "balance_base_mean": 0.6938333333333333,
        "balance_base_std": 0.007371114795831989,
        "balance_augment_mean": 0.6986666666666667,
        "balance_augment_std": 0.005338539126015667
    },
    "5": {
        "imbalance_base_mean": 0.2866666666666667,
        "imbalance_base_std": 0.009545214042184228,
        "balance_base_mean": 0.6910000000000001,
        "balance_base_std": 0.007965202096899021,
        "balance_augment_mean": 0.696,
        "balance_augment_std": 0.0073484692283495075
    },
    "6": {
        "imbalance_base_mean": 0.24850000000000003,
        "imbalance_base_std": 0.00768114574786861,
        "balance_base_mean": 0.6923333333333334,
        "balance_base_std": 0.005734883511361757,
        "balance_augment_mean": 0.6950000000000001,
        "balance_augment_std": 0.006519202405202635
    },
    "7": {
        "imbalance_base_mean": 0.22666666666666666,
        "imbalance_base_std": 0.006078194176270151,
        "balance_base_mean": 0.6891666666666667,
        "balance_base_std": 0.005845225972250047,
        "balance_augment_mean": 0.6933333333333332,
        "balance_augment_std": 0.005348935511960418
    },
    "8": {
        "imbalance_base_mean": 0.21399999999999997,
        "imbalance_base_std": 0.004784233364802436,
        "balance_base_mean": 0.6873333333333334,
        "balance_base_std": 0.003308238873546534,
        "balance_augment_mean": 0.6910000000000001,
        "balance_augment_std": 0.0027080128015453406
    },
    "9": {
        "imbalance_base_mean": 0.2015,
        "imbalance_base_std": 0.00226077666104176,
        "balance_base_mean": 0.6855,
        "balance_base_std": 0.0036742346141747403,
        "balance_augment_mean": 0.69,
        "balance_augment_std": 0.00278886675511357
    }
}