{
    "0": {
        "imbalance_base_mean": 0.755,
        "imbalance_base_std": 0.0,
        "balance_base_mean": 0.755,
        "balance_base_std": 0.0,
        "balance_augment_mean": 0.7506666666666668,
        "balance_augment_std": 0.004515405728048028
    },
    "1": {
        "imbalance_base_mean": 0.6105,
        "imbalance_base_std": 0.02736887932589779,
        "balance_base_mean": 0.7445,
        "balance_base_std": 0.009198429817697775,
        "balance_augment_mean": 0.749,
        "balance_augment_std": 0.011098047876390994
    },
    "2": {
        "imbalance_base_mean": 0.49450000000000005,
        "imbalance_base_std": 0.016604885492595922,
        "balance_base_mean": 0.7441666666666666,
        "balance_base_std": 0.011105554165971806,
        "balance_augment_mean": 0.743,
        "balance_augment_std": 0.007333333333333353
    },
    "3": {
        "imbalance_base_mean": 0.4103333333333333,
        "imbalance_base_std": 0.017017964364491756,
        "balance_base_mean": 0.7443333333333333,
        "balance_base_std": 0.010832051206181277,
        "balance_augment_mean": 0.7444999999999999,
        "balance_augment_std": 0.008701851654804407
    },
    "4": {
        "imbalance_base_mean": 0.33816666666666667,
        "imbalance_base_std": 0.02293347868170994,
        "balance_base_mean": 0.7446666666666666,
        "balance_base_std": 0.01334998959633385,
        "balance_augment_mean": 0.7441666666666666,
        "balance_augment_std": 0.011377365443917339
    },
    "5": {
        "imbalance_base_mean": 0.2866666666666667,
        "imbalance_base_std": 0.009545214042184228,
        "balance_base_mean": 0.743,
        "balance_base_std": 0.004582575694955838,
        "balance_augment_mean": 0.7455,
        "balance_augment_std": 0.009137833441248518
    },
    "6": {
        "imbalance_base_mean": 0.24850000000000003,
        "imbalance_base_std": 0.00768114574786861,
        "balance_base_mean": 0.7404999999999999,
        "balance_base_std": 0.00949561302216273,
        "balance_augment_mean": 0.7401666666666666,
        "balance_augment_std": 0.008714610974934232
    },
    "7": {
        "imbalance_base_mean": 0.22666666666666666,
        "imbalance_base_std": 0.006078194176270151,
        "balance_base_mean": 0.7413333333333334,
        "balance_base_std": 0.004365266951236278,
        "balance_augment_mean": 0.7388333333333333,
        "balance_augment_std": 0.006000000000000013
    },
    "8": {
        "imbalance_base_mean": 0.21399999999999997,
        "imbalance_base_std": 0.004784233364802436,
        "balance_base_mean": 0.7376666666666667,
        "balance_base_std": 0.0021343747458109573,
        "balance_augment_mean": 0.7388333333333332,
        "balance_augment_std": 0.0043969686527576286
    },
    "9": {
        "imbalance_base_mean": 0.2015,
        "imbalance_base_std": 0.00226077666104176,
        "balance_base_mean": 0.7375,
        "balance_base_std": 0.0031180478223116364,
        "balance_augment_mean": 0.7383333333333333,
        "balance_augment_std": 0.004440970864824762
    }
}