{
    "0": {
        "imbalance_base_mean": 0.6512238003990439,
        "imbalance_base_std": 0.005674974672733996,
        "balance_base_mean": 0.6512238003990439,
        "balance_base_std": 0.005674974672733996
    },
    "1": {
        "imbalance_base_mean": 0.6032377866893187,
        "imbalance_base_std": 0.012811141213433538,
        "balance_base_mean": 0.6143171806167401,
        "balance_base_std": 0.004178512546999371
    },
    "2": {
        "imbalance_base_mean": 0.53808695995733,
        "imbalance_base_std": 0.017507044168168198,
        "balance_base_mean": 0.5943383180893306,
        "balance_base_std": 0.014271173735321831
    },
    "3": {
        "imbalance_base_mean": 0.5147537583216453,
        "imbalance_base_std": 0.012848685771404784,
        "balance_base_mean": 0.5800171865431343,
        "balance_base_std": 0.027762040073519914
    },
    "4": {
        "imbalance_base_mean": 0.5005422650678572,
        "imbalance_base_std": 0.009579129805743877,
        "balance_base_mean": 0.5836945141344503,
        "balance_base_std": 0.020347791203617915
    },
    "5": {
        "imbalance_base_mean": 0.49723434938069183,
        "imbalance_base_std": 0.005578222351784805,
        "balance_base_mean": 0.5932794689950811,
        "balance_base_std": 0.019229931190402366
    },
    "6": {
        "imbalance_base_mean": 0.493454297623516,
        "imbalance_base_std": 0.009226721266682026,
        "balance_base_mean": 0.5833952312281465,
        "balance_base_std": 0.010644937183617417
    },
    "7": {
        "imbalance_base_mean": 0.4908545860413662,
        "imbalance_base_std": 0.002534786449550913,
        "balance_base_mean": 0.5809920783864404,
        "balance_base_std": 0.009544147443754807
    },
    "8": {
        "imbalance_base_mean": 0.4901740384425436,
        "imbalance_base_std": 0.006334737100388643,
        "balance_base_mean": 0.5788556132830248,
        "balance_base_std": 0.004397919806607051
    },
    "9": {
        "imbalance_base_mean": 0.4937180221647143,
        "imbalance_base_std": 0.0030281448344498954,
        "balance_base_mean": 0.5679480847869461,
        "balance_base_std": 0.007460902692909465
    }
}