{
    "0": {
        "imbalance_base_mean": 0.6986531986531986,
        "imbalance_base_std": 0.0,
        "balance_base_mean": 0.6986531986531986,
        "balance_base_std": 0.0,
        "balance_augment_mean": 0.6941916588631178,
        "balance_augment_std": 0.009294455553178115
    },
    "1": {
        "imbalance_base_mean": 0.560537802506906,
        "imbalance_base_std": 0.005301256001587668,
        "balance_base_mean": 0.5880056256899036,
        "balance_base_std": 0.01929487713100439,
        "balance_augment_mean": 0.5994839382070635,
        "balance_augment_std": 0.022094135100286173
    },
    "2": {
        "imbalance_base_mean": 0.48273350255229264,
        "imbalance_base_std": 0.025247886797218424,
        "balance_base_mean": 0.5200686961735224,
        "balance_base_std": 0.013913764159887723,
        "balance_augment_mean": 0.5288019633881894,
        "balance_augment_std": 0.021673937449359453
    },
    "3": {
        "imbalance_base_mean": 0.41275193733295235,
        "imbalance_base_std": 0.013971970675478616,
        "balance_base_mean": 0.4867000621963724,
        "balance_base_std": 0.02229993035652467,
        "balance_augment_mean": 0.4887026733233594,
        "balance_augment_std": 0.02189592177576874
    },
    "4": {
        "imbalance_base_mean": 0.34842407840104894,
        "imbalance_base_std": 0.027740624397573552,
        "balance_base_mean": 0.43192074725299356,
        "balance_base_std": 0.014412616237046308,
        "balance_augment_mean": 0.4392436696980394,
        "balance_augment_std": 0.022039553681275224
    },
    "5": {
        "imbalance_base_mean": 0.322180010870357,
        "imbalance_base_std": 0.02758722660554963,
        "balance_base_mean": 0.395818834854623,
        "balance_base_std": 0.02702368833729149,
        "balance_augment_mean": 0.4041122448407829,
        "balance_augment_std": 0.02001102625176098
    },
    "6": {
        "imbalance_base_mean": 0.2966996699669967,
        "imbalance_base_std": 0.01862275376853581,
        "balance_base_mean": 0.366996699669967,
        "balance_base_std": 0.01625559122907557,
        "balance_augment_mean": 0.3759075907590759,
        "balance_augment_std": 0.014017663750227914
    },
    "7": {
        "imbalance_base_mean": 0.27029702970297026,
        "imbalance_base_std": 0.0072607260726072695,
        "balance_base_mean": 0.33795379537953796,
        "balance_base_std": 0.015174341825178411,
        "balance_augment_mean": 0.3448844884488449,
        "balance_augment_std": 0.016501650165016507
    },
    "8": {
        "imbalance_base_mean": 0.26336633663366343,
        "imbalance_base_std": 0.009134226074652163,
        "balance_base_mean": 0.3283828382838284,
        "balance_base_std": 0.0075259103966939765,
        "balance_augment_mean": 0.33300330033003295,
        "balance_augment_std": 0.010663692687395063
    },
    "9": {
        "imbalance_base_mean": 0.2594059405940594,
        "imbalance_base_std": 0.005754322037677462,
        "balance_base_mean": 0.3221122112211221,
        "balance_base_std": 0.009922967906516774,
        "balance_augment_mean": 0.32310231023102315,
        "balance_augment_std": 0.013051960352003433
    }
}