{
    "0": {
        "balance_augment_mean": 0.7068092331033486,
        "balance_augment_std": 0.010172723528764123
    },
    "1": {
        "balance_augment_mean": 0.7077300981718855,
        "balance_augment_std": 0.008559415891454947
    },
    "2": {
        "balance_augment_mean": 0.7091739167886983,
        "balance_augment_std": 0.00576701290718919
    },
    "3": {
        "balance_augment_mean": 0.7081302326615335,
        "balance_augment_std": 0.008591653273174711
    },
    "4": {
        "balance_augment_mean": 0.7114139500334624,
        "balance_augment_std": 0.007975960448208284
    },
    "5": {
        "balance_augment_mean": 0.7156795678400781,
        "balance_augment_std": 0.008706139956112573
    },
    "6": {
        "balance_augment_mean": 0.7120450807553699,
        "balance_augment_std": 0.004153657898437473
    },
    "7": {
        "balance_augment_mean": 0.7162758014274637,
        "balance_augment_std": 0.007716400083377497
    },
    "8": {
        "balance_augment_mean": 0.7210274168333642,
        "balance_augment_std": 0.005122762646287281
    },
    "9": {
        "balance_augment_mean": 0.7201911887564483,
        "balance_augment_std": 0.00886942783674697
    },
    "10": {
        "train_all_augment": 0.7326732673267327
    }
}