{
    "0": {
        "imbalance_base_mean": 0.7656903765690377,
        "imbalance_base_std": 0.0,
        "balance_base_mean": 0.7656903765690377,
        "balance_base_std": 0.0,
        "balance_augment_mean": 0.7743933054393306,
        "balance_augment_std": 0.009312420246522886
    },
    "1": {
        "imbalance_base_mean": 0.6040167364016736,
        "imbalance_base_std": 0.012405275621895504,
        "balance_base_mean": 0.7847698744769873,
        "balance_base_std": 0.012108182257865066,
        "balance_augment_mean": 0.7827615062761507,
        "balance_augment_std": 0.011578397025223746
    },
    "2": {
        "imbalance_base_mean": 0.5035983263598327,
        "imbalance_base_std": 0.018654895120458957,
        "balance_base_mean": 0.7916317991631798,
        "balance_base_std": 0.01232144757777804,
        "balance_augment_mean": 0.788284518828452,
        "balance_augment_std": 0.009758915305180423
    },
    "3": {
        "imbalance_base_mean": 0.4436820083682008,
        "imbalance_base_std": 0.017707397708715083,
        "balance_base_mean": 0.7984937238493723,
        "balance_base_std": 0.009399244239062063,
        "balance_augment_mean": 0.792468619246862,
        "balance_augment_std": 0.010344125282251012
    },
    "4": {
        "imbalance_base_mean": 0.3867782426778243,
        "imbalance_base_std": 0.010510673451452774,
        "balance_base_mean": 0.799163179916318,
        "balance_base_std": 0.008284096181264997,
        "balance_augment_mean": 0.7929707112970711,
        "balance_augment_std": 0.009206542285841047
    },
    "5": {
        "imbalance_base_mean": 0.3539748953974895,
        "imbalance_base_std": 0.01368910798104002,
        "balance_base_mean": 0.8021757322175732,
        "balance_base_std": 0.005640937086645262,
        "balance_augment_mean": 0.7963179916317991,
        "balance_augment_std": 0.006408096977096761
    },
    "6": {
        "imbalance_base_mean": 0.3236820083682008,
        "imbalance_base_std": 0.006381816222573254,
        "balance_base_mean": 0.8015062761506275,
        "balance_base_std": 0.0016226543455786812,
        "balance_augment_mean": 0.7956485355648536,
        "balance_augment_std": 0.003566071255675705
    },
    "7": {
        "imbalance_base_mean": 0.302092050209205,
        "imbalance_base_std": 0.007596187928308082,
        "balance_base_mean": 0.7996652719665271,
        "balance_base_std": 0.0026250020320264574,
        "balance_augment_mean": 0.7971548117154812,
        "balance_augment_std": 0.004478355869542956
    },
    "8": {
        "imbalance_base_mean": 0.28234309623430964,
        "imbalance_base_std": 0.008158030197123982,
        "balance_base_mean": 0.8013389121338912,
        "balance_base_std": 0.002090375899045476,
        "balance_augment_mean": 0.7981589958158996,
        "balance_augment_std": 0.002918091342956082
    },
    "9": {
        "imbalance_base_mean": 0.2569037656903766,
        "imbalance_base_std": 0.005821766403657263,
        "balance_base_mean": 0.8040167364016735,
        "balance_base_std": 0.0022702359776151887,
        "balance_augment_mean": 0.8,
        "balance_augment_std": 0.004459552332878394
    }
}