{
    "0": {
        "imbalance_base_mean": 0.7095833333333332,
        "imbalance_base_std": 0.0,
        "balance_base_mean": 0.7095833333333332,
        "balance_base_std": 0.0,
        "balance_augment_mean": 0.7316666666666667,
        "balance_augment_std": 0.004908892158341025
    },
    "1": {
        "imbalance_base_mean": 0.7083333333333334,
        "imbalance_base_std": 0.004951150259170965,
        "balance_base_mean": 0.7212500000000001,
        "balance_base_std": 0.00518411033833193,
        "balance_augment_mean": 0.7290833333333333,
        "balance_augment_std": 0.002939198681424726
    },
    "2": {
        "imbalance_base_mean": 0.6942499999999999,
        "imbalance_base_std": 0.005486093530210915,
        "balance_base_mean": 0.7239166666666667,
        "balance_base_std": 0.00369496654623254,
        "balance_augment_mean": 0.7363333333333333,
        "balance_augment_std": 0.003231786571610896
    },
    "3": {
        "imbalance_base_mean": 0.6743333333333333,
        "imbalance_base_std": 0.006788470618138733,
        "balance_base_mean": 0.7341666666666666,
        "balance_base_std": 0.006395527951449971,
        "balance_augment_mean": 0.7361666666666666,
        "balance_augment_std": 0.0070926409436510105
    },
    "4": {
        "imbalance_base_mean": 0.6546666666666667,
        "imbalance_base_std": 0.006964194138592067,
        "balance_base_mean": 0.7354166666666666,
        "balance_base_std": 0.005927806414592894,
        "balance_augment_mean": 0.7376666666666666,
        "balance_augment_std": 0.005100381249366438
    },
    "5": {
        "imbalance_base_mean": 0.64825,
        "imbalance_base_std": 0.006725779591327046,
        "balance_base_mean": 0.7325833333333334,
        "balance_base_std": 0.0057154760664940825,
        "balance_augment_mean": 0.7366666666666666,
        "balance_augment_std": 0.0029697549468675893
    },
    "6": {
        "imbalance_base_mean": 0.6352499999999999,
        "imbalance_base_std": 0.006155395104206487,
        "balance_base_mean": 0.7338333333333333,
        "balance_base_std": 0.007460078939111679,
        "balance_augment_mean": 0.7374166666666667,
        "balance_augment_std": 0.006227180564089797
    },
    "7": {
        "imbalance_base_mean": 0.6301666666666667,
        "imbalance_base_std": 0.0049201964730418435,
        "balance_base_mean": 0.7366666666666666,
        "balance_base_std": 0.0038819382329506784,
        "balance_augment_mean": 0.7368333333333333,
        "balance_augment_std": 0.0035609767698702222
    },
    "8": {
        "imbalance_base_mean": 0.6275833333333333,
        "imbalance_base_std": 0.0017159383568311536,
        "balance_base_mean": 0.7397500000000001,
        "balance_base_std": 0.005127540020971754,
        "balance_augment_mean": 0.7435,
        "balance_augment_std": 0.004913134324327855
    },
    "9": {
        "imbalance_base_mean": 0.6240833333333333,
        "imbalance_base_std": 0.003876567783204314,
        "balance_base_mean": 0.7339166666666668,
        "balance_base_std": 0.0036855573979159674,
        "balance_augment_mean": 0.7384166666666665,
        "balance_augment_std": 0.004333333333333339
    }
}