{
    "0": {
        "imbalance_base_mean": 0.6657563066711444,
        "imbalance_base_std": 0.0,
        "balance_base_mean": 0.6657563066711444,
        "balance_base_std": 0.0
    },
    "1": {
        "imbalance_base_mean": 0.6136544122004701,
        "imbalance_base_std": 0.008527220210834706,
        "balance_base_mean": 0.6496226862369372,
        "balance_base_std": 0.00411712442368646
    },
    "2": {
        "imbalance_base_mean": 0.5436261630548586,
        "imbalance_base_std": 0.012646563771449383,
        "balance_base_mean": 0.6488641077813556,
        "balance_base_std": 0.004682383375473937
    },
    "3": {
        "imbalance_base_mean": 0.5129215147863535,
        "imbalance_base_std": 0.004142765021570449,
        "balance_base_mean": 0.6499654293672587,
        "balance_base_std": 0.00428738951528646
    },
    "4": {
        "imbalance_base_mean": 0.5022263487485431,
        "imbalance_base_std": 0.002811285513355882,
        "balance_base_mean": 0.6504178107899883,
        "balance_base_std": 0.004240982088744974
    },
    "5": {
        "imbalance_base_mean": 0.4924280436972797,
        "imbalance_base_std": 0.003093793783660509,
        "balance_base_mean": 0.6542334209122697,
        "balance_base_std": 0.0037980209032698166
    },
    "6": {
        "imbalance_base_mean": 0.4879911499180182,
        "imbalance_base_std": 0.0028359026079814165,
        "balance_base_mean": 0.653096540961261,
        "balance_base_std": 0.0022178333200762604
    },
    "7": {
        "imbalance_base_mean": 0.48221686651784834,
        "imbalance_base_std": 0.0031457475496219646,
        "balance_base_mean": 0.6478734122202248,
        "balance_base_std": 0.001667416862683556
    },
    "8": {
        "imbalance_base_mean": 0.47932182295885106,
        "imbalance_base_std": 0.0013235834810381957,
        "balance_base_mean": 0.6486053219019773,
        "balance_base_std": 0.0036147096562687856
    },
    "9": {
        "imbalance_base_mean": 0.4786610300073092,
        "imbalance_base_std": 0.0012884339273336565,
        "balance_base_mean": 0.6499111040872366,
        "balance_base_std": 0.002891335081180018
    }
}