{
    "0": {
        "imbalance_base_mean": 0.6109272831433594,
        "imbalance_base_std": 0.0019142064637785508,
        "balance_base_mean": 0.6109272831433594,
        "balance_base_std": 0.0019142064637785508,
        "balance_augment_mean": 0.625103218032042,
        "balance_augment_std": 0.009539635862269812
    },
    "1": {
        "imbalance_base_mean": 0.5844442029987553,
        "imbalance_base_std": 0.011525122460106936,
        "balance_base_mean": 0.6089577448094665,
        "balance_base_std": 0.010944634591378883,
        "balance_augment_mean": 0.6122340530609826,
        "balance_augment_std": 0.01419600024353003
    },
    "2": {
        "imbalance_base_mean": 0.5373757926552221,
        "imbalance_base_std": 0.012669360848635803,
        "balance_base_mean": 0.5879921376503823,
        "balance_base_std": 0.009049051712431783,
        "balance_augment_mean": 0.6119031627190296,
        "balance_augment_std": 0.018953993064347887
    },
    "3": {
        "imbalance_base_mean": 0.5181723000335829,
        "imbalance_base_std": 0.010596885459219399,
        "balance_base_mean": 0.5774579719879102,
        "balance_base_std": 0.012759912269226193,
        "balance_augment_mean": 0.5944775883526601,
        "balance_augment_std": 0.007671898169225055
    },
    "4": {
        "imbalance_base_mean": 0.5055382153651646,
        "imbalance_base_std": 0.003431545713551151,
        "balance_base_mean": 0.5595128503980561,
        "balance_base_std": 0.006265434520104898,
        "balance_augment_mean": 0.584560755417712,
        "balance_augment_std": 0.009406464419788286
    },
    "5": {
        "imbalance_base_mean": 0.5017344580312519,
        "imbalance_base_std": 0.006232337156497277,
        "balance_base_mean": 0.5564755733786374,
        "balance_base_std": 0.00797003539741088,
        "balance_augment_mean": 0.578042709547421,
        "balance_augment_std": 0.009518890918357838
    },
    "6": {
        "imbalance_base_mean": 0.4979860137097251,
        "imbalance_base_std": 0.007102994475307444,
        "balance_base_mean": 0.5504849765907428,
        "balance_base_std": 0.008007917077512269,
        "balance_augment_mean": 0.56380355978744,
        "balance_augment_std": 0.009563740942681098
    },
    "7": {
        "imbalance_base_mean": 0.493993599494281,
        "imbalance_base_std": 0.008342338311937654,
        "balance_base_mean": 0.5438454396396752,
        "balance_base_std": 0.005168632733194938,
        "balance_augment_mean": 0.5637877560696154,
        "balance_augment_std": 0.008324213168034228
    },
    "8": {
        "imbalance_base_mean": 0.49508701922127185,
        "imbalance_base_std": 0.005824712605886945,
        "balance_base_mean": 0.5444746251555679,
        "balance_base_std": 0.003875012162912179,
        "balance_augment_mean": 0.5542294699828135,
        "balance_augment_std": 0.009293303230050017
    },
    "9": {
        "imbalance_base_mean": 0.4953428419035578,
        "imbalance_base_std": 0.0075270682540558905,
        "balance_base_mean": 0.5445220363090416,
        "balance_base_std": 0.00683540056146049,
        "balance_augment_mean": 0.5527034234803738,
        "balance_augment_std": 0.008272925521384368
    }
}