{
    "0": {
        "imbalance_base_mean": 0.7154811715481172,
        "imbalance_base_std": 0.0,
        "balance_base_mean": 0.7154811715481172,
        "balance_base_std": 0.0,
        "balance_augment_mean": 0.72,
        "balance_augment_std": 0.009623067120646065
    },
    "1": {
        "imbalance_base_mean": 0.589623430962343,
        "imbalance_base_std": 0.012396240460010857,
        "balance_base_mean": 0.6386610878661088,
        "balance_base_std": 0.012348697402976876,
        "balance_augment_mean": 0.6508786610878661,
        "balance_augment_std": 0.02259352238418237
    },
    "2": {
        "imbalance_base_mean": 0.5056066945606694,
        "imbalance_base_std": 0.018960208457070315,
        "balance_base_mean": 0.5742259414225941,
        "balance_base_std": 0.017315504142430216,
        "balance_augment_mean": 0.5916317991631799,
        "balance_augment_std": 0.01925777387600674
    },
    "3": {
        "imbalance_base_mean": 0.42979079497907946,
        "imbalance_base_std": 0.0231216887202719,
        "balance_base_mean": 0.5364016736401673,
        "balance_base_std": 0.015311749638805253,
        "balance_augment_mean": 0.5514644351464435,
        "balance_augment_std": 0.02450040006047237
    },
    "4": {
        "imbalance_base_mean": 0.3717154811715481,
        "imbalance_base_std": 0.019412783094559363,
        "balance_base_mean": 0.5067782426778242,
        "balance_base_std": 0.018131015985206146,
        "balance_augment_mean": 0.5094560669456067,
        "balance_augment_std": 0.018915836272543517
    },
    "5": {
        "imbalance_base_mean": 0.34661087866108786,
        "imbalance_base_std": 0.015361062969819267,
        "balance_base_mean": 0.4666108786610879,
        "balance_base_std": 0.023760975429518064,
        "balance_augment_mean": 0.47347280334728026,
        "balance_augment_std": 0.022889132716021752
    },
    "6": {
        "imbalance_base_mean": 0.31497907949790793,
        "imbalance_base_std": 0.0107504514495409,
        "balance_base_mean": 0.43497907949790793,
        "balance_base_std": 0.010954355261558885,
        "balance_augment_mean": 0.446694560669456,
        "balance_augment_std": 0.013075832625690125
    },
    "7": {
        "imbalance_base_mean": 0.29506276150627614,
        "imbalance_base_std": 0.006810707932845452,
        "balance_base_mean": 0.4132217573221757,
        "balance_base_std": 0.004079015098561997,
        "balance_augment_mean": 0.42577405857740586,
        "balance_augment_std": 0.017355898692128415
    },
    "8": {
        "imbalance_base_mean": 0.2895397489539749,
        "imbalance_base_std": 0.004992948582485791,
        "balance_base_mean": 0.4071966527196652,
        "balance_base_std": 0.006208280164348573,
        "balance_augment_mean": 0.41589958158995816,
        "balance_augment_std": 0.011363511428798627
    },
    "9": {
        "imbalance_base_mean": 0.27631799163179915,
        "imbalance_base_std": 0.006827139097697454,
        "balance_base_mean": 0.3938075313807531,
        "balance_base_std": 0.005147633974637563,
        "balance_augment_mean": 0.397489539748954,
        "balance_augment_std": 0.0066315021777937945
    }
}