{
    "0": {
        "imbalance_base_mean": 0.7656903765690377,
        "imbalance_base_std": 0.0,
        "balance_base_mean": 0.7656903765690377,
        "balance_base_std": 0.0,
        "balance_augment_mean": 0.7603347280334727,
        "balance_augment_std": 0.0038384418213154095
    },
    "1": {
        "imbalance_base_mean": 0.6040167364016736,
        "imbalance_base_std": 0.012405275621895504,
        "balance_base_mean": 0.75163179916318,
        "balance_base_std": 0.015783766698379692,
        "balance_augment_mean": 0.754142259414226,
        "balance_augment_std": 0.007206376616438826
    },
    "2": {
        "imbalance_base_mean": 0.5035983263598327,
        "imbalance_base_std": 0.018654895120458957,
        "balance_base_mean": 0.7492887029288703,
        "balance_base_std": 0.005489947938696831,
        "balance_augment_mean": 0.750794979079498,
        "balance_augment_std": 0.0048909252539589805
    },
    "3": {
        "imbalance_base_mean": 0.4436820083682008,
        "imbalance_base_std": 0.017707397708715083,
        "balance_base_mean": 0.7521338912133891,
        "balance_base_std": 0.005758878839861157,
        "balance_augment_mean": 0.7521338912133891,
        "balance_augment_std": 0.004044534217102773
    },
    "4": {
        "imbalance_base_mean": 0.3867782426778243,
        "imbalance_base_std": 0.010510673451452774,
        "balance_base_mean": 0.7499581589958159,
        "balance_base_std": 0.0032366660428139833,
        "balance_augment_mean": 0.7516317991631799,
        "balance_augment_std": 0.0028696950961476526
    },
    "5": {
        "imbalance_base_mean": 0.3539748953974895,
        "imbalance_base_std": 0.01368910798104002,
        "balance_base_mean": 0.7517991631799162,
        "balance_base_std": 0.003454354383355705,
        "balance_augment_mean": 0.7528033472803347,
        "balance_augment_std": 0.004925167855920387
    },
    "6": {
        "imbalance_base_mean": 0.3236820083682008,
        "imbalance_base_std": 0.006381816222573254,
        "balance_base_mean": 0.7456066945606695,
        "balance_base_std": 0.003388863051266384,
        "balance_augment_mean": 0.7477824267782427,
        "balance_augment_std": 0.00251603286667329
    },
    "7": {
        "imbalance_base_mean": 0.302092050209205,
        "imbalance_base_std": 0.007596187928308082,
        "balance_base_mean": 0.7477824267782427,
        "balance_base_std": 0.004351464435146444,
        "balance_augment_mean": 0.7494560669456067,
        "balance_augment_std": 0.005120354323273089
    },
    "8": {
        "imbalance_base_mean": 0.28234309623430964,
        "imbalance_base_std": 0.008158030197123982,
        "balance_base_mean": 0.7509623430962343,
        "balance_base_std": 0.0037647604616575818,
        "balance_augment_mean": 0.7517991631799165,
        "balance_augment_std": 0.005308368712017977
    },
    "9": {
        "imbalance_base_mean": 0.2569037656903766,
        "imbalance_base_std": 0.005821766403657263,
        "balance_base_mean": 0.7519665271966527,
        "balance_base_std": 0.004810077945841,
        "balance_augment_mean": 0.7528033472803348,
        "balance_augment_std": 0.004319159129895896
    }
}