{
    "0": {
        "imbalance_base_mean": 0.7575000000000001,
        "imbalance_base_std": 0.0,
        "balance_base_mean": 0.7575000000000001,
        "balance_base_std": 0.0,
        "balance_augment_mean": 0.7571666666666667,
        "balance_augment_std": 0.0022730302828309814
    },
    "1": {
        "imbalance_base_mean": 0.7436666666666667,
        "imbalance_base_std": 0.0028795254238618484,
        "balance_base_mean": 0.7646666666666666,
        "balance_base_std": 0.005635946139636945,
        "balance_augment_mean": 0.7617499999999999,
        "balance_augment_std": 0.0031001792062896943
    },
    "2": {
        "imbalance_base_mean": 0.7181666666666666,
        "imbalance_base_std": 0.005261231372554876,
        "balance_base_mean": 0.7684166666666667,
        "balance_base_std": 0.0037490739597339784,
        "balance_augment_mean": 0.7631666666666667,
        "balance_augment_std": 0.002656229575084906
    },
    "3": {
        "imbalance_base_mean": 0.6993333333333334,
        "imbalance_base_std": 0.005556527692723196,
        "balance_base_mean": 0.7721666666666668,
        "balance_base_std": 0.004974937185533099,
        "balance_augment_mean": 0.7673333333333334,
        "balance_augment_std": 0.0037877727257878313
    },
    "4": {
        "imbalance_base_mean": 0.6771666666666667,
        "imbalance_base_std": 0.00315568270479358,
        "balance_base_mean": 0.7705833333333333,
        "balance_base_std": 0.003349958540373652,
        "balance_augment_mean": 0.7675833333333333,
        "balance_augment_std": 0.002867441755680887
    },
    "5": {
        "imbalance_base_mean": 0.6654166666666667,
        "imbalance_base_std": 0.005190803834132523,
        "balance_base_mean": 0.7748333333333333,
        "balance_base_std": 0.003769394292632883,
        "balance_augment_mean": 0.7693333333333333,
        "balance_augment_std": 0.0031358146203711596
    },
    "6": {
        "imbalance_base_mean": 0.6544166666666668,
        "imbalance_base_std": 0.002656229575084887,
        "balance_base_mean": 0.7733333333333333,
        "balance_base_std": 0.003446012188022563,
        "balance_augment_mean": 0.7705,
        "balance_augment_std": 0.0016115899671511412
    },
    "7": {
        "imbalance_base_mean": 0.6459166666666667,
        "imbalance_base_std": 0.0032317865716109083,
        "balance_base_mean": 0.7744166666666665,
        "balance_base_std": 0.0024238399287081665,
        "balance_augment_mean": 0.7709166666666666,
        "balance_augment_std": 0.001247219128924618
    },
    "8": {
        "imbalance_base_mean": 0.6381666666666665,
        "imbalance_base_std": 0.003297726489568253,
        "balance_base_mean": 0.7746666666666666,
        "balance_base_std": 0.0019614337159899586,
        "balance_augment_mean": 0.7712499999999999,
        "balance_augment_std": 0.0015138251770487501
    },
    "9": {
        "imbalance_base_mean": 0.6269166666666667,
        "imbalance_base_std": 0.002563092749871587,
        "balance_base_mean": 0.77525,
        "balance_base_std": 0.001359125535858307,
        "balance_augment_mean": 0.7730833333333333,
        "balance_augment_std": 0.0007728015412912642
    }
}