{
    "0": {
        "balance_augment_mean": 0.6684166666666667,
        "balance_augment_std": 0.0017360555546666516
    },
    "1": {
        "balance_augment_mean": 0.6690833333333333,
        "balance_augment_std": 0.003199392303408767
    },
    "2": {
        "balance_augment_mean": 0.6695833333333333,
        "balance_augment_std": 0.001624465724134785
    },
    "3": {
        "balance_augment_mean": 0.6725,
        "balance_augment_std": 0.0017677669529663573
    },
    "4": {
        "balance_augment_mean": 0.67125,
        "balance_augment_std": 0.0037730771408905866
    },
    "5": {
        "balance_augment_mean": 0.6755833333333333,
        "balance_augment_std": 0.0028698625596204645
    },
    "6": {
        "balance_augment_mean": 0.6725,
        "balance_augment_std": 0.001844661968431537
    },
    "7": {
        "balance_augment_mean": 0.6733333333333333,
        "balance_augment_std": 0.0032808366141715904
    },
    "8": {
        "balance_augment_mean": 0.6743333333333335,
        "balance_augment_std": 0.003233934651988703
    },
    "9": {
        "balance_augment_mean": 0.6744999999999999,
        "balance_augment_std": 0.0028795254238618497
    },
    "10": {
        "train_all_augment": 0.7466666666666666
    }
}