{
    "0": {
        "imbalance_base_mean": 0.6957095709570957,
        "imbalance_base_std": 0.0024697408493557223,
        "balance_base_mean": 0.6957095709570957,
        "balance_base_std": 0.0024697408493557223,
        "balance_augment_mean": 0.6868009211787053,
        "balance_augment_std": 0.013785749724995676
    },
    "1": {
        "imbalance_base_mean": 0.5676954282864619,
        "imbalance_base_std": 0.03321127730061307,
        "balance_base_mean": 0.6756644085461178,
        "balance_base_std": 0.03427334647084142,
        "balance_augment_mean": 0.6749471891161951,
        "balance_augment_std": 0.014688665987040054
    },
    "2": {
        "imbalance_base_mean": 0.47254058173219704,
        "imbalance_base_std": 0.02464873644318946,
        "balance_base_mean": 0.6441185205107948,
        "balance_base_std": 0.012110794115601715,
        "balance_augment_mean": 0.6672622949901102,
        "balance_augment_std": 0.018912191646305348
    },
    "3": {
        "imbalance_base_mean": 0.41271383505073767,
        "imbalance_base_std": 0.014711360022169192,
        "balance_base_mean": 0.6506166406114295,
        "balance_base_std": 0.025097473175116215,
        "balance_augment_mean": 0.6626502378591,
        "balance_augment_std": 0.021644814276468537
    },
    "4": {
        "imbalance_base_mean": 0.35874587458745877,
        "imbalance_base_std": 0.012242400654119747,
        "balance_base_mean": 0.6426588669053663,
        "balance_base_std": 0.027406655647266694,
        "balance_augment_mean": 0.6469016680955022,
        "balance_augment_std": 0.014478380459550588
    },
    "5": {
        "imbalance_base_mean": 0.3243294278494064,
        "imbalance_base_std": 0.01979219229186577,
        "balance_base_mean": 0.6288977794214057,
        "balance_base_std": 0.0263343844645999,
        "balance_augment_mean": 0.641281581468843,
        "balance_augment_std": 0.01870257154504676
    },
    "6": {
        "imbalance_base_mean": 0.29607322362117366,
        "imbalance_base_std": 0.009200834486160355,
        "balance_base_mean": 0.6004970106518291,
        "balance_base_std": 0.02198284908143908,
        "balance_augment_mean": 0.6023102310231023,
        "balance_augment_std": 0.02288916288369597
    },
    "7": {
        "imbalance_base_mean": 0.27953795379537955,
        "imbalance_base_std": 0.011602901538776859,
        "balance_base_mean": 0.5594059405940595,
        "balance_base_std": 0.03301979785684691,
        "balance_augment_mean": 0.5795379537953795,
        "balance_augment_std": 0.022755530265264938
    },
    "8": {
        "imbalance_base_mean": 0.26749258966643696,
        "imbalance_base_std": 0.005331430391504517,
        "balance_base_mean": 0.5551155115511551,
        "balance_base_std": 0.011074562201691437,
        "balance_augment_mean": 0.5716171617161716,
        "balance_augment_std": 0.007851734160640446
    },
    "9": {
        "imbalance_base_mean": 0.25313531353135316,
        "imbalance_base_std": 0.013308148616274563,
        "balance_base_mean": 0.5336633663366337,
        "balance_base_std": 0.01532433896533847,
        "balance_augment_mean": 0.5495049504950495,
        "balance_augment_std": 0.013446566856411437
    }
}