{
    "0": {
        "imbalance_base_mean": 0.7463175122749591,
        "imbalance_base_std": 0.0,
        "balance_base_mean": 0.7463175122749591,
        "balance_base_std": 0.0,
        "balance_augment_mean": 0.7253539210986019,
        "balance_augment_std": 0.017585420449006794
    },
    "1": {
        "imbalance_base_mean": 0.5805493452571063,
        "imbalance_base_std": 0.01888174821921816,
        "balance_base_mean": 0.7340334882384673,
        "balance_base_std": 0.020183801724509124,
        "balance_augment_mean": 0.7425900903486425,
        "balance_augment_std": 0.00759971969402182
    },
    "2": {
        "imbalance_base_mean": 0.4872951301921363,
        "imbalance_base_std": 0.018425241755338957,
        "balance_base_mean": 0.7318098023724274,
        "balance_base_std": 0.019604949523545117,
        "balance_augment_mean": 0.742718069203638,
        "balance_augment_std": 0.004282455207039989
    },
    "3": {
        "imbalance_base_mean": 0.4311082721175342,
        "imbalance_base_std": 0.012765516288967226,
        "balance_base_mean": 0.7297343486470889,
        "balance_base_std": 0.01689737030961446,
        "balance_augment_mean": 0.7433262171718021,
        "balance_augment_std": 0.012350048856554557
    },
    "4": {
        "imbalance_base_mean": 0.36996699669967,
        "imbalance_base_std": 0.013503150195035495,
        "balance_base_mean": 0.7239388794567063,
        "balance_base_std": 0.018863082393658595,
        "balance_augment_mean": 0.7388794567062819,
        "balance_augment_std": 0.006566750290598893
    },
    "5": {
        "imbalance_base_mean": 0.3293729372937294,
        "imbalance_base_std": 0.020888768842833888,
        "balance_base_mean": 0.7198641765704584,
        "balance_base_std": 0.009299194524705713,
        "balance_augment_mean": 0.731409168081494,
        "balance_augment_std": 0.008617030587741608
    },
    "6": {
        "imbalance_base_mean": 0.2914191419141914,
        "imbalance_base_std": 0.01004298617472141,
        "balance_base_mean": 0.7174872665534805,
        "balance_base_std": 0.009149197681023765,
        "balance_augment_mean": 0.7276740237691002,
        "balance_augment_std": 0.005104684678564662
    },
    "7": {
        "imbalance_base_mean": 0.26831683168316833,
        "imbalance_base_std": 0.009193655628504362,
        "balance_base_mean": 0.7215619694397284,
        "balance_base_std": 0.003719677809882277,
        "balance_augment_mean": 0.7297113752122242,
        "balance_augment_std": 0.005411673158067667
    },
    "8": {
        "imbalance_base_mean": 0.2465346534653466,
        "imbalance_base_std": 0.008644092972745085,
        "balance_base_mean": 0.7225806451612904,
        "balance_base_std": 0.004102901858605952,
        "balance_augment_mean": 0.7307300509337861,
        "balance_augment_std": 0.006130889672416903
    },
    "9": {
        "imbalance_base_mean": 0.21749174917491748,
        "imbalance_base_std": 0.005259860544722522,
        "balance_base_mean": 0.7256366723259762,
        "balance_base_std": 0.003959899419249771,
        "balance_augment_mean": 0.73106960950764,
        "balance_augment_std": 0.007638181242242431
    }
}