{
    "0": {
        "imbalance_base_mean": 0.7146443514644352,
        "imbalance_base_std": 0.004879457652590207,
        "balance_base_mean": 0.7146443514644352,
        "balance_base_std": 0.004879457652590207,
        "balance_augment_mean": 0.6990794979079498,
        "balance_augment_std": 0.004153865655561796
    },
    "1": {
        "imbalance_base_mean": 0.6021757322175733,
        "imbalance_base_std": 0.017195380135954907,
        "balance_base_mean": 0.6977405857740586,
        "balance_base_std": 0.006359832635983237,
        "balance_augment_mean": 0.6982426778242677,
        "balance_augment_std": 0.005255336725726383
    },
    "2": {
        "imbalance_base_mean": 0.5034309623430963,
        "imbalance_base_std": 0.016005811167873106,
        "balance_base_mean": 0.6942259414225942,
        "balance_base_std": 0.011865152719508684,
        "balance_augment_mean": 0.6850209205020921,
        "balance_augment_std": 0.006644161754403082
    },
    "3": {
        "imbalance_base_mean": 0.42744769874476984,
        "imbalance_base_std": 0.010416981636549253,
        "balance_base_mean": 0.6768200836820084,
        "balance_base_std": 0.003058689017991143,
        "balance_augment_mean": 0.6759832635983264,
        "balance_augment_std": 0.009369395817424872
    },
    "4": {
        "imbalance_base_mean": 0.37422594142259424,
        "imbalance_base_std": 0.007640309429632356,
        "balance_base_mean": 0.6632635983263598,
        "balance_base_std": 0.008311102271421013,
        "balance_augment_mean": 0.6522175732217574,
        "balance_augment_std": 0.009282292635221474
    },
    "5": {
        "imbalance_base_mean": 0.33991631799163174,
        "imbalance_base_std": 0.009793297967081378,
        "balance_base_mean": 0.6376569037656904,
        "balance_base_std": 0.014250532523787808,
        "balance_augment_mean": 0.6396652719665272,
        "balance_augment_std": 0.0061173780359822655
    },
    "6": {
        "imbalance_base_mean": 0.31096234309623433,
        "imbalance_base_std": 0.009781850507917966,
        "balance_base_mean": 0.6138912133891213,
        "balance_base_std": 0.012730671300911555,
        "balance_augment_mean": 0.6085355648535565,
        "balance_augment_std": 0.0072451416977115934
    },
    "7": {
        "imbalance_base_mean": 0.29255230125523013,
        "imbalance_base_std": 0.007458503750680228,
        "balance_base_mean": 0.5986610878661087,
        "balance_base_std": 0.016649144924446392,
        "balance_augment_mean": 0.5866108786610879,
        "balance_augment_std": 0.007938772368623536
    },
    "8": {
        "imbalance_base_mean": 0.27882845188284516,
        "imbalance_base_std": 0.007088809568049339,
        "balance_base_mean": 0.5882845188284519,
        "balance_base_std": 0.017417118983427887,
        "balance_augment_mean": 0.5767364016736402,
        "balance_augment_std": 0.014632631293318427
    },
    "9": {
        "imbalance_base_mean": 0.2674476987447699,
        "imbalance_base_std": 0.007588809405024029,
        "balance_base_mean": 0.5671966527196652,
        "balance_base_std": 0.007910495262323998,
        "balance_augment_mean": 0.5551464435146444,
        "balance_augment_std": 0.006912761984289021
    }
}