{
    "0": {
        "balance_augment_mean": 0.7883333333333333,
        "balance_augment_std": 0.0014672347384715738
    },
    "1": {
        "balance_augment_mean": 0.7880833333333334,
        "balance_augment_std": 0.002229848026709929
    },
    "2": {
        "balance_augment_mean": 0.7881666666666666,
        "balance_augment_std": 0.002563092749871605
    },
    "3": {
        "balance_augment_mean": 0.7895833333333333,
        "balance_augment_std": 0.001767766952966352
    },
    "4": {
        "balance_augment_mean": 0.7890833333333334,
        "balance_augment_std": 0.0011606990230986667
    },
    "5": {
        "balance_augment_mean": 0.7889166666666666,
        "balance_augment_std": 0.0017598926734952226
    },
    "6": {
        "balance_augment_mean": 0.7883333333333333,
        "balance_augment_std": 0.0024008100484813042
    },
    "7": {
        "balance_augment_mean": 0.7873333333333334,
        "balance_augment_std": 0.002833333333333325
    },
    "8": {
        "balance_augment_mean": 0.7870833333333334,
        "balance_augment_std": 0.0022360679774997417
    },
    "9": {
        "balance_augment_mean": 0.7870833333333334,
        "balance_augment_std": 0.0017280367794439899
    },
    "10": {
        "train_all_augment": 0.7845833333333334
    }
}