{
    "0": {
        "imbalance_base_mean": 0.7146443514644352,
        "imbalance_base_std": 0.004879457652590207,
        "balance_base_mean": 0.7146443514644352,
        "balance_base_std": 0.004879457652590207,
        "balance_augment_mean": 0.7357322175732218,
        "balance_augment_std": 0.0077855754641760685
    },
    "1": {
        "imbalance_base_mean": 0.6021757322175733,
        "imbalance_base_std": 0.017195380135954907,
        "balance_base_mean": 0.7312133891213389,
        "balance_base_std": 0.00314893518363628,
        "balance_augment_mean": 0.7422594142259414,
        "balance_augment_std": 0.005917211558046438
    },
    "2": {
        "imbalance_base_mean": 0.5034309623430963,
        "imbalance_base_std": 0.016005811167873106,
        "balance_base_mean": 0.7382426778242678,
        "balance_base_std": 0.007029288702928852,
        "balance_augment_mean": 0.744602510460251,
        "balance_augment_std": 0.002965697932496963
    },
    "3": {
        "imbalance_base_mean": 0.42744769874476984,
        "imbalance_base_std": 0.010416981636549253,
        "balance_base_mean": 0.749121338912134,
        "balance_base_std": 0.008702928870292871,
        "balance_augment_mean": 0.7454393305439331,
        "balance_augment_std": 0.006403724341325176
    },
    "4": {
        "imbalance_base_mean": 0.37422594142259424,
        "imbalance_base_std": 0.007640309429632356,
        "balance_base_mean": 0.7464435146443515,
        "balance_base_std": 0.012445852681223913,
        "balance_augment_mean": 0.7472803347280335,
        "balance_augment_std": 0.007080902360269856
    },
    "5": {
        "imbalance_base_mean": 0.33991631799163174,
        "imbalance_base_std": 0.009793297967081378,
        "balance_base_mean": 0.7492887029288703,
        "balance_base_std": 0.007210262503276331,
        "balance_augment_mean": 0.7437656903765691,
        "balance_augment_std": 0.005685451967016917
    },
    "6": {
        "imbalance_base_mean": 0.31096234309623433,
        "imbalance_base_std": 0.009781850507917966,
        "balance_base_mean": 0.7469456066945608,
        "balance_base_std": 0.010750451449540885,
        "balance_augment_mean": 0.7424267782426779,
        "balance_augment_std": 0.008524071349453948
    },
    "7": {
        "imbalance_base_mean": 0.29255230125523013,
        "imbalance_base_std": 0.007458503750680228,
        "balance_base_mean": 0.7502928870292888,
        "balance_base_std": 0.005037629102357287,
        "balance_augment_mean": 0.7427615062761506,
        "balance_augment_std": 0.009753173077378042
    },
    "8": {
        "imbalance_base_mean": 0.27882845188284516,
        "imbalance_base_std": 0.007088809568049339,
        "balance_base_mean": 0.7506276150627615,
        "balance_base_std": 0.006839436566260246,
        "balance_augment_mean": 0.7476150627615062,
        "balance_augment_std": 0.008327936605606524
    },
    "9": {
        "imbalance_base_mean": 0.2674476987447699,
        "imbalance_base_std": 0.007588809405024029,
        "balance_base_mean": 0.7502928870292888,
        "balance_base_std": 0.005763740705513809,
        "balance_augment_mean": 0.7501255230125523,
        "balance_augment_std": 0.004540471955230297
    }
}