{
    "0": {
        "imbalance_base_mean": 0.72525,
        "imbalance_base_std": 0.0045992149088488875,
        "balance_base_mean": 0.72525,
        "balance_base_std": 0.0045992149088488875,
        "balance_augment_mean": 0.7180833333333333,
        "balance_augment_std": 0.005326818938165613
    },
    "1": {
        "imbalance_base_mean": 0.7219166666666667,
        "imbalance_base_std": 0.0027963269559271057,
        "balance_base_mean": 0.7265,
        "balance_base_std": 0.004334935601213288,
        "balance_augment_mean": 0.7206666666666667,
        "balance_augment_std": 0.0044456595561163815
    },
    "2": {
        "imbalance_base_mean": 0.7051666666666667,
        "imbalance_base_std": 0.00559389548227943,
        "balance_base_mean": 0.7265,
        "balance_base_std": 0.009569192465639097,
        "balance_augment_mean": 0.7234166666666667,
        "balance_augment_std": 0.006959206532037665
    },
    "3": {
        "imbalance_base_mean": 0.6829166666666666,
        "imbalance_base_std": 0.0037267799624996737,
        "balance_base_mean": 0.72675,
        "balance_base_std": 0.007117076490932043,
        "balance_augment_mean": 0.7289166666666667,
        "balance_augment_std": 0.005059369745553537
    },
    "4": {
        "imbalance_base_mean": 0.6655,
        "imbalance_base_std": 0.005305919126577225,
        "balance_base_mean": 0.7279166666666667,
        "balance_base_std": 0.0031732387941099858,
        "balance_augment_mean": 0.7263333333333333,
        "balance_augment_std": 0.0047096237169815675
    },
    "5": {
        "imbalance_base_mean": 0.6529166666666667,
        "imbalance_base_std": 0.0035939764421412945,
        "balance_base_mean": 0.7233333333333334,
        "balance_base_std": 0.0035355339059327407,
        "balance_augment_mean": 0.7215,
        "balance_augment_std": 0.0031024184114976892
    },
    "6": {
        "imbalance_base_mean": 0.6418333333333334,
        "imbalance_base_std": 0.004523088915037314,
        "balance_base_mean": 0.7178333333333333,
        "balance_base_std": 0.00701882389641521,
        "balance_augment_mean": 0.7114166666666668,
        "balance_augment_std": 0.004070558247273247
    },
    "7": {
        "imbalance_base_mean": 0.6339166666666667,
        "imbalance_base_std": 0.0032766005418895933,
        "balance_base_mean": 0.7115833333333332,
        "balance_base_std": 0.004341338759210374,
        "balance_augment_mean": 0.71075,
        "balance_augment_std": 0.0052599112793532
    },
    "8": {
        "imbalance_base_mean": 0.6292500000000001,
        "imbalance_base_std": 0.00399131000494266,
        "balance_base_mean": 0.7091666666666667,
        "balance_base_std": 0.003809709816887485,
        "balance_augment_mean": 0.7093333333333334,
        "balance_augment_std": 0.005208166663999934
    },
    "9": {
        "imbalance_base_mean": 0.6236666666666666,
        "imbalance_base_std": 0.0030436637279582616,
        "balance_base_mean": 0.7061666666666667,
        "balance_base_std": 0.0057638721552635335,
        "balance_augment_mean": 0.7035,
        "balance_augment_std": 0.003492054473292856
    }
}