{
    "0": {
        "imbalance_base_mean": 0.6957095709570957,
        "imbalance_base_std": 0.0024697408493557223,
        "balance_base_mean": 0.6957095709570957,
        "balance_base_std": 0.0024697408493557223,
        "balance_augment_mean": 0.6885955262192887,
        "balance_augment_std": 0.008158216006572456
    },
    "1": {
        "imbalance_base_mean": 0.5676954282864619,
        "imbalance_base_std": 0.03321127730061307,
        "balance_base_mean": 0.6756644085461178,
        "balance_base_std": 0.03427334647084142,
        "balance_augment_mean": 0.6737772249211339,
        "balance_augment_std": 0.008609041209788797
    },
    "2": {
        "imbalance_base_mean": 0.47254058173219704,
        "imbalance_base_std": 0.02464873644318946,
        "balance_base_mean": 0.6441185205107948,
        "balance_base_std": 0.012110794115601715,
        "balance_augment_mean": 0.6651677901236643,
        "balance_augment_std": 0.008373742765236464
    },
    "3": {
        "imbalance_base_mean": 0.41271383505073767,
        "imbalance_base_std": 0.014711360022169192,
        "balance_base_mean": 0.6506166406114295,
        "balance_base_std": 0.025097473175116215,
        "balance_augment_mean": 0.6598788571556647,
        "balance_augment_std": 0.021528072850953605
    },
    "4": {
        "imbalance_base_mean": 0.35874587458745877,
        "imbalance_base_std": 0.012242400654119747,
        "balance_base_mean": 0.6426588669053663,
        "balance_base_std": 0.027406655647266694,
        "balance_augment_mean": 0.64555295937064,
        "balance_augment_std": 0.015460420603865373
    },
    "5": {
        "imbalance_base_mean": 0.3243294278494064,
        "imbalance_base_std": 0.01979219229186577,
        "balance_base_mean": 0.6288977794214057,
        "balance_base_std": 0.0263343844645999,
        "balance_augment_mean": 0.6290429042904291,
        "balance_augment_std": 0.024126292914187546
    },
    "6": {
        "imbalance_base_mean": 0.29607322362117366,
        "imbalance_base_std": 0.009200834486160355,
        "balance_base_mean": 0.6004970106518291,
        "balance_base_std": 0.02198284908143908,
        "balance_augment_mean": 0.5939535040091445,
        "balance_augment_std": 0.023483480815565866
    },
    "7": {
        "imbalance_base_mean": 0.27953795379537955,
        "imbalance_base_std": 0.011602901538776859,
        "balance_base_mean": 0.5594059405940595,
        "balance_base_std": 0.03301979785684691,
        "balance_augment_mean": 0.563036303630363,
        "balance_augment_std": 0.01922707810380133
    },
    "8": {
        "imbalance_base_mean": 0.26749258966643696,
        "imbalance_base_std": 0.005331430391504517,
        "balance_base_mean": 0.5551155115511551,
        "balance_base_std": 0.011074562201691437,
        "balance_augment_mean": 0.5511551155115512,
        "balance_augment_std": 0.019328779490886246
    },
    "9": {
        "imbalance_base_mean": 0.25313531353135316,
        "imbalance_base_std": 0.013308148616274563,
        "balance_base_mean": 0.5336633663366337,
        "balance_base_std": 0.01532433896533847,
        "balance_augment_mean": 0.5491749174917492,
        "balance_augment_std": 0.013623608871650383
    }
}