{
    "0": {
        "balance_augment_mean": 0.7738333333333334,
        "balance_augment_std": 0.0010992421631893915
    },
    "1": {
        "balance_augment_mean": 0.7733333333333333,
        "balance_augment_std": 0.001767766952966352
    },
    "2": {
        "balance_augment_mean": 0.7707500000000002,
        "balance_augment_std": 0.0022882550362909957
    },
    "3": {
        "balance_augment_mean": 0.7702500000000001,
        "balance_augment_std": 0.0017199806200458511
    },
    "4": {
        "balance_augment_mean": 0.77125,
        "balance_augment_std": 0.0019895560643855485
    },
    "5": {
        "balance_augment_mean": 0.7700833333333333,
        "balance_augment_std": 0.0019790570145063035
    },
    "6": {
        "balance_augment_mean": 0.7699999999999999,
        "balance_augment_std": 0.0018633899812498529
    },
    "7": {
        "balance_augment_mean": 0.7681666666666667,
        "balance_augment_std": 0.0012801909579780977
    },
    "8": {
        "balance_augment_mean": 0.7673333333333334,
        "balance_augment_std": 0.001550089603144843
    },
    "9": {
        "balance_augment_mean": 0.7671666666666667,
        "balance_augment_std": 0.0014043582955293756
    },
    "10": {
        "train_all_augment": 0.7845833333333334
    }
}