{
    "0": {
        "imbalance_base_mean": 0.72525,
        "imbalance_base_std": 0.0045992149088488875,
        "balance_base_mean": 0.72525,
        "balance_base_std": 0.0045992149088488875,
        "balance_augment_mean": 0.7168333333333333,
        "balance_augment_std": 0.0014337208778404476
    },
    "1": {
        "imbalance_base_mean": 0.7219166666666667,
        "imbalance_base_std": 0.0027963269559271057,
        "balance_base_mean": 0.7286666666666666,
        "balance_base_std": 0.004544532734812018,
        "balance_augment_mean": 0.7195833333333335,
        "balance_augment_std": 0.004647281164532885
    },
    "2": {
        "imbalance_base_mean": 0.7051666666666667,
        "imbalance_base_std": 0.00559389548227943,
        "balance_base_mean": 0.7304166666666667,
        "balance_base_std": 0.0026744677559802053,
        "balance_augment_mean": 0.7269166666666667,
        "balance_augment_std": 0.0023658449277630545
    },
    "3": {
        "imbalance_base_mean": 0.6829166666666666,
        "imbalance_base_std": 0.0037267799624996737,
        "balance_base_mean": 0.73575,
        "balance_base_std": 0.0035978388574871324,
        "balance_augment_mean": 0.7323333333333333,
        "balance_augment_std": 0.0040705582472732905
    },
    "4": {
        "imbalance_base_mean": 0.6655,
        "imbalance_base_std": 0.005305919126577225,
        "balance_base_mean": 0.7354166666666666,
        "balance_base_std": 0.006135054106435293,
        "balance_augment_mean": 0.7296666666666666,
        "balance_augment_std": 0.00363623737154523
    },
    "5": {
        "imbalance_base_mean": 0.6529166666666667,
        "imbalance_base_std": 0.0035939764421412945,
        "balance_base_mean": 0.7325833333333334,
        "balance_base_std": 0.006108964269370409,
        "balance_augment_mean": 0.7355833333333334,
        "balance_augment_std": 0.004703721930556713
    },
    "6": {
        "imbalance_base_mean": 0.6418333333333334,
        "imbalance_base_std": 0.004523088915037314,
        "balance_base_mean": 0.7253333333333333,
        "balance_base_std": 0.0037950991789119006,
        "balance_augment_mean": 0.728,
        "balance_augment_std": 0.0025603819159561946
    },
    "7": {
        "imbalance_base_mean": 0.6339166666666667,
        "imbalance_base_std": 0.0032766005418895933,
        "balance_base_mean": 0.72,
        "balance_base_std": 0.006269414291268011,
        "balance_augment_mean": 0.72475,
        "balance_augment_std": 0.00460675832036175
    },
    "8": {
        "imbalance_base_mean": 0.6292500000000001,
        "imbalance_base_std": 0.00399131000494266,
        "balance_base_mean": 0.7228333333333334,
        "balance_base_std": 0.004341338759210367,
        "balance_augment_mean": 0.7255,
        "balance_augment_std": 0.006574360974438687
    },
    "9": {
        "imbalance_base_mean": 0.6236666666666666,
        "imbalance_base_std": 0.0030436637279582616,
        "balance_base_mean": 0.7185833333333334,
        "balance_base_std": 0.0029297326385411275,
        "balance_augment_mean": 0.7225833333333334,
        "balance_augment_std": 0.0022267315359811987
    }
}