{
    "0": {
        "imbalance_base_mean": 0.6657563066711444,
        "imbalance_base_std": 0.0,
        "balance_base_mean": 0.6657563066711444,
        "balance_base_std": 0.0
    },
    "1": {
        "imbalance_base_mean": 0.6136544122004701,
        "imbalance_base_std": 0.008527220210834706,
        "balance_base_mean": 0.6545682621836788,
        "balance_base_std": 0.009270498690367586
    },
    "2": {
        "imbalance_base_mean": 0.5436261630548586,
        "imbalance_base_std": 0.012646563771449383,
        "balance_base_mean": 0.6490339977479703,
        "balance_base_std": 0.007661870571691861
    },
    "3": {
        "imbalance_base_mean": 0.5129215147863535,
        "imbalance_base_std": 0.004142765021570449,
        "balance_base_mean": 0.6430552537484443,
        "balance_base_std": 0.007248288461083352
    },
    "4": {
        "imbalance_base_mean": 0.5022263487485431,
        "imbalance_base_std": 0.002811285513355882,
        "balance_base_mean": 0.6482665297011122,
        "balance_base_std": 0.007660000191631729
    },
    "5": {
        "imbalance_base_mean": 0.4924280436972797,
        "imbalance_base_std": 0.003093793783660509,
        "balance_base_mean": 0.6482072657592698,
        "balance_base_std": 0.005226900673599819
    },
    "6": {
        "imbalance_base_mean": 0.4879911499180182,
        "imbalance_base_std": 0.0028359026079814165,
        "balance_base_mean": 0.6466259062444439,
        "balance_base_std": 0.0025973372382159174
    },
    "7": {
        "imbalance_base_mean": 0.48221686651784834,
        "imbalance_base_std": 0.0031457475496219646,
        "balance_base_mean": 0.6492927836273483,
        "balance_base_std": 0.0013093717902167552
    },
    "8": {
        "imbalance_base_mean": 0.47932182295885106,
        "imbalance_base_std": 0.0013235834810381957,
        "balance_base_mean": 0.6499298710021533,
        "balance_base_std": 0.0042729815795648765
    },
    "9": {
        "imbalance_base_mean": 0.4786610300073092,
        "imbalance_base_std": 0.0012884339273336565,
        "balance_base_mean": 0.6492967345568045,
        "balance_base_std": 0.0028745971443970633
    }
}