{
    "0": {
        "imbalance_base_mean": 0.6986531986531986,
        "imbalance_base_std": 0.0,
        "balance_base_mean": 0.6986531986531986,
        "balance_base_std": 0.0,
        "balance_augment_mean": 0.6764099323189274,
        "balance_augment_std": 0.01579975325375493
    },
    "1": {
        "imbalance_base_mean": 0.560537802506906,
        "imbalance_base_std": 0.005301256001587668,
        "balance_base_mean": 0.6174043380568957,
        "balance_base_std": 0.023617627551813177,
        "balance_augment_mean": 0.6288624787775892,
        "balance_augment_std": 0.031536930990835474
    },
    "2": {
        "imbalance_base_mean": 0.48273350255229264,
        "imbalance_base_std": 0.025247886797218424,
        "balance_base_mean": 0.5717807773986228,
        "balance_base_std": 0.019400045215502867,
        "balance_augment_mean": 0.5809410143051656,
        "balance_augment_std": 0.013437223517610187
    },
    "3": {
        "imbalance_base_mean": 0.41275193733295235,
        "imbalance_base_std": 0.013971970675478616,
        "balance_base_mean": 0.5259633433631988,
        "balance_base_std": 0.013632051393006538,
        "balance_augment_mean": 0.5465951688547463,
        "balance_augment_std": 0.021079633995953626
    },
    "4": {
        "imbalance_base_mean": 0.34842407840104894,
        "imbalance_base_std": 0.027740624397573552,
        "balance_base_mean": 0.48030280107807044,
        "balance_base_std": 0.033398041054533645,
        "balance_augment_mean": 0.49465615491939685,
        "balance_augment_std": 0.02992475907394644
    },
    "5": {
        "imbalance_base_mean": 0.322180010870357,
        "imbalance_base_std": 0.02758722660554963,
        "balance_base_mean": 0.44087310259039486,
        "balance_base_std": 0.038455741517043236,
        "balance_augment_mean": 0.461367087472754,
        "balance_augment_std": 0.039896183178822375
    },
    "6": {
        "imbalance_base_mean": 0.2966996699669967,
        "imbalance_base_std": 0.01862275376853581,
        "balance_base_mean": 0.4014865493340506,
        "balance_base_std": 0.030004024819689855,
        "balance_augment_mean": 0.4062706270627062,
        "balance_augment_std": 0.030470465709792175
    },
    "7": {
        "imbalance_base_mean": 0.27029702970297026,
        "imbalance_base_std": 0.0072607260726072695,
        "balance_base_mean": 0.36996699669967,
        "balance_base_std": 0.029211183647998434,
        "balance_augment_mean": 0.38151815181518145,
        "balance_augment_std": 0.027738483682443166
    },
    "8": {
        "imbalance_base_mean": 0.26336633663366343,
        "imbalance_base_std": 0.009134226074652163,
        "balance_base_mean": 0.3567656765676568,
        "balance_base_std": 0.01227793745065232,
        "balance_augment_mean": 0.36435643564356435,
        "balance_augment_std": 0.009299671817561306
    },
    "9": {
        "imbalance_base_mean": 0.2594059405940594,
        "imbalance_base_std": 0.005754322037677462,
        "balance_base_mean": 0.3396039603960396,
        "balance_base_std": 0.014210594152878538,
        "balance_augment_mean": 0.33861386138613864,
        "balance_augment_std": 0.015738110914279034
    }
}