{
    "0": {
        "imbalance_base_mean": 0.6074405878983031,
        "imbalance_base_std": 0.0,
        "balance_base_mean": 0.6074405878983031,
        "balance_base_std": 0.0
    },
    "1": {
        "imbalance_base_mean": 0.5717231978823019,
        "imbalance_base_std": 0.00945495030776461,
        "balance_base_mean": 0.5764988838624286,
        "balance_base_std": 0.011047068033305988
    },
    "2": {
        "imbalance_base_mean": 0.5293909642243338,
        "imbalance_base_std": 0.012728600963969494,
        "balance_base_mean": 0.5458880701685072,
        "balance_base_std": 0.012194225745414762
    },
    "3": {
        "imbalance_base_mean": 0.5185930740206633,
        "imbalance_base_std": 0.01570734335223546,
        "balance_base_mean": 0.5330169297327196,
        "balance_base_std": 0.017305293312688534
    },
    "4": {
        "imbalance_base_mean": 0.49941723790521725,
        "imbalance_base_std": 0.006655552196816285,
        "balance_base_mean": 0.5219642045791273,
        "balance_base_std": 0.0058103154611970215
    },
    "5": {
        "imbalance_base_mean": 0.49584559767685354,
        "imbalance_base_std": 0.004396336058858958,
        "balance_base_mean": 0.5127674285375635,
        "balance_base_std": 0.006215799374501881
    },
    "6": {
        "imbalance_base_mean": 0.48922186444361043,
        "imbalance_base_std": 0.0032579249662715265,
        "balance_base_mean": 0.5074731830663163,
        "balance_base_std": 0.005818210975551538
    },
    "7": {
        "imbalance_base_mean": 0.48460421564172973,
        "imbalance_base_std": 0.0018996602332871802,
        "balance_base_mean": 0.5003259516801327,
        "balance_base_std": 0.005208800792007696
    },
    "8": {
        "imbalance_base_mean": 0.482362063175362,
        "imbalance_base_std": 0.002238641745028371,
        "balance_base_mean": 0.49658145828806227,
        "balance_base_std": 0.0045883675741801916
    },
    "9": {
        "imbalance_base_mean": 0.4812725943778274,
        "imbalance_base_std": 0.0012824745313818056,
        "balance_base_mean": 0.49282116117816716,
        "balance_base_std": 0.0018951070830783773
    }
}