{
    "0": {
        "imbalance_base_mean": 0.755,
        "imbalance_base_std": 0.0,
        "balance_base_mean": 0.755,
        "balance_base_std": 0.0,
        "balance_augment_mean": 0.7511666666666666,
        "balance_augment_std": 0.003358240279934959
    },
    "1": {
        "imbalance_base_mean": 0.6105,
        "imbalance_base_std": 0.02736887932589779,
        "balance_base_mean": 0.7496666666666666,
        "balance_base_std": 0.010627532377953233,
        "balance_augment_mean": 0.7491666666666666,
        "balance_augment_std": 0.009486832980505145
    },
    "2": {
        "imbalance_base_mean": 0.49450000000000005,
        "imbalance_base_std": 0.016604885492595922,
        "balance_base_mean": 0.7468333333333332,
        "balance_base_std": 0.011098047876390982,
        "balance_augment_mean": 0.7484999999999999,
        "balance_augment_std": 0.00858616458159419
    },
    "3": {
        "imbalance_base_mean": 0.4103333333333333,
        "imbalance_base_std": 0.017017964364491756,
        "balance_base_mean": 0.7445,
        "balance_base_std": 0.009698224350650762,
        "balance_augment_mean": 0.744,
        "balance_augment_std": 0.006980130530457319
    },
    "4": {
        "imbalance_base_mean": 0.33816666666666667,
        "imbalance_base_std": 0.02293347868170994,
        "balance_base_mean": 0.7443333333333333,
        "balance_base_std": 0.014057421922639667,
        "balance_augment_mean": 0.7426666666666667,
        "balance_augment_std": 0.01029293177109633
    },
    "5": {
        "imbalance_base_mean": 0.2866666666666667,
        "imbalance_base_std": 0.009545214042184228,
        "balance_base_mean": 0.7416666666666668,
        "balance_base_std": 0.009006170724070861,
        "balance_augment_mean": 0.7411666666666666,
        "balance_augment_std": 0.005666666666666691
    },
    "6": {
        "imbalance_base_mean": 0.24850000000000003,
        "imbalance_base_std": 0.00768114574786861,
        "balance_base_mean": 0.7394999999999999,
        "balance_base_std": 0.011262030604350772,
        "balance_augment_mean": 0.7393333333333333,
        "balance_augment_std": 0.007234178138070246
    },
    "7": {
        "imbalance_base_mean": 0.22666666666666666,
        "imbalance_base_std": 0.006078194176270151,
        "balance_base_mean": 0.7406666666666666,
        "balance_base_std": 0.0029533408577782105,
        "balance_augment_mean": 0.7396666666666667,
        "balance_augment_std": 0.0029154759474226376
    },
    "8": {
        "imbalance_base_mean": 0.21399999999999997,
        "imbalance_base_std": 0.004784233364802436,
        "balance_base_mean": 0.7401666666666666,
        "balance_base_std": 0.002438123139721278,
        "balance_augment_mean": 0.7401666666666666,
        "balance_augment_std": 0.00254950975679637
    },
    "9": {
        "imbalance_base_mean": 0.2015,
        "imbalance_base_std": 0.00226077666104176,
        "balance_base_mean": 0.7418333333333333,
        "balance_base_std": 0.0017795130420052202,
        "balance_augment_mean": 0.7405,
        "balance_augment_std": 0.0013540064007726913
    }
}