{
    "0": {
        "imbalance_base_mean": 0.72525,
        "imbalance_base_std": 0.0045992149088488875,
        "balance_base_mean": 0.72525,
        "balance_base_std": 0.0045992149088488875,
        "balance_augment_mean": 0.7170833333333333,
        "balance_augment_std": 0.003486083443891956
    },
    "1": {
        "imbalance_base_mean": 0.7068333333333333,
        "imbalance_base_std": 0.009645090864153523,
        "balance_base_mean": 0.7159166666666665,
        "balance_base_std": 0.007968688725254637,
        "balance_augment_mean": 0.7161666666666666,
        "balance_augment_std": 0.005523937806392156
    },
    "2": {
        "imbalance_base_mean": 0.6759166666666667,
        "imbalance_base_std": 0.010217767749258058,
        "balance_base_mean": 0.70125,
        "balance_base_std": 0.009596006113656552,
        "balance_augment_mean": 0.7041666666666668,
        "balance_augment_std": 0.00970752857894894
    },
    "3": {
        "imbalance_base_mean": 0.6588333333333334,
        "imbalance_base_std": 0.010939860856316014,
        "balance_base_mean": 0.6901666666666666,
        "balance_base_std": 0.0052546275901448,
        "balance_augment_mean": 0.7008333333333333,
        "balance_augment_std": 0.008763877883423267
    },
    "4": {
        "imbalance_base_mean": 0.6396666666666667,
        "imbalance_base_std": 0.008089774066341069,
        "balance_base_mean": 0.6880833333333334,
        "balance_base_std": 0.0035609767698702908,
        "balance_augment_mean": 0.6932499999999999,
        "balance_augment_std": 0.007761192634583379
    },
    "5": {
        "imbalance_base_mean": 0.62675,
        "imbalance_base_std": 0.004211426256164435,
        "balance_base_mean": 0.6818333333333333,
        "balance_base_std": 0.004188277291043016,
        "balance_augment_mean": 0.6858333333333333,
        "balance_augment_std": 0.003987828704668456
    },
    "6": {
        "imbalance_base_mean": 0.61625,
        "imbalance_base_std": 0.005755432216610688,
        "balance_base_mean": 0.6739999999999999,
        "balance_base_std": 0.008167516962537237,
        "balance_augment_mean": 0.6779166666666666,
        "balance_augment_std": 0.005170697352496202
    },
    "7": {
        "imbalance_base_mean": 0.6123333333333333,
        "imbalance_base_std": 0.0033187179586232954,
        "balance_base_mean": 0.6665833333333334,
        "balance_base_std": 0.00609758604330892,
        "balance_augment_mean": 0.6696666666666665,
        "balance_augment_std": 0.006673954350058664
    },
    "8": {
        "imbalance_base_mean": 0.6103333333333334,
        "imbalance_base_std": 0.003965125751123438,
        "balance_base_mean": 0.6634166666666668,
        "balance_base_std": 0.0034701104689427893,
        "balance_augment_mean": 0.6661666666666666,
        "balance_augment_std": 0.005132954531478156
    },
    "9": {
        "imbalance_base_mean": 0.6068333333333333,
        "imbalance_base_std": 0.0035804251764901584,
        "balance_base_mean": 0.6603333333333333,
        "balance_base_std": 0.003470110468942835,
        "balance_augment_mean": 0.6630833333333334,
        "balance_augment_std": 0.0027588242262078207
    }
}