{
    "0": {
        "imbalance_base_mean": 0.6076714412465802,
        "imbalance_base_std": 0.010854385097312784,
        "balance_base_mean": 0.6076714412465802,
        "balance_base_std": 0.010854385097312784,
        "balance_augment_mean": 0.6726709249705086,
        "balance_augment_std": 0.01720376662260979
    },
    "1": {
        "imbalance_base_mean": 0.5964729192067965,
        "imbalance_base_std": 0.011254068980295887,
        "balance_base_mean": 0.6012907994278749,
        "balance_base_std": 0.02249581640877182,
        "balance_augment_mean": 0.6307286579261774,
        "balance_augment_std": 0.020035102622938613
    },
    "2": {
        "imbalance_base_mean": 0.6941320709140317,
        "imbalance_base_std": 0.019168773812066487,
        "balance_base_mean": 0.6555531071573656,
        "balance_base_std": 0.017431844335481946,
        "balance_augment_mean": 0.7013857401027981,
        "balance_augment_std": 0.026461853617968392
    },
    "3": {
        "imbalance_base_mean": 0.7769984514281324,
        "imbalance_base_std": 0.03314222394483527,
        "balance_base_mean": 0.7013742214414931,
        "balance_base_std": 0.020533705238081117,
        "balance_augment_mean": 0.761897400803031,
        "balance_augment_std": 0.04569798371565992
    },
    "4": {
        "imbalance_base_mean": 0.8677099900987709,
        "imbalance_base_std": 0.0428993989686115,
        "balance_base_mean": 0.812713213811401,
        "balance_base_std": 0.019594843867943596,
        "balance_augment_mean": 0.8362509407476775,
        "balance_augment_std": 0.03380372400373001
    },
    "5": {
        "imbalance_base_mean": 0.9936074373805868,
        "imbalance_base_std": 0.04885449224516438,
        "balance_base_mean": 0.9422654115504588,
        "balance_base_std": 0.0559087507661267,
        "balance_augment_mean": 0.9737817919591623,
        "balance_augment_std": 0.03476949012162762
    },
    "6": {
        "imbalance_base_mean": 1.0955062177837165,
        "imbalance_base_std": 0.022893508248632226,
        "balance_base_mean": 1.042212412450724,
        "balance_base_std": 0.0557164848814134,
        "balance_augment_mean": 1.0819918079458641,
        "balance_augment_std": 0.05302439082666519
    },
    "7": {
        "imbalance_base_mean": 1.2037058524748994,
        "imbalance_base_std": 0.07710944154458889,
        "balance_base_mean": 1.164151306478471,
        "balance_base_std": 0.049835681827270654,
        "balance_augment_mean": 1.1908358098903538,
        "balance_augment_std": 0.042207498077025854
    },
    "8": {
        "imbalance_base_mean": 1.3405604847444423,
        "imbalance_base_std": 0.07459471409335959,
        "balance_base_mean": 1.23766844977465,
        "balance_base_std": 0.04610641239081811,
        "balance_augment_mean": 1.338850028471379,
        "balance_augment_std": 0.07039659134793848
    },
    "9": {
        "imbalance_base_mean": 1.4784853515056462,
        "imbalance_base_std": 0.048916016672746636,
        "balance_base_mean": 1.330232317824579,
        "balance_base_std": 0.0749990233259226,
        "balance_augment_mean": 1.4212967184313328,
        "balance_augment_std": 0.052010038442156355
    }
}