{
    "0": {
        "imbalance_base_mean": 0.755,
        "imbalance_base_std": 0.0,
        "balance_base_mean": 0.755,
        "balance_base_std": 0.0,
        "balance_augment_mean": 0.7595000000000001,
        "balance_augment_std": 0.00969822435065077
    },
    "1": {
        "imbalance_base_mean": 0.6105,
        "imbalance_base_std": 0.02736887932589779,
        "balance_base_mean": 0.7474999999999999,
        "balance_base_std": 0.009052317076000184,
        "balance_augment_mean": 0.7591666666666665,
        "balance_augment_std": 0.010865337342004419
    },
    "2": {
        "imbalance_base_mean": 0.49450000000000005,
        "imbalance_base_std": 0.016604885492595922,
        "balance_base_mean": 0.7503333333333333,
        "balance_base_std": 0.010821788720498588,
        "balance_augment_mean": 0.7583333333333333,
        "balance_augment_std": 0.011118053386771938
    },
    "3": {
        "imbalance_base_mean": 0.4103333333333333,
        "imbalance_base_std": 0.017017964364491756,
        "balance_base_mean": 0.7528333333333334,
        "balance_base_std": 0.012355835328567077,
        "balance_augment_mean": 0.7565000000000001,
        "balance_augment_std": 0.010533016872883312
    },
    "4": {
        "imbalance_base_mean": 0.33816666666666667,
        "imbalance_base_std": 0.02293347868170994,
        "balance_base_mean": 0.7476666666666667,
        "balance_base_std": 0.009823441352194272,
        "balance_augment_mean": 0.7545,
        "balance_augment_std": 0.00819213715162967
    },
    "5": {
        "imbalance_base_mean": 0.2866666666666667,
        "imbalance_base_std": 0.009545214042184228,
        "balance_base_mean": 0.7483333333333333,
        "balance_base_std": 0.0034560735588879477,
        "balance_augment_mean": 0.7531666666666668,
        "balance_augment_std": 0.005410894360249305
    },
    "6": {
        "imbalance_base_mean": 0.24850000000000003,
        "imbalance_base_std": 0.00768114574786861,
        "balance_base_mean": 0.7485,
        "balance_base_std": 0.0049272484996981504,
        "balance_augment_mean": 0.7545,
        "balance_augment_std": 0.006249444419750899
    },
    "7": {
        "imbalance_base_mean": 0.22666666666666666,
        "imbalance_base_std": 0.006078194176270151,
        "balance_base_mean": 0.748,
        "balance_base_std": 0.004301162633521304,
        "balance_augment_mean": 0.7525,
        "balance_augment_std": 0.005868938953886324
    },
    "8": {
        "imbalance_base_mean": 0.21399999999999997,
        "imbalance_base_std": 0.004784233364802436,
        "balance_base_mean": 0.7488333333333334,
        "balance_base_std": 0.0037118429085533557,
        "balance_augment_mean": 0.7531666666666668,
        "balance_augment_std": 0.004696334267868434
    },
    "9": {
        "imbalance_base_mean": 0.2015,
        "imbalance_base_std": 0.00226077666104176,
        "balance_base_mean": 0.7476666666666667,
        "balance_base_std": 0.0030459444804161674,
        "balance_augment_mean": 0.7528333333333334,
        "balance_augment_std": 0.0026140645235596667
    }
}