{
    "0": {
        "balance_augment_mean": 0.6036666666666667,
        "balance_augment_std": 0.010008329864001625
    },
    "1": {
        "balance_augment_mean": 0.5925,
        "balance_augment_std": 0.005190803834132477
    },
    "2": {
        "balance_augment_mean": 0.5976666666666667,
        "balance_augment_std": 0.005066228051190211
    },
    "3": {
        "balance_augment_mean": 0.5860000000000001,
        "balance_augment_std": 0.008422852512328837
    },
    "4": {
        "balance_augment_mean": 0.5888333333333333,
        "balance_augment_std": 0.010588253449512412
    },
    "5": {
        "balance_augment_mean": 0.5925,
        "balance_augment_std": 0.009789450103725603
    },
    "6": {
        "balance_augment_mean": 0.5946666666666667,
        "balance_augment_std": 0.006843488389215929
    },
    "7": {
        "balance_augment_mean": 0.5875,
        "balance_augment_std": 0.011093040861529157
    },
    "8": {
        "balance_augment_mean": 0.5921666666666666,
        "balance_augment_std": 0.007557189365836419
    },
    "9": {
        "balance_augment_mean": 0.5921666666666667,
        "balance_augment_std": 0.0059768070256803795
    },
    "10": {
        "train_all_augment": 0.7575
    }
}