{
    "0": {
        "imbalance_base_mean": 0.7046666666666666,
        "imbalance_base_std": 0.0063157651071654546,
        "balance_base_mean": 0.7046666666666666,
        "balance_base_std": 0.0063157651071654546,
        "balance_augment_mean": 0.655,
        "balance_augment_std": 0.015696779570628122
    },
    "1": {
        "imbalance_base_mean": 0.5273333333333334,
        "imbalance_base_std": 0.023192431715731952,
        "balance_base_mean": 0.6721666666666667,
        "balance_base_std": 0.010911258202221955,
        "balance_augment_mean": 0.6471666666666668,
        "balance_augment_std": 0.016646654652245026
    },
    "2": {
        "imbalance_base_mean": 0.4216666666666667,
        "imbalance_base_std": 0.02533114025595111,
        "balance_base_mean": 0.6605,
        "balance_base_std": 0.021360659581992725,
        "balance_augment_mean": 0.631,
        "balance_augment_std": 0.016835808398899185
    },
    "3": {
        "imbalance_base_mean": 0.36683333333333334,
        "imbalance_base_std": 0.027204983203654273,
        "balance_base_mean": 0.65,
        "balance_base_std": 0.022662989897873388,
        "balance_augment_mean": 0.6236666666666666,
        "balance_augment_std": 0.015051762539834163
    },
    "4": {
        "imbalance_base_mean": 0.3171666666666667,
        "imbalance_base_std": 0.019822826348541836,
        "balance_base_mean": 0.6353333333333333,
        "balance_base_std": 0.021190930974253012,
        "balance_augment_mean": 0.6168333333333333,
        "balance_augment_std": 0.019245490092197906
    },
    "5": {
        "imbalance_base_mean": 0.2831666666666667,
        "imbalance_base_std": 0.008996913050843857,
        "balance_base_mean": 0.6301666666666667,
        "balance_base_std": 0.008205689083394089,
        "balance_augment_mean": 0.6119999999999999,
        "balance_augment_std": 0.008891319112232761
    },
    "6": {
        "imbalance_base_mean": 0.25316666666666665,
        "imbalance_base_std": 0.012751906175592383,
        "balance_base_mean": 0.6155,
        "balance_base_std": 0.00716085035298026,
        "balance_augment_mean": 0.6020000000000001,
        "balance_augment_std": 0.009183318209303964
    },
    "7": {
        "imbalance_base_mean": 0.24316666666666667,
        "imbalance_base_std": 0.010252370999486459,
        "balance_base_mean": 0.6143333333333334,
        "balance_base_std": 0.00825631071766721,
        "balance_augment_mean": 0.5958333333333333,
        "balance_augment_std": 0.004082482904638643
    },
    "8": {
        "imbalance_base_mean": 0.2368333333333333,
        "imbalance_base_std": 0.009149984820873874,
        "balance_base_mean": 0.6063333333333334,
        "balance_base_std": 0.004731689855526122,
        "balance_augment_mean": 0.5831666666666667,
        "balance_augment_std": 0.011222497246354915
    },
    "9": {
        "imbalance_base_mean": 0.22799999999999998,
        "imbalance_base_std": 0.007483314773547878,
        "balance_base_mean": 0.5976666666666667,
        "balance_base_std": 0.006442049363362532,
        "balance_augment_mean": 0.584,
        "balance_augment_std": 0.011370038600540384
    }
}