{
    "0": {
        "imbalance_base_mean": 0.7095833333333332,
        "imbalance_base_std": 0.0,
        "balance_base_mean": 0.7095833333333332,
        "balance_base_std": 0.0,
        "balance_augment_mean": 0.7085000000000001,
        "balance_augment_std": 0.0049342904476958275
    },
    "1": {
        "imbalance_base_mean": 0.6979166666666666,
        "imbalance_base_std": 0.01451531757986864,
        "balance_base_mean": 0.6994166666666667,
        "balance_base_std": 0.009146189248959276,
        "balance_augment_mean": 0.70525,
        "balance_augment_std": 0.011467344941179718
    },
    "2": {
        "imbalance_base_mean": 0.6773333333333333,
        "imbalance_base_std": 0.009998611014647107,
        "balance_base_mean": 0.6838333333333333,
        "balance_base_std": 0.007951240294584393,
        "balance_augment_mean": 0.6934166666666666,
        "balance_augment_std": 0.006984108946585633
    },
    "3": {
        "imbalance_base_mean": 0.6638333333333333,
        "imbalance_base_std": 0.009396364545219952,
        "balance_base_mean": 0.68125,
        "balance_base_std": 0.011595018087284078,
        "balance_augment_mean": 0.6805833333333334,
        "balance_augment_std": 0.009812831735369107
    },
    "4": {
        "imbalance_base_mean": 0.65175,
        "imbalance_base_std": 0.006299250396321423,
        "balance_base_mean": 0.6704166666666668,
        "balance_base_std": 0.007997395409340044,
        "balance_augment_mean": 0.6754166666666668,
        "balance_augment_std": 0.007100469468046939
    },
    "5": {
        "imbalance_base_mean": 0.6384166666666666,
        "imbalance_base_std": 0.003490065265228669,
        "balance_base_mean": 0.6650833333333332,
        "balance_base_std": 0.0036074768036522113,
        "balance_augment_mean": 0.6668333333333333,
        "balance_augment_std": 0.004422166387140544
    },
    "6": {
        "imbalance_base_mean": 0.6260833333333333,
        "imbalance_base_std": 0.006161033463091483,
        "balance_base_mean": 0.6560833333333334,
        "balance_base_std": 0.0031024184114977213,
        "balance_augment_mean": 0.6598333333333334,
        "balance_augment_std": 0.0034318767136623223
    },
    "7": {
        "imbalance_base_mean": 0.6258333333333332,
        "imbalance_base_std": 0.00531637930257883,
        "balance_base_mean": 0.6579166666666667,
        "balance_base_std": 0.0057312496213498204,
        "balance_augment_mean": 0.6564166666666666,
        "balance_augment_std": 0.004769696007084742
    },
    "8": {
        "imbalance_base_mean": 0.6169166666666667,
        "imbalance_base_std": 0.004302776881141874,
        "balance_base_mean": 0.6516666666666666,
        "balance_base_std": 0.0023273733406281587,
        "balance_augment_mean": 0.6544166666666666,
        "balance_augment_std": 0.005698440332426243
    },
    "9": {
        "imbalance_base_mean": 0.61725,
        "imbalance_base_std": 0.0025083194905487255,
        "balance_base_mean": 0.6484166666666666,
        "balance_base_std": 0.003739800945386139,
        "balance_augment_mean": 0.6525833333333333,
        "balance_augment_std": 0.005037360419902468
    }
}