{
    "0": {
        "balance_augment_mean": 0.7013333333333334,
        "balance_augment_std": 0.00919842981769776
    },
    "1": {
        "balance_augment_mean": 0.6940000000000001,
        "balance_augment_std": 0.011234866364235176
    },
    "2": {
        "balance_augment_mean": 0.6948333333333333,
        "balance_augment_std": 0.012784539273843381
    },
    "3": {
        "balance_augment_mean": 0.6916666666666667,
        "balance_augment_std": 0.0074721705904866485
    },
    "4": {
        "balance_augment_mean": 0.6925,
        "balance_augment_std": 0.014907119849998592
    },
    "5": {
        "balance_augment_mean": 0.6975,
        "balance_augment_std": 0.014308117354223188
    },
    "6": {
        "balance_augment_mean": 0.6996666666666667,
        "balance_augment_std": 0.012851718432438002
    },
    "7": {
        "balance_augment_mean": 0.6976666666666668,
        "balance_augment_std": 0.014779866184930213
    },
    "8": {
        "balance_augment_mean": 0.6961666666666667,
        "balance_augment_std": 0.00820907357068318
    },
    "9": {
        "balance_augment_mean": 0.6931666666666667,
        "balance_augment_std": 0.011418795421973769
    },
    "10": {
        "train_all_augment": 0.745
    }
}