{
    "0": {
        "balance_augment_mean": -0.33149689865333665,
        "balance_augment_std": 0.01267224496248714
    },
    "1": {
        "balance_augment_mean": -0.394860978477504,
        "balance_augment_std": 0.021043616198322436
    },
    "2": {
        "balance_augment_mean": -0.4215514852954126,
        "balance_augment_std": 0.017967850459132784
    },
    "3": {
        "balance_augment_mean": -0.4513588828670653,
        "balance_augment_std": 0.01301987817315572
    },
    "4": {
        "balance_augment_mean": -0.4590495564384283,
        "balance_augment_std": 0.011399704067397895
    },
    "5": {
        "balance_augment_mean": -0.47386635194294524,
        "balance_augment_std": 0.003693948361413736
    },
    "6": {
        "balance_augment_mean": -0.4876950226799764,
        "balance_augment_std": 0.016949038437079417
    },
    "7": {
        "balance_augment_mean": -0.5045048751822598,
        "balance_augment_std": 0.010340318727405677
    },
    "8": {
        "balance_augment_mean": -0.5125215443575433,
        "balance_augment_std": 0.012364963658491225
    },
    "9": {
        "balance_augment_mean": -0.5230634878770659,
        "balance_augment_std": 0.01739269898995515
    },
    "10": {
        "train_all_augment": -0.6429594516391137
    }
}