{
    "0": {
        "imbalance_base_mean": 0.72525,
        "imbalance_base_std": 0.0045992149088488875,
        "balance_base_mean": 0.72525,
        "balance_base_std": 0.0045992149088488875,
        "balance_augment_mean": 0.7124166666666667,
        "balance_augment_std": 0.006516005934108225
    },
    "1": {
        "imbalance_base_mean": 0.7068333333333333,
        "imbalance_base_std": 0.009645090864153523,
        "balance_base_mean": 0.7300833333333334,
        "balance_base_std": 0.004333333333333308,
        "balance_augment_mean": 0.7217499999999999,
        "balance_augment_std": 0.0014529663145135582
    },
    "2": {
        "imbalance_base_mean": 0.6759166666666667,
        "imbalance_base_std": 0.010217767749258058,
        "balance_base_mean": 0.7245833333333334,
        "balance_base_std": 0.010175542573576448,
        "balance_augment_mean": 0.7207500000000001,
        "balance_augment_std": 0.006028865749228637
    },
    "3": {
        "imbalance_base_mean": 0.6588333333333334,
        "imbalance_base_std": 0.010939860856316014,
        "balance_base_mean": 0.7255,
        "balance_base_std": 0.007223610977589762,
        "balance_augment_mean": 0.7210833333333333,
        "balance_augment_std": 0.004659220249498095
    },
    "4": {
        "imbalance_base_mean": 0.6396666666666667,
        "imbalance_base_std": 0.008089774066341069,
        "balance_base_mean": 0.7198333333333334,
        "balance_base_std": 0.005983774357005457,
        "balance_augment_mean": 0.7186666666666668,
        "balance_augment_std": 0.002147349787787531
    },
    "5": {
        "imbalance_base_mean": 0.62675,
        "imbalance_base_std": 0.004211426256164435,
        "balance_base_mean": 0.7224166666666666,
        "balance_base_std": 0.002756305901423552,
        "balance_augment_mean": 0.7223333333333333,
        "balance_augment_std": 0.0026822461565718615
    },
    "6": {
        "imbalance_base_mean": 0.61625,
        "imbalance_base_std": 0.005755432216610688,
        "balance_base_mean": 0.7165000000000001,
        "balance_base_std": 0.0045992149088488815,
        "balance_augment_mean": 0.7184166666666667,
        "balance_augment_std": 0.004861984048604972
    },
    "7": {
        "imbalance_base_mean": 0.6123333333333333,
        "imbalance_base_std": 0.0033187179586232954,
        "balance_base_mean": 0.7175,
        "balance_base_std": 0.00260874597374979,
        "balance_augment_mean": 0.7140833333333333,
        "balance_augment_std": 0.0052665084364416455
    },
    "8": {
        "imbalance_base_mean": 0.6103333333333334,
        "imbalance_base_std": 0.003965125751123438,
        "balance_base_mean": 0.7139166666666666,
        "balance_base_std": 0.002695160271466034,
        "balance_augment_mean": 0.7114166666666667,
        "balance_augment_std": 0.00435092582740217
    },
    "9": {
        "imbalance_base_mean": 0.6068333333333333,
        "imbalance_base_std": 0.0035804251764901584,
        "balance_base_mean": 0.7125000000000001,
        "balance_base_std": 0.0005892556509887875,
        "balance_augment_mean": 0.7104166666666667,
        "balance_augment_std": 0.004241003549999846
    }
}