{
    "0": {
        "imbalance_base_mean": 0.76,
        "imbalance_base_std": 0.0,
        "balance_base_mean": 0.76,
        "balance_base_std": 0.0,
        "balance_augment_mean": 0.7816666666666666,
        "balance_augment_std": 0.00891316130474726
    },
    "1": {
        "imbalance_base_mean": 0.6105,
        "imbalance_base_std": 0.02736887932589779,
        "balance_base_mean": 0.7858333333333334,
        "balance_base_std": 0.012516655570345722,
        "balance_augment_mean": 0.7875,
        "balance_augment_std": 0.00411636301174281
    },
    "2": {
        "imbalance_base_mean": 0.49450000000000005,
        "imbalance_base_std": 0.016604885492595922,
        "balance_base_mean": 0.7873333333333332,
        "balance_base_std": 0.01040032050788181,
        "balance_augment_mean": 0.7861666666666667,
        "balance_augment_std": 0.003597838857487147
    },
    "3": {
        "imbalance_base_mean": 0.4103333333333333,
        "imbalance_base_std": 0.017017964364491756,
        "balance_base_mean": 0.7938333333333333,
        "balance_base_std": 0.013119112436102963,
        "balance_augment_mean": 0.7901666666666667,
        "balance_augment_std": 0.01036018017861339
    },
    "4": {
        "imbalance_base_mean": 0.33816666666666667,
        "imbalance_base_std": 0.02293347868170994,
        "balance_base_mean": 0.7953333333333333,
        "balance_base_std": 0.015162087220725541,
        "balance_augment_mean": 0.7929999999999999,
        "balance_augment_std": 0.012600705447623867
    },
    "5": {
        "imbalance_base_mean": 0.2866666666666667,
        "imbalance_base_std": 0.009545214042184228,
        "balance_base_mean": 0.7926666666666667,
        "balance_base_std": 0.004606758320361756,
        "balance_augment_mean": 0.7916666666666666,
        "balance_augment_std": 0.004801620096962644
    },
    "6": {
        "imbalance_base_mean": 0.24850000000000003,
        "imbalance_base_std": 0.00768114574786861,
        "balance_base_mean": 0.7853333333333333,
        "balance_base_std": 0.00796868872525462,
        "balance_augment_mean": 0.785,
        "balance_augment_std": 0.005217491947499509
    },
    "7": {
        "imbalance_base_mean": 0.22666666666666666,
        "imbalance_base_std": 0.006078194176270151,
        "balance_base_mean": 0.7893333333333333,
        "balance_base_std": 0.005807083796728101,
        "balance_augment_mean": 0.7866666666666667,
        "balance_augment_std": 0.005700877125495672
    },
    "8": {
        "imbalance_base_mean": 0.21399999999999997,
        "imbalance_base_std": 0.004784233364802436,
        "balance_base_mean": 0.7836666666666667,
        "balance_base_std": 0.005930148958219065,
        "balance_augment_mean": 0.7838333333333333,
        "balance_augment_std": 0.0060231036665309035
    },
    "9": {
        "imbalance_base_mean": 0.2015,
        "imbalance_base_std": 0.00226077666104176,
        "balance_base_mean": 0.7853333333333333,
        "balance_base_std": 0.004672615256292086,
        "balance_augment_mean": 0.7856666666666667,
        "balance_augment_std": 0.0036666666666666636
    }
}