{
    "0": {
        "imbalance_base_mean": 0.7095833333333332,
        "imbalance_base_std": 0.0,
        "balance_base_mean": 0.7095833333333332,
        "balance_base_std": 0.0,
        "balance_augment_mean": 0.7134166666666666,
        "balance_augment_std": 0.003389116567943767
    },
    "1": {
        "imbalance_base_mean": 0.6979166666666666,
        "imbalance_base_std": 0.01451531757986864,
        "balance_base_mean": 0.6986666666666667,
        "balance_base_std": 0.012203141671990289,
        "balance_augment_mean": 0.7085833333333332,
        "balance_augment_std": 0.008047601437005256
    },
    "2": {
        "imbalance_base_mean": 0.6773333333333333,
        "imbalance_base_std": 0.009998611014647107,
        "balance_base_mean": 0.6837500000000001,
        "balance_base_std": 0.010826921179274489,
        "balance_augment_mean": 0.6836666666666666,
        "balance_augment_std": 0.009344487382646729
    },
    "3": {
        "imbalance_base_mean": 0.6638333333333333,
        "imbalance_base_std": 0.009396364545219952,
        "balance_base_mean": 0.6725,
        "balance_base_std": 0.011459469640626694,
        "balance_augment_mean": 0.6729999999999999,
        "balance_augment_std": 0.007446102634562902
    },
    "4": {
        "imbalance_base_mean": 0.65175,
        "imbalance_base_std": 0.006299250396321423,
        "balance_base_mean": 0.6645833333333333,
        "balance_base_std": 0.004880516821448786,
        "balance_augment_mean": 0.6638333333333334,
        "balance_augment_std": 0.009007712744581096
    },
    "5": {
        "imbalance_base_mean": 0.6384166666666666,
        "imbalance_base_std": 0.003490065265228669,
        "balance_base_mean": 0.6553333333333333,
        "balance_base_std": 0.0032425127430573044,
        "balance_augment_mean": 0.6534166666666668,
        "balance_augment_std": 0.004102844541697044
    },
    "6": {
        "imbalance_base_mean": 0.6260833333333333,
        "imbalance_base_std": 0.006161033463091483,
        "balance_base_mean": 0.6465833333333333,
        "balance_base_std": 0.007805802684897634,
        "balance_augment_mean": 0.6459166666666667,
        "balance_augment_std": 0.0058058878161167905
    },
    "7": {
        "imbalance_base_mean": 0.6258333333333332,
        "imbalance_base_std": 0.00531637930257883,
        "balance_base_mean": 0.6446666666666666,
        "balance_base_std": 0.002098279718669056,
        "balance_augment_mean": 0.6441666666666667,
        "balance_augment_std": 0.005451809077932022
    },
    "8": {
        "imbalance_base_mean": 0.6169166666666667,
        "imbalance_base_std": 0.004302776881141874,
        "balance_base_mean": 0.63975,
        "balance_base_std": 0.0018371173070873869,
        "balance_augment_mean": 0.6383333333333333,
        "balance_augment_std": 0.0044487826050130476
    },
    "9": {
        "imbalance_base_mean": 0.61725,
        "imbalance_base_std": 0.0025083194905487255,
        "balance_base_mean": 0.6355,
        "balance_base_std": 0.0025467844649893663,
        "balance_augment_mean": 0.6372500000000001,
        "balance_augment_std": 0.0033809104625167883
    }
}