{
    "0": {
        "imbalance_base_mean": 0.6512238003990439,
        "imbalance_base_std": 0.005674974672733996,
        "balance_base_mean": 0.6512238003990439,
        "balance_base_std": 0.005674974672733996
    },
    "1": {
        "imbalance_base_mean": 0.6032377866893187,
        "imbalance_base_std": 0.012811141213433538,
        "balance_base_mean": 0.614390272811679,
        "balance_base_std": 0.012748915498023738
    },
    "2": {
        "imbalance_base_mean": 0.53808695995733,
        "imbalance_base_std": 0.017507044168168198,
        "balance_base_mean": 0.6099257225262242,
        "balance_base_std": 0.028677127750318766
    },
    "3": {
        "imbalance_base_mean": 0.5147537583216453,
        "imbalance_base_std": 0.012848685771404784,
        "balance_base_mean": 0.5989233717231979,
        "balance_base_std": 0.007614780175033841
    },
    "4": {
        "imbalance_base_mean": 0.5005422650678572,
        "imbalance_base_std": 0.009579129805743877,
        "balance_base_mean": 0.5916576124533296,
        "balance_base_std": 0.015928731558581266
    },
    "5": {
        "imbalance_base_mean": 0.49723434938069183,
        "imbalance_base_std": 0.005578222351784805,
        "balance_base_mean": 0.5928883269789218,
        "balance_base_std": 0.01516705696022394
    },
    "6": {
        "imbalance_base_mean": 0.493454297623516,
        "imbalance_base_std": 0.009226721266682026,
        "balance_base_mean": 0.5828144445980918,
        "balance_base_std": 0.011282056423558244
    },
    "7": {
        "imbalance_base_mean": 0.4908545860413662,
        "imbalance_base_std": 0.002534786449550913,
        "balance_base_mean": 0.571395270737441,
        "balance_base_std": 0.00846180498844716
    },
    "8": {
        "imbalance_base_mean": 0.4901740384425436,
        "imbalance_base_std": 0.006334737100388643,
        "balance_base_mean": 0.5668477509334071,
        "balance_base_std": 0.006351726304407208
    },
    "9": {
        "imbalance_base_mean": 0.4937180221647143,
        "imbalance_base_std": 0.0030281448344498954,
        "balance_base_mean": 0.5523527784911401,
        "balance_base_std": 0.0064148609742306325
    }
}