{
    "0": {
        "imbalance_base_mean": 0.6957095709570957,
        "imbalance_base_std": 0.0024697408493557223,
        "balance_base_mean": 0.6957095709570957,
        "balance_base_std": 0.0024697408493557223,
        "balance_augment_mean": 0.6862217973024798,
        "balance_augment_std": 0.006721252638740089
    },
    "1": {
        "imbalance_base_mean": 0.5676954282864619,
        "imbalance_base_std": 0.03321127730061307,
        "balance_base_mean": 0.6674124628082503,
        "balance_base_std": 0.023085999549279278,
        "balance_augment_mean": 0.6790017202059765,
        "balance_augment_std": 0.010712360845540763
    },
    "2": {
        "imbalance_base_mean": 0.47254058173219704,
        "imbalance_base_std": 0.02464873644318946,
        "balance_base_mean": 0.6706545187625724,
        "balance_base_std": 0.010313432673155789,
        "balance_augment_mean": 0.6667523968016495,
        "balance_augment_std": 0.011961263621610983
    },
    "3": {
        "imbalance_base_mean": 0.41271383505073767,
        "imbalance_base_std": 0.014711360022169192,
        "balance_base_mean": 0.6520202614488954,
        "balance_base_std": 0.012196689091774293,
        "balance_augment_mean": 0.6570480817181887,
        "balance_augment_std": 0.012839128220793332
    },
    "4": {
        "imbalance_base_mean": 0.35874587458745877,
        "imbalance_base_std": 0.012242400654119747,
        "balance_base_mean": 0.6442961443852365,
        "balance_base_std": 0.012061304231845926,
        "balance_augment_mean": 0.6442199398208072,
        "balance_augment_std": 0.01191668308543392
    },
    "5": {
        "imbalance_base_mean": 0.3243294278494064,
        "imbalance_base_std": 0.01979219229186577,
        "balance_base_mean": 0.6212593924927298,
        "balance_base_std": 0.011562068277428504,
        "balance_augment_mean": 0.630839875158993,
        "balance_augment_std": 0.0032345516033318498
    },
    "6": {
        "imbalance_base_mean": 0.29607322362117366,
        "imbalance_base_std": 0.009200834486160355,
        "balance_base_mean": 0.6006600660066007,
        "balance_base_std": 0.010278819473529668,
        "balance_augment_mean": 0.59244286058487,
        "balance_augment_std": 0.005532953679311706
    },
    "7": {
        "imbalance_base_mean": 0.27953795379537955,
        "imbalance_base_std": 0.011602901538776859,
        "balance_base_mean": 0.5877887788778878,
        "balance_base_std": 0.01859348649637395,
        "balance_augment_mean": 0.567986798679868,
        "balance_augment_std": 0.021626607162251996
    },
    "8": {
        "imbalance_base_mean": 0.26749258966643696,
        "imbalance_base_std": 0.005331430391504517,
        "balance_base_mean": 0.5683168316831683,
        "balance_base_std": 0.017262966113032352,
        "balance_augment_mean": 0.5547854785478548,
        "balance_augment_std": 0.011593510277392933
    },
    "9": {
        "imbalance_base_mean": 0.25313531353135316,
        "imbalance_base_std": 0.013308148616274563,
        "balance_base_mean": 0.5379537953795379,
        "balance_base_std": 0.012436596489384008,
        "balance_augment_mean": 0.5250825082508251,
        "balance_augment_std": 0.011687083306683674
    }
}