{
    "0": {
        "balance_augment_mean": 0.71875,
        "balance_augment_std": 0.0045338235029118235
    },
    "1": {
        "balance_augment_mean": 0.7129166666666668,
        "balance_augment_std": 0.004808846015417814
    },
    "2": {
        "balance_augment_mean": 0.719,
        "balance_augment_std": 0.002452323161593689
    },
    "3": {
        "balance_augment_mean": 0.7208333333333333,
        "balance_augment_std": 0.005394184110894092
    },
    "4": {
        "balance_augment_mean": 0.71625,
        "balance_augment_std": 0.008971405191557855
    },
    "5": {
        "balance_augment_mean": 0.7198333333333334,
        "balance_augment_std": 0.0028577380332470213
    },
    "6": {
        "balance_augment_mean": 0.7175,
        "balance_augment_std": 0.007467522272406593
    },
    "7": {
        "balance_augment_mean": 0.7172499999999999,
        "balance_augment_std": 0.0051275400209717095
    },
    "8": {
        "balance_augment_mean": 0.7181666666666666,
        "balance_augment_std": 0.005208166663999918
    },
    "9": {
        "balance_augment_mean": 0.7188333333333334,
        "balance_augment_std": 0.008255469567370347
    },
    "10": {
        "train_all_augment": 0.7466666666666666
    }
}