{
    "0": {
        "imbalance_base_mean": 0.72525,
        "imbalance_base_std": 0.0045992149088488875,
        "balance_base_mean": 0.72525,
        "balance_base_std": 0.0045992149088488875,
        "balance_augment_mean": 0.7158333333333334,
        "balance_augment_std": 0.005670341945401309
    },
    "1": {
        "imbalance_base_mean": 0.7219166666666667,
        "imbalance_base_std": 0.0027963269559271057,
        "balance_base_mean": 0.7286666666666666,
        "balance_base_std": 0.004544532734812018,
        "balance_augment_mean": 0.7186666666666667,
        "balance_augment_std": 0.003588175023601826
    },
    "2": {
        "imbalance_base_mean": 0.7051666666666667,
        "imbalance_base_std": 0.00559389548227943,
        "balance_base_mean": 0.7304166666666667,
        "balance_base_std": 0.0026744677559802053,
        "balance_augment_mean": 0.728,
        "balance_augment_std": 0.003111359117099104
    },
    "3": {
        "imbalance_base_mean": 0.6829166666666666,
        "imbalance_base_std": 0.0037267799624996737,
        "balance_base_mean": 0.73575,
        "balance_base_std": 0.0035978388574871324,
        "balance_augment_mean": 0.7330833333333333,
        "balance_augment_std": 0.005556527692723238
    },
    "4": {
        "imbalance_base_mean": 0.6655,
        "imbalance_base_std": 0.005305919126577225,
        "balance_base_mean": 0.7354166666666666,
        "balance_base_std": 0.006135054106435293,
        "balance_augment_mean": 0.7301666666666667,
        "balance_augment_std": 0.002017286406151704
    },
    "5": {
        "imbalance_base_mean": 0.6529166666666667,
        "imbalance_base_std": 0.0035939764421412945,
        "balance_base_mean": 0.7325833333333334,
        "balance_base_std": 0.006108964269370409,
        "balance_augment_mean": 0.7309166666666668,
        "balance_augment_std": 0.0036836726842167647
    },
    "6": {
        "imbalance_base_mean": 0.6418333333333334,
        "imbalance_base_std": 0.004523088915037314,
        "balance_base_mean": 0.7253333333333333,
        "balance_base_std": 0.0037950991789119006,
        "balance_augment_mean": 0.7270833333333334,
        "balance_augment_std": 0.0031622776601683703
    },
    "7": {
        "imbalance_base_mean": 0.6339166666666667,
        "imbalance_base_std": 0.0032766005418895933,
        "balance_base_mean": 0.72,
        "balance_base_std": 0.006269414291268011,
        "balance_augment_mean": 0.7202500000000001,
        "balance_augment_std": 0.003787772725787866
    },
    "8": {
        "imbalance_base_mean": 0.6292500000000001,
        "imbalance_base_std": 0.00399131000494266,
        "balance_base_mean": 0.7228333333333334,
        "balance_base_std": 0.004341338759210367,
        "balance_augment_mean": 0.7224999999999999,
        "balance_augment_std": 0.006373774391990975
    },
    "9": {
        "imbalance_base_mean": 0.6236666666666666,
        "imbalance_base_std": 0.0030436637279582616,
        "balance_base_mean": 0.7185833333333334,
        "balance_base_std": 0.0029297326385411275,
        "balance_augment_mean": 0.7234999999999999,
        "balance_augment_std": 0.003521757768185905
    }
}