{
    "0": {
        "imbalance_base_mean": 0.6109272831433594,
        "imbalance_base_std": 0.0019142064637785508,
        "balance_base_mean": 0.6109272831433594,
        "balance_base_std": 0.0019142064637785508,
        "balance_augment_mean": 0.5833241144979356,
        "balance_augment_std": 0.021426063470775414
    },
    "1": {
        "imbalance_base_mean": 0.5844442029987553,
        "imbalance_base_std": 0.011525122460106936,
        "balance_base_mean": 0.5956401493451335,
        "balance_base_std": 0.010027352519123222,
        "balance_augment_mean": 0.5950070128997847,
        "balance_augment_std": 0.013453015819206092
    },
    "2": {
        "imbalance_base_mean": 0.5373757926552221,
        "imbalance_base_std": 0.012669360848635803,
        "balance_base_mean": 0.5813032140811126,
        "balance_base_std": 0.015598908766303658,
        "balance_augment_mean": 0.5879625056794611,
        "balance_augment_std": 0.010263213255865435
    },
    "3": {
        "imbalance_base_mean": 0.5181723000335829,
        "imbalance_base_std": 0.010596885459219399,
        "balance_base_mean": 0.5782906303707946,
        "balance_base_std": 0.015035766934141761,
        "balance_augment_mean": 0.5797692657197605,
        "balance_augment_std": 0.018904687834922135
    },
    "4": {
        "imbalance_base_mean": 0.5055382153651646,
        "imbalance_base_std": 0.003431545713551151,
        "balance_base_mean": 0.5684844234606191,
        "balance_base_std": 0.011359022247586607,
        "balance_augment_mean": 0.5787973370735466,
        "balance_augment_std": 0.007373869904470753
    },
    "5": {
        "imbalance_base_mean": 0.5017344580312519,
        "imbalance_base_std": 0.006232337156497277,
        "balance_base_mean": 0.5686177673297644,
        "balance_base_std": 0.013318938245269835,
        "balance_augment_mean": 0.5836826613460817,
        "balance_augment_std": 0.005448044310272923
    },
    "6": {
        "imbalance_base_mean": 0.4979860137097251,
        "imbalance_base_std": 0.007102994475307444,
        "balance_base_mean": 0.574718002410067,
        "balance_base_std": 0.013078725844571938,
        "balance_augment_mean": 0.5812123427036211,
        "balance_augment_std": 0.014288409309324753
    },
    "7": {
        "imbalance_base_mean": 0.493993599494281,
        "imbalance_base_std": 0.008342338311937654,
        "balance_base_mean": 0.5725035064498923,
        "balance_base_std": 0.00927456464301478,
        "balance_augment_mean": 0.5843316015092551,
        "balance_augment_std": 0.0062011859501822425
    },
    "8": {
        "imbalance_base_mean": 0.49508701922127185,
        "imbalance_base_std": 0.005824712605886945,
        "balance_base_mean": 0.5780772801801624,
        "balance_base_std": 0.005677943733617473,
        "balance_augment_mean": 0.5810236858220896,
        "balance_augment_std": 0.00738402581470998
    },
    "9": {
        "imbalance_base_mean": 0.4953428419035578,
        "imbalance_base_std": 0.0075270682540558905,
        "balance_base_mean": 0.5799658244602043,
        "balance_base_std": 0.008679850325880738,
        "balance_augment_mean": 0.5754617648801881,
        "balance_augment_std": 0.007708536623234357
    }
}