{
    "0": {
        "imbalance_base_mean": 0.6657563066711444,
        "imbalance_base_std": 0.0,
        "balance_base_mean": 0.6657563066711444,
        "balance_base_std": 0.0,
        "balance_augment_mean": 0.5554147488196598,
        "balance_augment_std": 0.004915803762264492
    },
    "1": {
        "imbalance_base_mean": 0.6136544122004701,
        "imbalance_base_std": 0.008359615196007572,
        "balance_base_mean": 0.6475790679757413,
        "balance_base_std": 0.011493930733091975,
        "balance_augment_mean": 0.5693437506173327,
        "balance_augment_std": 0.010818011276136295
    },
    "2": {
        "imbalance_base_mean": 0.543405898737678,
        "imbalance_base_std": 0.012404327087357284,
        "balance_base_mean": 0.6448450247920824,
        "balance_base_std": 0.009149477117598424,
        "balance_augment_mean": 0.5769868236502637,
        "balance_augment_std": 0.010735010327282347
    },
    "3": {
        "imbalance_base_mean": 0.5129215147863535,
        "imbalance_base_std": 0.004142765021570449,
        "balance_base_mean": 0.6409395310246736,
        "balance_base_std": 0.012895281613676032,
        "balance_augment_mean": 0.5845903873886332,
        "balance_augment_std": 0.012602025626844881
    },
    "4": {
        "imbalance_base_mean": 0.5022263487485431,
        "imbalance_base_std": 0.002811285513355882,
        "balance_base_mean": 0.6504069457339839,
        "balance_base_std": 0.008743454643846568,
        "balance_augment_mean": 0.5924181663736394,
        "balance_augment_std": 0.012883582192404498
    },
    "5": {
        "imbalance_base_mean": 0.4924280436972797,
        "imbalance_base_std": 0.003093793783660509,
        "balance_base_mean": 0.6494350170877701,
        "balance_base_std": 0.010463560595512742,
        "balance_augment_mean": 0.6026688528476325,
        "balance_augment_std": 0.011467765612159567
    },
    "6": {
        "imbalance_base_mean": 0.4879911499180182,
        "imbalance_base_std": 0.0028359026079814165,
        "balance_base_mean": 0.6498281345686573,
        "balance_base_std": 0.005827880765871547,
        "balance_augment_mean": 0.6087108117184569,
        "balance_augment_std": 0.012013914818491551
    },
    "7": {
        "imbalance_base_mean": 0.4824410817644851,
        "imbalance_base_std": 0.0031778277597275533,
        "balance_base_mean": 0.6478734122202248,
        "balance_base_std": 0.008155978927007018,
        "balance_augment_mean": 0.6143122419549198,
        "balance_augment_std": 0.007286085697476813
    },
    "8": {
        "imbalance_base_mean": 0.47932182295885106,
        "imbalance_base_std": 0.0013235834810381957,
        "balance_base_mean": 0.6480857746784932,
        "balance_base_std": 0.004181758346347039,
        "balance_augment_mean": 0.6188004978171114,
        "balance_augment_std": 0.004352085318781028
    },
    "9": {
        "imbalance_base_mean": 0.4786610300073092,
        "imbalance_base_std": 0.0012884339273336565,
        "balance_base_mean": 0.645269749708619,
        "balance_base_std": 0.0032226475481234897,
        "balance_augment_mean": 0.6226042551510242,
        "balance_augment_std": 0.0026544718772290063
    }
}