{
    "0": {
        "imbalance_base_mean": 0.7463175122749591,
        "imbalance_base_std": 0.0,
        "balance_base_mean": 0.7463175122749591,
        "balance_base_std": 0.0,
        "balance_augment_mean": 0.7565791100898431,
        "balance_augment_std": 0.019004572144930617
    },
    "1": {
        "imbalance_base_mean": 0.5805493452571063,
        "imbalance_base_std": 0.01888174821921816,
        "balance_base_mean": 0.7353621222277076,
        "balance_base_std": 0.03424304807755826,
        "balance_augment_mean": 0.7474312199378124,
        "balance_augment_std": 0.018698122701855783
    },
    "2": {
        "imbalance_base_mean": 0.4872951301921363,
        "imbalance_base_std": 0.018425241755338957,
        "balance_base_mean": 0.755338340758996,
        "balance_base_std": 0.017046012084023815,
        "balance_augment_mean": 0.7538461538461538,
        "balance_augment_std": 0.016167220435598987
    },
    "3": {
        "imbalance_base_mean": 0.4311082721175342,
        "imbalance_base_std": 0.012765516288967226,
        "balance_base_mean": 0.7589089666248934,
        "balance_base_std": 0.010200341500724597,
        "balance_augment_mean": 0.7572295132530655,
        "balance_augment_std": 0.012583291327700731
    },
    "4": {
        "imbalance_base_mean": 0.36996699669967,
        "imbalance_base_std": 0.013503150195035495,
        "balance_base_mean": 0.7567660241358901,
        "balance_base_std": 0.010141812325837007,
        "balance_augment_mean": 0.7593541162446267,
        "balance_augment_std": 0.011702575209277206
    },
    "5": {
        "imbalance_base_mean": 0.3293729372937294,
        "imbalance_base_std": 0.020888768842833888,
        "balance_base_mean": 0.7475395896954254,
        "balance_base_std": 0.01468415071886261,
        "balance_augment_mean": 0.7535738400962545,
        "balance_augment_std": 0.008939743422257347
    },
    "6": {
        "imbalance_base_mean": 0.2914191419141914,
        "imbalance_base_std": 0.01004298617472141,
        "balance_base_mean": 0.7541579253026711,
        "balance_base_std": 0.016298079255380616,
        "balance_augment_mean": 0.755924630222936,
        "balance_augment_std": 0.01315043682005687
    },
    "7": {
        "imbalance_base_mean": 0.26831683168316833,
        "imbalance_base_std": 0.009193655628504362,
        "balance_base_mean": 0.7554200161721022,
        "balance_base_std": 0.016837059580222944,
        "balance_augment_mean": 0.7585816343826675,
        "balance_augment_std": 0.01075206850155059
    },
    "8": {
        "imbalance_base_mean": 0.2465346534653466,
        "imbalance_base_std": 0.008644092972745085,
        "balance_base_mean": 0.7564648117839606,
        "balance_base_std": 0.006158719385344271,
        "balance_augment_mean": 0.760484496177882,
        "balance_augment_std": 0.006000905396820779
    },
    "9": {
        "imbalance_base_mean": 0.21749174917491748,
        "imbalance_base_std": 0.005259860544722522,
        "balance_base_mean": 0.7479541734860884,
        "balance_base_std": 0.004140461748174644,
        "balance_augment_mean": 0.7564648117839606,
        "balance_augment_std": 0.0048990604082146385
    }
}