{
    "0": {
        "balance_augment_mean": 0.7286415711947626,
        "balance_augment_std": 0.004899060408214645
    },
    "1": {
        "balance_augment_mean": 0.7332242225859247,
        "balance_augment_std": 0.006787705843969812
    },
    "2": {
        "balance_augment_mean": 0.7384615384615385,
        "balance_augment_std": 0.012352184788290142
    },
    "3": {
        "balance_augment_mean": 0.7433715220949264,
        "balance_augment_std": 0.014018077319387163
    },
    "4": {
        "balance_augment_mean": 0.748936170212766,
        "balance_augment_std": 0.01367763169608913
    },
    "5": {
        "balance_augment_mean": 0.755810147299509,
        "balance_augment_std": 0.0061587193853442634
    },
    "6": {
        "balance_augment_mean": 0.7590834697217677,
        "balance_augment_std": 0.0048990604082146385
    },
    "7": {
        "balance_augment_mean": 0.760392798690671,
        "balance_augment_std": 0.0033700916991774134
    },
    "8": {
        "balance_augment_mean": 0.7584288052373158,
        "balance_augment_std": 0.0062622345236363185
    },
    "9": {
        "balance_augment_mean": 0.7564648117839606,
        "balance_augment_std": 0.007842323110121705
    },
    "10": {
        "train_all_augment": 0.7707979626485568
    }
}