{
    "0": {
        "imbalance_base_mean": 0.6074405878983031,
        "imbalance_base_std": 0.0,
        "balance_base_mean": 0.6074405878983031,
        "balance_base_std": 0.0
    },
    "1": {
        "imbalance_base_mean": 0.5717231978823019,
        "imbalance_base_std": 0.00945495030776461,
        "balance_base_mean": 0.5843869145216413,
        "balance_base_std": 0.011393355597630026
    },
    "2": {
        "imbalance_base_mean": 0.5293909642243338,
        "imbalance_base_std": 0.012728600963969494,
        "balance_base_mean": 0.566591928251121,
        "balance_base_std": 0.020294463971537946
    },
    "3": {
        "imbalance_base_mean": 0.5185930740206633,
        "imbalance_base_std": 0.01570734335223546,
        "balance_base_mean": 0.5602585883329054,
        "balance_base_std": 0.019354735163632685
    },
    "4": {
        "imbalance_base_mean": 0.49941723790521725,
        "imbalance_base_std": 0.006655552196816285,
        "balance_base_mean": 0.5572805752553289,
        "balance_base_std": 0.014851179563705373
    },
    "5": {
        "imbalance_base_mean": 0.49584559767685354,
        "imbalance_base_std": 0.004396336058858958,
        "balance_base_mean": 0.5562296280199917,
        "balance_base_std": 0.00888756542592951
    },
    "6": {
        "imbalance_base_mean": 0.48922186444361043,
        "imbalance_base_std": 0.0032579249662715265,
        "balance_base_mean": 0.5547233361648327,
        "balance_base_std": 0.006370234829279258
    },
    "7": {
        "imbalance_base_mean": 0.48460421564172973,
        "imbalance_base_std": 0.0018996602332871802,
        "balance_base_mean": 0.5483514746844195,
        "balance_base_std": 0.004752797968507877
    },
    "8": {
        "imbalance_base_mean": 0.482362063175362,
        "imbalance_base_std": 0.002238641745028371,
        "balance_base_mean": 0.5465300962051323,
        "balance_base_std": 0.005268517209519373
    },
    "9": {
        "imbalance_base_mean": 0.4812725943778274,
        "imbalance_base_std": 0.0012824745313818056,
        "balance_base_mean": 0.532979395902886,
        "balance_base_std": 0.013084763336729689
    }
}