{
    "0": {
        "imbalance_base_mean": 0.7656903765690377,
        "imbalance_base_std": 0.0,
        "balance_base_mean": 0.7656903765690377,
        "balance_base_std": 0.0,
        "balance_augment_mean": 0.7671966527196652,
        "balance_augment_std": 0.004534298639044063
    },
    "1": {
        "imbalance_base_mean": 0.6040167364016736,
        "imbalance_base_std": 0.012405275621895504,
        "balance_base_mean": 0.7511297071129708,
        "balance_base_std": 0.008123622493396881,
        "balance_augment_mean": 0.7576569037656904,
        "balance_augment_std": 0.007420853314609339
    },
    "2": {
        "imbalance_base_mean": 0.5035983263598327,
        "imbalance_base_std": 0.018654895120458957,
        "balance_base_mean": 0.7467782426778242,
        "balance_base_std": 0.007551808651165491,
        "balance_augment_mean": 0.7556485355648535,
        "balance_augment_std": 0.005626020523505149
    },
    "3": {
        "imbalance_base_mean": 0.4436820083682008,
        "imbalance_base_std": 0.017707397708715083,
        "balance_base_mean": 0.7512970711297071,
        "balance_base_std": 0.009369395817424856,
        "balance_augment_mean": 0.7564853556485356,
        "balance_augment_std": 0.008760671014763126
    },
    "4": {
        "imbalance_base_mean": 0.3867782426778243,
        "imbalance_base_std": 0.010510673451452774,
        "balance_base_mean": 0.7499581589958159,
        "balance_base_std": 0.007049184833021827,
        "balance_augment_mean": 0.7544769874476988,
        "balance_augment_std": 0.006707101224941884
    },
    "5": {
        "imbalance_base_mean": 0.3539748953974895,
        "imbalance_base_std": 0.01368910798104002,
        "balance_base_mean": 0.754142259414226,
        "balance_base_std": 0.004345022589371467,
        "balance_augment_mean": 0.7554811715481171,
        "balance_augment_std": 0.005407696877457248
    },
    "6": {
        "imbalance_base_mean": 0.3236820083682008,
        "imbalance_base_std": 0.006381816222573254,
        "balance_base_mean": 0.7502928870292888,
        "balance_base_std": 0.0023430962343096067,
        "balance_augment_mean": 0.7519665271966527,
        "balance_augment_std": 0.003764760461657588
    },
    "7": {
        "imbalance_base_mean": 0.302092050209205,
        "imbalance_base_std": 0.007596187928308082,
        "balance_base_mean": 0.7534728033472804,
        "balance_base_std": 0.004187446360902685,
        "balance_augment_mean": 0.7541422594142259,
        "balance_augment_std": 0.0025048752380076606
    },
    "8": {
        "imbalance_base_mean": 0.28234309623430964,
        "imbalance_base_std": 0.008158030197123982,
        "balance_base_mean": 0.7563179916317992,
        "balance_base_std": 0.003643772561853907,
        "balance_augment_mean": 0.7541422594142259,
        "balance_augment_std": 0.0012298693269204438
    },
    "9": {
        "imbalance_base_mean": 0.2569037656903766,
        "imbalance_base_std": 0.005821766403657263,
        "balance_base_mean": 0.7583263598326361,
        "balance_base_std": 0.001706784774424349,
        "balance_augment_mean": 0.7554811715481172,
        "balance_augment_std": 0.0018636868160100788
    }
}