{
    "0": {
        "balance_augment_mean": 0.7499166666666667,
        "balance_augment_std": 0.0025467844649893646
    },
    "1": {
        "balance_augment_mean": 0.7469166666666667,
        "balance_augment_std": 0.0037877727257878448
    },
    "2": {
        "balance_augment_mean": 0.7448333333333333,
        "balance_augment_std": 0.002953340857778228
    },
    "3": {
        "balance_augment_mean": 0.7431666666666666,
        "balance_augment_std": 0.005753018531364381
    },
    "4": {
        "balance_augment_mean": 0.74175,
        "balance_augment_std": 0.005112620550059348
    },
    "5": {
        "balance_augment_mean": 0.7432500000000001,
        "balance_augment_std": 0.003831521310857551
    },
    "6": {
        "balance_augment_mean": 0.7438333333333333,
        "balance_augment_std": 0.006782329983125275
    },
    "7": {
        "balance_augment_mean": 0.7426666666666667,
        "balance_augment_std": 0.006431260460524929
    },
    "8": {
        "balance_augment_mean": 0.741,
        "balance_augment_std": 0.005313766188976632
    },
    "9": {
        "balance_augment_mean": 0.73675,
        "balance_augment_std": 0.006375953087796207
    },
    "10": {
        "train_all_augment": 0.76875
    }
}