{
    "0": {
        "imbalance_base_mean": 0.7575000000000001,
        "imbalance_base_std": 0.0,
        "balance_base_mean": 0.7575000000000001,
        "balance_base_std": 0.0,
        "balance_augment_mean": 0.7438333333333333,
        "balance_augment_std": 0.003636237371545275
    },
    "1": {
        "imbalance_base_mean": 0.7436666666666667,
        "imbalance_base_std": 0.0028795254238618484,
        "balance_base_mean": 0.7640833333333333,
        "balance_base_std": 0.00106718737290547,
        "balance_augment_mean": 0.7550833333333334,
        "balance_augment_std": 0.0014766704288891252
    },
    "2": {
        "imbalance_base_mean": 0.7181666666666666,
        "imbalance_base_std": 0.005261231372554876,
        "balance_base_mean": 0.76575,
        "balance_base_std": 0.007126827251075093,
        "balance_augment_mean": 0.7595833333333333,
        "balance_augment_std": 0.004354116825871019
    },
    "3": {
        "imbalance_base_mean": 0.6993333333333334,
        "imbalance_base_std": 0.005556527692723196,
        "balance_base_mean": 0.7671666666666667,
        "balance_base_std": 0.006730940168769547,
        "balance_augment_mean": 0.7631666666666667,
        "balance_augment_std": 0.0067216482766919204
    },
    "4": {
        "imbalance_base_mean": 0.6771666666666667,
        "imbalance_base_std": 0.00315568270479358,
        "balance_base_mean": 0.7665833333333334,
        "balance_base_std": 0.004102844541697077,
        "balance_augment_mean": 0.7639166666666666,
        "balance_augment_std": 0.0049972214501883125
    },
    "5": {
        "imbalance_base_mean": 0.6654166666666667,
        "imbalance_base_std": 0.005190803834132523,
        "balance_base_mean": 0.7665833333333334,
        "balance_base_std": 0.0032425127430573165,
        "balance_augment_mean": 0.7643333333333333,
        "balance_augment_std": 0.0034820970692960003
    },
    "6": {
        "imbalance_base_mean": 0.6544166666666668,
        "imbalance_base_std": 0.002656229575084887,
        "balance_base_mean": 0.7665833333333334,
        "balance_base_std": 0.0023184046238739356,
        "balance_augment_mean": 0.7641666666666667,
        "balance_augment_std": 0.0035453412310304526
    },
    "7": {
        "imbalance_base_mean": 0.6459166666666667,
        "imbalance_base_std": 0.0032317865716109083,
        "balance_base_mean": 0.7659166666666666,
        "balance_base_std": 0.002679655865135577,
        "balance_augment_mean": 0.7651666666666667,
        "balance_augment_std": 0.0020682789409984825
    },
    "8": {
        "imbalance_base_mean": 0.6381666666666665,
        "imbalance_base_std": 0.003297726489568253,
        "balance_base_mean": 0.7666666666666667,
        "balance_base_std": 0.0013693063937629266,
        "balance_augment_mean": 0.7664166666666667,
        "balance_augment_std": 0.001280190957978125
    },
    "9": {
        "imbalance_base_mean": 0.6269166666666667,
        "imbalance_base_std": 0.002563092749871587,
        "balance_base_mean": 0.7674166666666666,
        "balance_base_std": 0.0011303883305208925,
        "balance_augment_mean": 0.767,
        "balance_augment_std": 0.0018708286933870168
    }
}