{
    "0": {
        "imbalance_base_mean": 0.6109272831433594,
        "imbalance_base_std": 0.0019142064637785508,
        "balance_base_mean": 0.6109272831433594,
        "balance_base_std": 0.0019142064637785508,
        "balance_augment_mean": 0.6266539578435827,
        "balance_augment_std": 0.016293332192060375
    },
    "1": {
        "imbalance_base_mean": 0.5844442029987553,
        "imbalance_base_std": 0.011525122460106936,
        "balance_base_mean": 0.6016969242014184,
        "balance_base_std": 0.012297319897207323,
        "balance_augment_mean": 0.620140850635112,
        "balance_augment_std": 0.017921814498595673
    },
    "2": {
        "imbalance_base_mean": 0.5373757926552221,
        "imbalance_base_std": 0.012669360848635803,
        "balance_base_mean": 0.581876098852255,
        "balance_base_std": 0.025339747510276248,
        "balance_augment_mean": 0.6022826494932934,
        "balance_augment_std": 0.011184314995242056
    },
    "3": {
        "imbalance_base_mean": 0.5181723000335829,
        "imbalance_base_std": 0.010596885459219399,
        "balance_base_mean": 0.5693081922522273,
        "balance_base_std": 0.01346904621087225,
        "balance_augment_mean": 0.5886331759546434,
        "balance_augment_std": 0.013093778031741233
    },
    "4": {
        "imbalance_base_mean": 0.5055382153651646,
        "imbalance_base_std": 0.003431545713551151,
        "balance_base_mean": 0.5579087730388573,
        "balance_base_std": 0.013022597247443883,
        "balance_augment_mean": 0.5912210347484246,
        "balance_augment_std": 0.014478998014660292
    },
    "5": {
        "imbalance_base_mean": 0.5017344580312519,
        "imbalance_base_std": 0.006232337156497277,
        "balance_base_mean": 0.5613460816657119,
        "balance_base_std": 0.012889772851886767,
        "balance_augment_mean": 0.5929357381323956,
        "balance_augment_std": 0.005811407115233345
    },
    "6": {
        "imbalance_base_mean": 0.4979860137097251,
        "imbalance_base_std": 0.007102994475307444,
        "balance_base_mean": 0.5544388692439897,
        "balance_base_std": 0.009009787428478114,
        "balance_augment_mean": 0.5795894984295055,
        "balance_augment_std": 0.01787407991098877
    },
    "7": {
        "imbalance_base_mean": 0.493993599494281,
        "imbalance_base_std": 0.008342338311937654,
        "balance_base_mean": 0.5523024041405741,
        "balance_base_std": 0.006627304809621732,
        "balance_augment_mean": 0.5759546433298433,
        "balance_augment_std": 0.006381543501870808
    },
    "8": {
        "imbalance_base_mean": 0.49508701922127185,
        "imbalance_base_std": 0.005824712605886945,
        "balance_base_mean": 0.5505956026155153,
        "balance_base_std": 0.008414761170415428,
        "balance_augment_mean": 0.5737045890045633,
        "balance_augment_std": 0.005573310826370104
    },
    "9": {
        "imbalance_base_mean": 0.4953428419035578,
        "imbalance_base_std": 0.0075270682540558905,
        "balance_base_mean": 0.5528733134469884,
        "balance_base_std": 0.007856511018745585,
        "balance_augment_mean": 0.5724936291262519,
        "balance_augment_std": 0.009057916911153537
    }
}