{
    "0": {
        "imbalance_base_mean": 0.6512238003990439,
        "imbalance_base_std": 0.005674974672733996,
        "balance_base_mean": 0.6512238003990439,
        "balance_base_std": 0.005674974672733996
    },
    "1": {
        "imbalance_base_mean": 0.6032377866893187,
        "imbalance_base_std": 0.012811141213433538,
        "balance_base_mean": 0.6175016297584006,
        "balance_base_std": 0.012394817028444
    },
    "2": {
        "imbalance_base_mean": 0.53808695995733,
        "imbalance_base_std": 0.017507044168168198,
        "balance_base_mean": 0.6119041504513938,
        "balance_base_std": 0.013159437997631874
    },
    "3": {
        "imbalance_base_mean": 0.5147537583216453,
        "imbalance_base_std": 0.012848685771404784,
        "balance_base_mean": 0.6067471997787479,
        "balance_base_std": 0.0038578980102798575
    },
    "4": {
        "imbalance_base_mean": 0.5005422650678572,
        "imbalance_base_std": 0.009579129805743877,
        "balance_base_mean": 0.5880978250133344,
        "balance_base_std": 0.01048843952857988
    },
    "5": {
        "imbalance_base_mean": 0.49723434938069183,
        "imbalance_base_std": 0.005578222351784805,
        "balance_base_mean": 0.5825704747041742,
        "balance_base_std": 0.007090076385159457
    },
    "6": {
        "imbalance_base_mean": 0.493454297623516,
        "imbalance_base_std": 0.009226721266682026,
        "balance_base_mean": 0.5803480768850872,
        "balance_base_std": 0.01401641937463293
    },
    "7": {
        "imbalance_base_mean": 0.4908545860413662,
        "imbalance_base_std": 0.002534786449550913,
        "balance_base_mean": 0.5709784476798166,
        "balance_base_std": 0.009308109636524623
    },
    "8": {
        "imbalance_base_mean": 0.4901740384425436,
        "imbalance_base_std": 0.006334737100388643,
        "balance_base_mean": 0.5604758894529938,
        "balance_base_std": 0.00697354340507556
    },
    "9": {
        "imbalance_base_mean": 0.4937180221647143,
        "imbalance_base_std": 0.0030281448344498954,
        "balance_base_mean": 0.5555273503091602,
        "balance_base_std": 0.0073804672243758685
    }
}