{
    "0": {
        "imbalance_base_mean": 0.72525,
        "imbalance_base_std": 0.0045992149088488875,
        "balance_base_mean": 0.72525,
        "balance_base_std": 0.0045992149088488875,
        "balance_augment_mean": 0.6995833333333333,
        "balance_augment_std": 0.002825970826302208
    },
    "1": {
        "imbalance_base_mean": 0.7219166666666667,
        "imbalance_base_std": 0.0027963269559271057,
        "balance_base_mean": 0.7228333333333333,
        "balance_base_std": 0.010482790129010952,
        "balance_augment_mean": 0.7154999999999999,
        "balance_augment_std": 0.004276875806785409
    },
    "2": {
        "imbalance_base_mean": 0.7051666666666667,
        "imbalance_base_std": 0.00559389548227943,
        "balance_base_mean": 0.7278333333333332,
        "balance_base_std": 0.0060115629322904885,
        "balance_augment_mean": 0.7186666666666666,
        "balance_augment_std": 0.003177612660822967
    },
    "3": {
        "imbalance_base_mean": 0.6829166666666666,
        "imbalance_base_std": 0.0037267799624996737,
        "balance_base_mean": 0.7330833333333333,
        "balance_base_std": 0.0057831171909658455,
        "balance_augment_mean": 0.7258333333333333,
        "balance_augment_std": 0.0028259708263022112
    },
    "4": {
        "imbalance_base_mean": 0.6655,
        "imbalance_base_std": 0.005305919126577225,
        "balance_base_mean": 0.7299999999999999,
        "balance_base_std": 0.0033850160019316547,
        "balance_augment_mean": 0.7223333333333333,
        "balance_augment_std": 0.00522148339927352
    },
    "5": {
        "imbalance_base_mean": 0.6529166666666667,
        "imbalance_base_std": 0.0035939764421412945,
        "balance_base_mean": 0.7264166666666667,
        "balance_base_std": 0.0022607766610417556,
        "balance_augment_mean": 0.7239166666666665,
        "balance_augment_std": 0.0017598926734952592
    },
    "6": {
        "imbalance_base_mean": 0.6418333333333334,
        "imbalance_base_std": 0.004523088915037314,
        "balance_base_mean": 0.7216666666666667,
        "balance_base_std": 0.006957210488247265,
        "balance_augment_mean": 0.7182499999999999,
        "balance_augment_std": 0.003876567783204333
    },
    "7": {
        "imbalance_base_mean": 0.6339166666666667,
        "imbalance_base_std": 0.0032766005418895933,
        "balance_base_mean": 0.7183333333333334,
        "balance_base_std": 0.006619625702745183,
        "balance_augment_mean": 0.7154999999999999,
        "balance_augment_std": 0.00362667585783149
    },
    "8": {
        "imbalance_base_mean": 0.6292500000000001,
        "imbalance_base_std": 0.00399131000494266,
        "balance_base_mean": 0.7201666666666666,
        "balance_base_std": 0.006183535486363017,
        "balance_augment_mean": 0.71825,
        "balance_augment_std": 0.005853536442945326
    },
    "9": {
        "imbalance_base_mean": 0.6236666666666666,
        "imbalance_base_std": 0.0030436637279582616,
        "balance_base_mean": 0.7142499999999999,
        "balance_base_std": 0.0020649186155606205,
        "balance_augment_mean": 0.7110000000000001,
        "balance_augment_std": 0.0030912061651652465
    }
}