{
    "0": {
        "imbalance_base_mean": 0.7463175122749591,
        "imbalance_base_std": 0.0,
        "balance_base_mean": 0.7463175122749591,
        "balance_base_std": 0.0,
        "balance_augment_mean": 0.7423736263424487,
        "balance_augment_std": 0.006550811115398774
    },
    "1": {
        "imbalance_base_mean": 0.5805493452571063,
        "imbalance_base_std": 0.01888174821921816,
        "balance_base_mean": 0.7331394599561822,
        "balance_base_std": 0.019353601056766336,
        "balance_augment_mean": 0.7451097401760549,
        "balance_augment_std": 0.001911791731539474
    },
    "2": {
        "imbalance_base_mean": 0.4872951301921363,
        "imbalance_base_std": 0.018425241755338957,
        "balance_base_mean": 0.7304991959297797,
        "balance_base_std": 0.013845421445614063,
        "balance_augment_mean": 0.7407240554276141,
        "balance_augment_std": 0.005144727735446994
    },
    "3": {
        "imbalance_base_mean": 0.4311082721175342,
        "imbalance_base_std": 0.012765516288967226,
        "balance_base_mean": 0.7249575551782683,
        "balance_base_std": 0.012336775636390464,
        "balance_augment_mean": 0.7386295505611682,
        "balance_augment_std": 0.005539286195178171
    },
    "4": {
        "imbalance_base_mean": 0.36996699669967,
        "imbalance_base_std": 0.013503150195035495,
        "balance_base_mean": 0.7174872665534806,
        "balance_base_std": 0.007008409996791258,
        "balance_augment_mean": 0.7365025466893039,
        "balance_augment_std": 0.005194247382267695
    },
    "5": {
        "imbalance_base_mean": 0.3293729372937294,
        "imbalance_base_std": 0.020888768842833888,
        "balance_base_mean": 0.7171477079796265,
        "balance_base_std": 0.00821984274153494,
        "balance_augment_mean": 0.7290322580645162,
        "balance_augment_std": 0.0049904714623766
    },
    "6": {
        "imbalance_base_mean": 0.2914191419141914,
        "imbalance_base_std": 0.01004298617472141,
        "balance_base_mean": 0.7083191850594227,
        "balance_base_std": 0.005722342800119784,
        "balance_augment_mean": 0.7256366723259762,
        "balance_augment_std": 0.006841915680682459
    },
    "7": {
        "imbalance_base_mean": 0.26831683168316833,
        "imbalance_base_std": 0.009193655628504362,
        "balance_base_mean": 0.7123938879456706,
        "balance_base_std": 0.007934343935855969,
        "balance_augment_mean": 0.7246179966044142,
        "balance_augment_std": 0.00813524519572899
    },
    "8": {
        "imbalance_base_mean": 0.2465346534653466,
        "imbalance_base_std": 0.008644092972745085,
        "balance_base_mean": 0.7168081494057725,
        "balance_base_std": 0.011231127611912525,
        "balance_augment_mean": 0.7280135823429541,
        "balance_augment_std": 0.01070552310386042
    },
    "9": {
        "imbalance_base_mean": 0.21749174917491748,
        "imbalance_base_std": 0.005259860544722522,
        "balance_base_mean": 0.7178268251273344,
        "balance_base_std": 0.009323959400846175,
        "balance_augment_mean": 0.7300509337860781,
        "balance_augment_std": 0.007282720064355562
    }
}