{
    "0": {
        "imbalance_base_mean": 0.7095833333333332,
        "imbalance_base_std": 0.0,
        "balance_base_mean": 0.7095833333333332,
        "balance_base_std": 0.0,
        "balance_augment_mean": 0.7115833333333332,
        "balance_augment_std": 0.007924995618645835
    },
    "1": {
        "imbalance_base_mean": 0.7083333333333334,
        "imbalance_base_std": 0.004951150259170965,
        "balance_base_mean": 0.7093333333333333,
        "balance_base_std": 0.004599214908848903,
        "balance_augment_mean": 0.7119166666666666,
        "balance_augment_std": 0.0037137133258595585
    },
    "2": {
        "imbalance_base_mean": 0.6942499999999999,
        "imbalance_base_std": 0.005486093530210915,
        "balance_base_mean": 0.7,
        "balance_base_std": 0.004728753653037028,
        "balance_augment_mean": 0.69675,
        "balance_augment_std": 0.009224815565756436
    },
    "3": {
        "imbalance_base_mean": 0.6743333333333333,
        "imbalance_base_std": 0.006788470618138733,
        "balance_base_mean": 0.69325,
        "balance_base_std": 0.010234744745229363,
        "balance_augment_mean": 0.6933333333333334,
        "balance_augment_std": 0.008156456202161485
    },
    "4": {
        "imbalance_base_mean": 0.6546666666666667,
        "imbalance_base_std": 0.006964194138592067,
        "balance_base_mean": 0.6765000000000001,
        "balance_base_std": 0.005556527692723197,
        "balance_augment_mean": 0.67825,
        "balance_augment_std": 0.008115485882626545
    },
    "5": {
        "imbalance_base_mean": 0.64825,
        "imbalance_base_std": 0.006725779591327046,
        "balance_base_mean": 0.6706666666666667,
        "balance_base_std": 0.008298259523003093,
        "balance_augment_mean": 0.67225,
        "balance_augment_std": 0.006844503066127047
    },
    "6": {
        "imbalance_base_mean": 0.6352499999999999,
        "imbalance_base_std": 0.006155395104206487,
        "balance_base_mean": 0.6605,
        "balance_base_std": 0.005611248623177445,
        "balance_augment_mean": 0.6628333333333334,
        "balance_augment_std": 0.005051127486897273
    },
    "7": {
        "imbalance_base_mean": 0.6301666666666667,
        "imbalance_base_std": 0.0049201964730418435,
        "balance_base_mean": 0.6525833333333333,
        "balance_base_std": 0.0055739971693968705,
        "balance_augment_mean": 0.6561666666666667,
        "balance_augment_std": 0.004444097208657773
    },
    "8": {
        "imbalance_base_mean": 0.6275833333333333,
        "imbalance_base_std": 0.0017159383568311536,
        "balance_base_mean": 0.65175,
        "balance_base_std": 0.0040086711569352375,
        "balance_augment_mean": 0.6556666666666666,
        "balance_augment_std": 0.005493683241283115
    },
    "9": {
        "imbalance_base_mean": 0.6240833333333333,
        "imbalance_base_std": 0.003876567783204314,
        "balance_base_mean": 0.6485833333333333,
        "balance_base_std": 0.0036949665462325722,
        "balance_augment_mean": 0.6497499999999999,
        "balance_augment_std": 0.00333957748491893
    }
}