{
    "0": {
        "imbalance_base_mean": 0.6657563066711444,
        "imbalance_base_std": 0.0,
        "balance_base_mean": 0.6657563066711444,
        "balance_base_std": 0.0
    },
    "1": {
        "imbalance_base_mean": 0.6136544122004701,
        "imbalance_base_std": 0.008527220210834706,
        "balance_base_mean": 0.6560508484621007,
        "balance_base_std": 0.008741482426529957
    },
    "2": {
        "imbalance_base_mean": 0.5436261630548586,
        "imbalance_base_std": 0.012646563771449383,
        "balance_base_mean": 0.6461893285395389,
        "balance_base_std": 0.01354244757083734
    },
    "3": {
        "imbalance_base_mean": 0.5129215147863535,
        "imbalance_base_std": 0.004142765021570449,
        "balance_base_mean": 0.6412684459018985,
        "balance_base_std": 0.009958549978121914
    },
    "4": {
        "imbalance_base_mean": 0.5022263487485431,
        "imbalance_base_std": 0.002811285513355882,
        "balance_base_mean": 0.6423263072637837,
        "balance_base_std": 0.010483243550027546
    },
    "5": {
        "imbalance_base_mean": 0.4924280436972797,
        "imbalance_base_std": 0.003093793783660509,
        "balance_base_mean": 0.6420981410876908,
        "balance_base_std": 0.008013610668335471
    },
    "6": {
        "imbalance_base_mean": 0.4879911499180182,
        "imbalance_base_std": 0.0028359026079814165,
        "balance_base_mean": 0.6412447403251614,
        "balance_base_std": 0.004705152459047967
    },
    "7": {
        "imbalance_base_mean": 0.48221686651784834,
        "imbalance_base_std": 0.0031457475496219646,
        "balance_base_mean": 0.6441042255190534,
        "balance_base_std": 0.007220169812121141
    },
    "8": {
        "imbalance_base_mean": 0.47932182295885106,
        "imbalance_base_std": 0.0013235834810381957,
        "balance_base_mean": 0.6458702909859545,
        "balance_base_std": 0.01000540102830296
    },
    "9": {
        "imbalance_base_mean": 0.4786610300073092,
        "imbalance_base_std": 0.0012884339273336565,
        "balance_base_mean": 0.641209181960056,
        "balance_base_std": 0.004154627762362518
    }
}