{
    "0": {
        "imbalance_base_mean": 0.7154811715481172,
        "imbalance_base_std": 0.0,
        "balance_base_mean": 0.7154811715481172,
        "balance_base_std": 0.0,
        "balance_augment_mean": 0.7123012552301254,
        "balance_augment_std": 0.01022702334222737
    },
    "1": {
        "imbalance_base_mean": 0.589623430962343,
        "imbalance_base_std": 0.012396240460010857,
        "balance_base_mean": 0.6450209205020921,
        "balance_base_std": 0.01952787396856381,
        "balance_augment_mean": 0.6630962343096234,
        "balance_augment_std": 0.012829300684007889
    },
    "2": {
        "imbalance_base_mean": 0.5056066945606694,
        "imbalance_base_std": 0.018960208457070315,
        "balance_base_mean": 0.5911297071129707,
        "balance_base_std": 0.0234106307485351,
        "balance_augment_mean": 0.597489539748954,
        "balance_augment_std": 0.01922137661444934
    },
    "3": {
        "imbalance_base_mean": 0.42979079497907946,
        "imbalance_base_std": 0.0231216887202719,
        "balance_base_mean": 0.5466108786610879,
        "balance_base_std": 0.023965218168594128,
        "balance_augment_mean": 0.5523012552301255,
        "balance_augment_std": 0.021641144602837965
    },
    "4": {
        "imbalance_base_mean": 0.3717154811715481,
        "imbalance_base_std": 0.019412783094559363,
        "balance_base_mean": 0.49589958158995817,
        "balance_base_std": 0.030465768041460083,
        "balance_augment_mean": 0.5020920502092049,
        "balance_augment_std": 0.02340105682696161
    },
    "5": {
        "imbalance_base_mean": 0.34661087866108786,
        "imbalance_base_std": 0.015361062969819267,
        "balance_base_mean": 0.4644351464435147,
        "balance_base_std": 0.023033083272085374,
        "balance_augment_mean": 0.4682845188284519,
        "balance_augment_std": 0.031567533396759356
    },
    "6": {
        "imbalance_base_mean": 0.31497907949790793,
        "imbalance_base_std": 0.0107504514495409,
        "balance_base_mean": 0.4224267782426779,
        "balance_base_std": 0.020397822119378555,
        "balance_augment_mean": 0.4311297071129707,
        "balance_augment_std": 0.019663669479798526
    },
    "7": {
        "imbalance_base_mean": 0.29506276150627614,
        "imbalance_base_std": 0.006810707932845452,
        "balance_base_mean": 0.39866108786610877,
        "balance_base_std": 0.02005297513071152,
        "balance_augment_mean": 0.41221757322175734,
        "balance_augment_std": 0.014577011941701551
    },
    "8": {
        "imbalance_base_mean": 0.2895397489539749,
        "imbalance_base_std": 0.004992948582485791,
        "balance_base_mean": 0.38661087866108784,
        "balance_base_std": 0.016911220859004695,
        "balance_augment_mean": 0.39748953974895396,
        "balance_augment_std": 0.009333451711195784
    },
    "9": {
        "imbalance_base_mean": 0.27631799163179915,
        "imbalance_base_std": 0.006827139097697454,
        "balance_base_mean": 0.37623430962343096,
        "balance_base_std": 0.005616054137426784,
        "balance_augment_mean": 0.3747280334728033,
        "balance_augment_std": 0.0047750100812341805
    }
}