{
    "0": {
        "imbalance_base_mean": 0.6657563066711444,
        "imbalance_base_std": 0.0,
        "balance_base_mean": 0.6657563066711444,
        "balance_base_std": 0.0,
        "balance_augment_mean": 0.6332401572469923,
        "balance_augment_std": 0.024359145486800005
    },
    "1": {
        "imbalance_base_mean": 0.6136544122004701,
        "imbalance_base_std": 0.008527220210834706,
        "balance_base_mean": 0.6473588036585607,
        "balance_base_std": 0.011847710089295334,
        "balance_augment_mean": 0.6388465261452756,
        "balance_augment_std": 0.015788483785245926
    },
    "2": {
        "imbalance_base_mean": 0.5436261630548586,
        "imbalance_base_std": 0.012646563771449383,
        "balance_base_mean": 0.6448450247920824,
        "balance_base_std": 0.009149477117598424,
        "balance_augment_mean": 0.6390667904624563,
        "balance_augment_std": 0.014543152903714263
    },
    "3": {
        "imbalance_base_mean": 0.5129215147863535,
        "imbalance_base_std": 0.004142765021570449,
        "balance_base_mean": 0.640719266707493,
        "balance_base_std": 0.012778355321919737,
        "balance_augment_mean": 0.6406362971889138,
        "balance_augment_std": 0.012885153854245511
    },
    "4": {
        "imbalance_base_mean": 0.5022263487485431,
        "imbalance_base_std": 0.002811285513355882,
        "balance_base_mean": 0.6506311609806207,
        "balance_base_std": 0.009050963916617622,
        "balance_augment_mean": 0.643479978664981,
        "balance_augment_std": 0.013928650252410205
    },
    "5": {
        "imbalance_base_mean": 0.4924280436972797,
        "imbalance_base_std": 0.003093793783660509,
        "balance_base_mean": 0.6489905375239526,
        "balance_base_std": 0.010303782577341497,
        "balance_augment_mean": 0.6465162679520358,
        "balance_augment_std": 0.00759870885294531
    },
    "6": {
        "imbalance_base_mean": 0.4879911499180182,
        "imbalance_base_std": 0.0028359026079814165,
        "balance_base_mean": 0.650052349815294,
        "balance_base_std": 0.005795107851762503,
        "balance_augment_mean": 0.6460599355998499,
        "balance_augment_std": 0.007755613512232609
    },
    "7": {
        "imbalance_base_mean": 0.48221686651784834,
        "imbalance_base_std": 0.0031457475496219646,
        "balance_base_mean": 0.6474289326564074,
        "balance_base_std": 0.008464967207030553,
        "balance_augment_mean": 0.6456391616127695,
        "balance_augment_std": 0.008815991700364125
    },
    "8": {
        "imbalance_base_mean": 0.47932182295885106,
        "imbalance_base_std": 0.0013235834810381957,
        "balance_base_mean": 0.6476452460441319,
        "balance_base_std": 0.003927916671822592,
        "balance_augment_mean": 0.6491870962643962,
        "balance_augment_std": 0.005522702164805324
    },
    "9": {
        "imbalance_base_mean": 0.4786610300073092,
        "imbalance_base_std": 0.0012884339273336565,
        "balance_base_mean": 0.645269749708619,
        "balance_base_std": 0.0032226475481234897,
        "balance_augment_mean": 0.6470042077398709,
        "balance_augment_std": 0.00813590357676606
    }
}