{
    "0": {
        "imbalance_base_mean": 0.7463175122749591,
        "imbalance_base_std": 0.0,
        "balance_base_mean": 0.7463175122749591,
        "balance_base_std": 0.0,
        "balance_augment_mean": 0.6801963993453355,
        "balance_augment_std": 0.007363156713061863
    },
    "1": {
        "imbalance_base_mean": 0.5805493452571063,
        "imbalance_base_std": 0.01888174821921816,
        "balance_base_mean": 0.7110471876429323,
        "balance_base_std": 0.01780940454871055,
        "balance_augment_mean": 0.690998363338789,
        "balance_augment_std": 0.014170121651007148
    },
    "2": {
        "imbalance_base_mean": 0.4872951301921363,
        "imbalance_base_std": 0.018425241755338957,
        "balance_base_mean": 0.709328968903437,
        "balance_base_std": 0.015163646247987531,
        "balance_augment_mean": 0.6962356792144027,
        "balance_augment_std": 0.008124172599666713
    },
    "3": {
        "imbalance_base_mean": 0.4311082721175342,
        "imbalance_base_std": 0.012765516288967226,
        "balance_base_mean": 0.6952536824877249,
        "balance_base_std": 0.015847749180897153,
        "balance_augment_mean": 0.6929623567921441,
        "balance_augment_std": 0.0081898500839259
    },
    "4": {
        "imbalance_base_mean": 0.36996699669967,
        "imbalance_base_std": 0.013503150195035495,
        "balance_base_mean": 0.6893617021276596,
        "balance_base_std": 0.012567171077219273,
        "balance_augment_mean": 0.692962356792144,
        "balance_augment_std": 0.007578289298062321
    },
    "5": {
        "imbalance_base_mean": 0.3293729372937294,
        "imbalance_base_std": 0.020888768842833888,
        "balance_base_mean": 0.6805237315875614,
        "balance_base_std": 0.014469418072209693,
        "balance_augment_mean": 0.6880523731587561,
        "balance_augment_std": 0.009688149647756954
    },
    "6": {
        "imbalance_base_mean": 0.2914191419141914,
        "imbalance_base_std": 0.01004298617472141,
        "balance_base_mean": 0.6844517184942717,
        "balance_base_std": 0.013669795756347683,
        "balance_augment_mean": 0.688379705400982,
        "balance_augment_std": 0.009407599255777336
    },
    "7": {
        "imbalance_base_mean": 0.26831683168316833,
        "imbalance_base_std": 0.009193655628504362,
        "balance_base_mean": 0.6808510638297872,
        "balance_base_std": 0.01075723517195089,
        "balance_augment_mean": 0.6870703764320786,
        "balance_augment_std": 0.009047643182379857
    },
    "8": {
        "imbalance_base_mean": 0.2465346534653466,
        "imbalance_base_std": 0.008644092972745085,
        "balance_base_mean": 0.6811783960720131,
        "balance_base_std": 0.009339013170335265,
        "balance_augment_mean": 0.6877250409165303,
        "balance_augment_std": 0.005516300997169468
    },
    "9": {
        "imbalance_base_mean": 0.21749174917491748,
        "imbalance_base_std": 0.005259860544722522,
        "balance_base_mean": 0.6769230769230768,
        "balance_base_std": 0.0030355543356777996,
        "balance_augment_mean": 0.6828150572831423,
        "balance_augment_std": 0.002618657937806862
    }
}