{
    "0": {
        "imbalance_base_mean": 0.6321044341994897,
        "imbalance_base_std": 0.01793662311913833,
        "balance_base_mean": 0.6321044341994897,
        "balance_base_std": 0.01793662311913833,
        "balance_augment_mean": 0.7184964795107256,
        "balance_augment_std": 0.0753775839368806
    },
    "1": {
        "imbalance_base_mean": 0.7863438532769148,
        "imbalance_base_std": 0.04063425420855341,
        "balance_base_mean": 0.6028279906877116,
        "balance_base_std": 0.008328979815089076,
        "balance_augment_mean": 0.7269475503868426,
        "balance_augment_std": 0.02945329658907429
    },
    "2": {
        "imbalance_base_mean": 1.0791964844133028,
        "imbalance_base_std": 0.029641802923630837,
        "balance_base_mean": 0.6738463366576791,
        "balance_base_std": 0.03472597301759528,
        "balance_augment_mean": 0.7438517805655108,
        "balance_augment_std": 0.0701022727148283
    },
    "3": {
        "imbalance_base_mean": 1.3568770588448955,
        "imbalance_base_std": 0.07595411733253991,
        "balance_base_mean": 0.679330795655926,
        "balance_base_std": 0.012288699510970919,
        "balance_augment_mean": 0.7545435673120575,
        "balance_augment_std": 0.034862017475155965
    },
    "4": {
        "imbalance_base_mean": 1.5324732165559194,
        "imbalance_base_std": 0.12500441095499618,
        "balance_base_mean": 0.7235500618542905,
        "balance_base_std": 0.01710082327624877,
        "balance_augment_mean": 0.7484833891028968,
        "balance_augment_std": 0.017214644880705794
    },
    "5": {
        "imbalance_base_mean": 1.73633261501462,
        "imbalance_base_std": 0.09658396183086902,
        "balance_base_mean": 0.7621396880508584,
        "balance_base_std": 0.027073556504092895,
        "balance_augment_mean": 0.7957150003209484,
        "balance_augment_std": 0.0551198519568441
    },
    "6": {
        "imbalance_base_mean": 1.902409946872964,
        "imbalance_base_std": 0.13491869621516525,
        "balance_base_mean": 0.7829514837398912,
        "balance_base_std": 0.02937469696466855,
        "balance_augment_mean": 0.8697390638272365,
        "balance_augment_std": 0.0336061599764491
    },
    "7": {
        "imbalance_base_mean": 2.1094411194261085,
        "imbalance_base_std": 0.10271328523000382,
        "balance_base_mean": 0.8693697548211652,
        "balance_base_std": 0.021434025049264244,
        "balance_augment_mean": 0.8871323938488832,
        "balance_augment_std": 0.040250701193253635
    },
    "8": {
        "imbalance_base_mean": 2.387176185811687,
        "imbalance_base_std": 0.12167720330553018,
        "balance_base_mean": 0.839035055747166,
        "balance_base_std": 0.020279999605330855,
        "balance_augment_mean": 0.9407901641386435,
        "balance_augment_std": 0.08325786952198168
    },
    "9": {
        "imbalance_base_mean": 2.502827613743193,
        "imbalance_base_std": 0.15694050712168486,
        "balance_base_mean": 0.9126448680455486,
        "balance_base_std": 0.06233324641046396,
        "balance_augment_mean": 0.9490344401846889,
        "balance_augment_std": 0.047264402978641804
    }
}