{
    "0": {
        "imbalance_base_mean": 0.7463175122749591,
        "imbalance_base_std": 0.0,
        "balance_base_mean": 0.7463175122749591,
        "balance_base_std": 0.0,
        "balance_augment_mean": 0.688379705400982,
        "balance_augment_std": 0.021379582052776354
    },
    "1": {
        "imbalance_base_mean": 0.5805493452571063,
        "imbalance_base_std": 0.01888174821921816,
        "balance_base_mean": 0.7108950938738173,
        "balance_base_std": 0.024531750069322684,
        "balance_augment_mean": 0.6855433770327387,
        "balance_augment_std": 0.02332003437787091
    },
    "2": {
        "imbalance_base_mean": 0.4872951301921363,
        "imbalance_base_std": 0.018425241755338957,
        "balance_base_mean": 0.7043137319733064,
        "balance_base_std": 0.03430606978115652,
        "balance_augment_mean": 0.6903436988543371,
        "balance_augment_std": 0.023636017281225143
    },
    "3": {
        "imbalance_base_mean": 0.4311082721175342,
        "imbalance_base_std": 0.012765516288967226,
        "balance_base_mean": 0.6818330605564649,
        "balance_base_std": 0.026198851461556427,
        "balance_augment_mean": 0.6831423895253683,
        "balance_augment_std": 0.018242716586700857
    },
    "4": {
        "imbalance_base_mean": 0.36996699669967,
        "imbalance_base_std": 0.013503150195035495,
        "balance_base_mean": 0.6775777414075286,
        "balance_base_std": 0.021933702871032357,
        "balance_augment_mean": 0.6805237315875614,
        "balance_augment_std": 0.013825670757409422
    },
    "5": {
        "imbalance_base_mean": 0.3293729372937294,
        "imbalance_base_std": 0.020888768842833888,
        "balance_base_mean": 0.66481178396072,
        "balance_base_std": 0.01881519851155473,
        "balance_augment_mean": 0.6759410801963994,
        "balance_augment_std": 0.015388097248501667
    },
    "6": {
        "imbalance_base_mean": 0.2914191419141914,
        "imbalance_base_std": 0.01004298617472141,
        "balance_base_mean": 0.6736497545008183,
        "balance_base_std": 0.017706223680914616,
        "balance_augment_mean": 0.6808510638297873,
        "balance_augment_std": 0.014002782085896845
    },
    "7": {
        "imbalance_base_mean": 0.26831683168316833,
        "imbalance_base_std": 0.009193655628504362,
        "balance_base_mean": 0.6687397708674304,
        "balance_base_std": 0.014139843578694036,
        "balance_augment_mean": 0.6801963993453356,
        "balance_augment_std": 0.012273867927497673
    },
    "8": {
        "imbalance_base_mean": 0.2465346534653466,
        "imbalance_base_std": 0.008644092972745085,
        "balance_base_mean": 0.6651391162029461,
        "balance_base_std": 0.011507951444351523,
        "balance_augment_mean": 0.6779050736497545,
        "balance_augment_std": 0.013191123849171794
    },
    "9": {
        "imbalance_base_mean": 0.21749174917491748,
        "imbalance_base_std": 0.005259860544722522,
        "balance_base_mean": 0.6697217675941081,
        "balance_base_std": 0.0050072204716132196,
        "balance_augment_mean": 0.6779050736497545,
        "balance_augment_std": 0.009896050054226467
    }
}