{
    "0": {
        "imbalance_base_mean": 0.6109272831433594,
        "imbalance_base_std": 0.0019142064637785508,
        "balance_base_mean": 0.6109272831433594,
        "balance_base_std": 0.0019142064637785508,
        "balance_augment_mean": 0.6053811659192825,
        "balance_augment_std": 0.008458879644997749
    },
    "1": {
        "imbalance_base_mean": 0.5844442029987553,
        "imbalance_base_std": 0.011525122460106936,
        "balance_base_mean": 0.5944825270144802,
        "balance_base_std": 0.017785019476950967,
        "balance_augment_mean": 0.6117461132731474,
        "balance_augment_std": 0.00781169507786574
    },
    "2": {
        "imbalance_base_mean": 0.5373757926552221,
        "imbalance_base_std": 0.012669360848635803,
        "balance_base_mean": 0.5873510993461212,
        "balance_base_std": 0.01524496458615721,
        "balance_augment_mean": 0.5958663400564982,
        "balance_augment_std": 0.01544997014777701
    },
    "3": {
        "imbalance_base_mean": 0.5181723000335829,
        "imbalance_base_std": 0.010596885459219399,
        "balance_base_mean": 0.561248296161672,
        "balance_base_std": 0.01185350132516593,
        "balance_augment_mean": 0.5745787321467376,
        "balance_augment_std": 0.009294753107026417
    },
    "4": {
        "imbalance_base_mean": 0.5055382153651646,
        "imbalance_base_std": 0.003431545713551151,
        "balance_base_mean": 0.5508474743683452,
        "balance_base_std": 0.01628647763161394,
        "balance_augment_mean": 0.5717933268801486,
        "balance_augment_std": 0.01239884939477029
    },
    "5": {
        "imbalance_base_mean": 0.5017344580312519,
        "imbalance_base_std": 0.006232337156497277,
        "balance_base_mean": 0.5461863653424468,
        "balance_base_std": 0.010109280787035055,
        "balance_augment_mean": 0.560991485747022,
        "balance_augment_std": 0.008147023111908663
    },
    "6": {
        "imbalance_base_mean": 0.4979860137097251,
        "imbalance_base_std": 0.007102994475307444,
        "balance_base_mean": 0.5406323462594576,
        "balance_base_std": 0.00522147279402729,
        "balance_augment_mean": 0.5529710989510283,
        "balance_augment_std": 0.007026075998636917
    },
    "7": {
        "imbalance_base_mean": 0.493993599494281,
        "imbalance_base_std": 0.008342338311937654,
        "balance_base_mean": 0.5370290985954446,
        "balance_base_std": 0.009241736430605923,
        "balance_augment_mean": 0.5427480689832284,
        "balance_augment_std": 0.006948867697889968
    },
    "8": {
        "imbalance_base_mean": 0.49508701922127185,
        "imbalance_base_std": 0.005824712605886945,
        "balance_base_mean": 0.5431885976175895,
        "balance_base_std": 0.006432832526953899,
        "balance_augment_mean": 0.5396288101775943,
        "balance_augment_std": 0.008818097832367106
    },
    "9": {
        "imbalance_base_mean": 0.4953428419035578,
        "imbalance_base_std": 0.0075270682540558905,
        "balance_base_mean": 0.5350269650935383,
        "balance_base_std": 0.005568777429991258,
        "balance_augment_mean": 0.5338150174828629,
        "balance_augment_std": 0.006676530866899904
    }
}