{
    "0": {
        "balance_augment_mean": -0.5190246181558855,
        "balance_augment_std": 0.059607501558150124
    },
    "1": {
        "balance_augment_mean": -0.5460849808118825,
        "balance_augment_std": 0.09777474791529114
    },
    "2": {
        "balance_augment_mean": -0.5351759773864437,
        "balance_augment_std": 0.0777828300779106
    },
    "3": {
        "balance_augment_mean": -0.5209447550609104,
        "balance_augment_std": 0.056470857282046004
    },
    "4": {
        "balance_augment_mean": -0.5127848761383007,
        "balance_augment_std": 0.051519402669491676
    },
    "5": {
        "balance_augment_mean": -0.4769972687672043,
        "balance_augment_std": 0.07172844428890128
    },
    "6": {
        "balance_augment_mean": -0.535535084669259,
        "balance_augment_std": 0.045983349635292686
    },
    "7": {
        "balance_augment_mean": -0.5033430116357428,
        "balance_augment_std": 0.04794688000890024
    },
    "8": {
        "balance_augment_mean": -0.5050493556585587,
        "balance_augment_std": 0.050143232860980984
    },
    "9": {
        "balance_augment_mean": -0.5065931400177972,
        "balance_augment_std": 0.07911163843385621
    },
    "10": {
        "train_all_augment": -0.6994717794017589
    }
}