{
    "0": {
        "imbalance_base_mean": 0.7095833333333332,
        "imbalance_base_std": 0.0,
        "balance_base_mean": 0.7095833333333332,
        "balance_base_std": 0.0,
        "balance_augment_mean": 0.7094999999999999,
        "balance_augment_std": 0.002903541898364039
    },
    "1": {
        "imbalance_base_mean": 0.7083333333333334,
        "imbalance_base_std": 0.004951150259170965,
        "balance_base_mean": 0.7133333333333333,
        "balance_base_std": 0.0033437337746231406,
        "balance_augment_mean": 0.7125833333333333,
        "balance_augment_std": 0.003776756397874878
    },
    "2": {
        "imbalance_base_mean": 0.6942499999999999,
        "imbalance_base_std": 0.005486093530210915,
        "balance_base_mean": 0.7044166666666667,
        "balance_base_std": 0.004430011286667359,
        "balance_augment_mean": 0.7056666666666667,
        "balance_augment_std": 0.0062003584125794355
    },
    "3": {
        "imbalance_base_mean": 0.6743333333333333,
        "imbalance_base_std": 0.006788470618138733,
        "balance_base_mean": 0.6985833333333333,
        "balance_base_std": 0.003580425176490148,
        "balance_augment_mean": 0.7043333333333333,
        "balance_augment_std": 0.007855465188856287
    },
    "4": {
        "imbalance_base_mean": 0.6546666666666667,
        "imbalance_base_std": 0.006964194138592067,
        "balance_base_mean": 0.6940833333333333,
        "balance_base_std": 0.006462498656780407,
        "balance_augment_mean": 0.7000833333333334,
        "balance_augment_std": 0.009593834825900803
    },
    "5": {
        "imbalance_base_mean": 0.64825,
        "imbalance_base_std": 0.006725779591327046,
        "balance_base_mean": 0.6823333333333333,
        "balance_base_std": 0.008099211209878537,
        "balance_augment_mean": 0.6865,
        "balance_augment_std": 0.008163264597505616
    },
    "6": {
        "imbalance_base_mean": 0.6352499999999999,
        "imbalance_base_std": 0.006155395104206487,
        "balance_base_mean": 0.6736666666666666,
        "balance_base_std": 0.0038944404818493025,
        "balance_augment_mean": 0.6811666666666667,
        "balance_augment_std": 0.0067463982160030226
    },
    "7": {
        "imbalance_base_mean": 0.6301666666666667,
        "imbalance_base_std": 0.0049201964730418435,
        "balance_base_mean": 0.6680833333333334,
        "balance_base_std": 0.002101586702153088,
        "balance_augment_mean": 0.6734166666666667,
        "balance_augment_std": 0.006343194077995019
    },
    "8": {
        "imbalance_base_mean": 0.6275833333333333,
        "imbalance_base_std": 0.0017159383568311536,
        "balance_base_mean": 0.6681666666666667,
        "balance_base_std": 0.001594260539142404,
        "balance_augment_mean": 0.6712499999999999,
        "balance_augment_std": 0.006324555320336776
    },
    "9": {
        "imbalance_base_mean": 0.6240833333333333,
        "imbalance_base_std": 0.003876567783204314,
        "balance_base_mean": 0.6629999999999999,
        "balance_base_std": 0.003664772237882682,
        "balance_augment_mean": 0.6677500000000001,
        "balance_augment_std": 0.0019112241568633001
    }
}