{
    "0": {
        "imbalance_base_mean": 0.6986531986531986,
        "imbalance_base_std": 0.0,
        "balance_base_mean": 0.6986531986531986,
        "balance_base_std": 0.0,
        "balance_augment_mean": 0.6916530278232406,
        "balance_augment_std": 0.00894042571767442
    },
    "1": {
        "imbalance_base_mean": 0.560537802506906,
        "imbalance_base_std": 0.005301256001587668,
        "balance_base_mean": 0.5880056256899036,
        "balance_base_std": 0.01929487713100439,
        "balance_augment_mean": 0.5979968285453332,
        "balance_augment_std": 0.018524597965766245
    },
    "2": {
        "imbalance_base_mean": 0.48273350255229264,
        "imbalance_base_std": 0.025247886797218424,
        "balance_base_mean": 0.5200686961735224,
        "balance_base_std": 0.013913764159887723,
        "balance_augment_mean": 0.5271120151064342,
        "balance_augment_std": 0.01732578991407888
    },
    "3": {
        "imbalance_base_mean": 0.41275193733295235,
        "imbalance_base_std": 0.013971970675478616,
        "balance_base_mean": 0.4867000621963724,
        "balance_base_std": 0.02229993035652467,
        "balance_augment_mean": 0.4902956849165392,
        "balance_augment_std": 0.012928419727635213
    },
    "4": {
        "imbalance_base_mean": 0.34842407840104894,
        "imbalance_base_std": 0.027740624397573552,
        "balance_base_mean": 0.43192074725299356,
        "balance_base_std": 0.014412616237046308,
        "balance_augment_mean": 0.4459916959437879,
        "balance_augment_std": 0.021348451400600005
    },
    "5": {
        "imbalance_base_mean": 0.322180010870357,
        "imbalance_base_std": 0.02758722660554963,
        "balance_base_mean": 0.395818834854623,
        "balance_base_std": 0.02702368833729149,
        "balance_augment_mean": 0.40385841640191183,
        "balance_augment_std": 0.0249711202817397
    },
    "6": {
        "imbalance_base_mean": 0.2966996699669967,
        "imbalance_base_std": 0.01862275376853581,
        "balance_base_mean": 0.366996699669967,
        "balance_base_std": 0.01625559122907557,
        "balance_augment_mean": 0.36435643564356435,
        "balance_augment_std": 0.014626085680633888
    },
    "7": {
        "imbalance_base_mean": 0.27029702970297026,
        "imbalance_base_std": 0.0072607260726072695,
        "balance_base_mean": 0.33795379537953796,
        "balance_base_std": 0.015174341825178411,
        "balance_augment_mean": 0.34356435643564354,
        "balance_augment_std": 0.013822040654370902
    },
    "8": {
        "imbalance_base_mean": 0.26336633663366343,
        "imbalance_base_std": 0.009134226074652163,
        "balance_base_mean": 0.3283828382838284,
        "balance_base_std": 0.0075259103966939765,
        "balance_augment_mean": 0.33069306930693065,
        "balance_augment_std": 0.007275712107276757
    },
    "9": {
        "imbalance_base_mean": 0.2594059405940594,
        "imbalance_base_std": 0.005754322037677462,
        "balance_base_mean": 0.3221122112211221,
        "balance_base_std": 0.009922967906516774,
        "balance_augment_mean": 0.32244224422442247,
        "balance_augment_std": 0.005382675389537976
    }
}