{
    "0": {
        "imbalance_base_mean": 0.6074405878983031,
        "imbalance_base_std": 0.0,
        "balance_base_mean": 0.6074405878983031,
        "balance_base_std": 0.0
    },
    "1": {
        "imbalance_base_mean": 0.5717231978823019,
        "imbalance_base_std": 0.00945495030776461,
        "balance_base_mean": 0.5766835898145038,
        "balance_base_std": 0.010272137072934905
    },
    "2": {
        "imbalance_base_mean": 0.5293909642243338,
        "imbalance_base_std": 0.012728600963969494,
        "balance_base_mean": 0.5541366231405938,
        "balance_base_std": 0.012286934210644541
    },
    "3": {
        "imbalance_base_mean": 0.5185930740206633,
        "imbalance_base_std": 0.01570734335223546,
        "balance_base_mean": 0.5459463463779853,
        "balance_base_std": 0.007763148226514063
    },
    "4": {
        "imbalance_base_mean": 0.49941723790521725,
        "imbalance_base_std": 0.006655552196816285,
        "balance_base_mean": 0.5334535074376247,
        "balance_base_std": 0.005039716395447944
    },
    "5": {
        "imbalance_base_mean": 0.49584559767685354,
        "imbalance_base_std": 0.004396336058858958,
        "balance_base_mean": 0.5236038403034314,
        "balance_base_std": 0.0060129846219587205
    },
    "6": {
        "imbalance_base_mean": 0.48922186444361043,
        "imbalance_base_std": 0.0032579249662715265,
        "balance_base_mean": 0.5153908456964501,
        "balance_base_std": 0.007648467533110786
    },
    "7": {
        "imbalance_base_mean": 0.48460421564172973,
        "imbalance_base_std": 0.0018996602332871802,
        "balance_base_mean": 0.5051480610813694,
        "balance_base_std": 0.0067357442298763
    },
    "8": {
        "imbalance_base_mean": 0.482362063175362,
        "imbalance_base_std": 0.002238641745028371,
        "balance_base_mean": 0.5067452243140199,
        "balance_base_std": 0.008799274288869379
    },
    "9": {
        "imbalance_base_mean": 0.4812725943778274,
        "imbalance_base_std": 0.0012824745313818056,
        "balance_base_mean": 0.5064261867604355,
        "balance_base_std": 0.007367918976699649
    }
}