{
    "0": {
        "balance_augment_mean": 0.735,
        "balance_augment_std": 0.004440970864824729
    },
    "1": {
        "balance_augment_mean": 0.741,
        "balance_augment_std": 0.005018023072441549
    },
    "2": {
        "balance_augment_mean": 0.74075,
        "balance_augment_std": 0.004325313090786961
    },
    "3": {
        "balance_augment_mean": 0.7435833333333333,
        "balance_augment_std": 0.007479601890772281
    },
    "4": {
        "balance_augment_mean": 0.7426666666666666,
        "balance_augment_std": 0.004342938073598467
    },
    "5": {
        "balance_augment_mean": 0.7459166666666667,
        "balance_augment_std": 0.0036930866343600727
    },
    "6": {
        "balance_augment_mean": 0.74875,
        "balance_augment_std": 0.007861650943380497
    },
    "7": {
        "balance_augment_mean": 0.7494999999999999,
        "balance_augment_std": 0.00498191172587838
    },
    "8": {
        "balance_augment_mean": 0.7520833333333334,
        "balance_augment_std": 0.0030844592538869574
    },
    "9": {
        "balance_augment_mean": 0.7499166666666667,
        "balance_augment_std": 0.005611248623177441
    },
    "10": {
        "train_all_augment": 0.7466666666666666
    }
}