{
    "0": {
        "imbalance_base_mean": 0.7095833333333332,
        "imbalance_base_std": 0.0,
        "balance_base_mean": 0.7095833333333332,
        "balance_base_std": 0.0,
        "balance_augment_mean": 0.71425,
        "balance_augment_std": 0.006563789555838427
    },
    "1": {
        "imbalance_base_mean": 0.7083333333333334,
        "imbalance_base_std": 0.004951150259170965,
        "balance_base_mean": 0.7093333333333333,
        "balance_base_std": 0.004599214908848903,
        "balance_augment_mean": 0.7103333333333334,
        "balance_augment_std": 0.0022110831935702392
    },
    "2": {
        "imbalance_base_mean": 0.6942499999999999,
        "imbalance_base_std": 0.005486093530210915,
        "balance_base_mean": 0.7,
        "balance_base_std": 0.004728753653037028,
        "balance_augment_mean": 0.7035833333333333,
        "balance_augment_std": 0.0040875828228102385
    },
    "3": {
        "imbalance_base_mean": 0.6743333333333333,
        "imbalance_base_std": 0.006788470618138733,
        "balance_base_mean": 0.69325,
        "balance_base_std": 0.010234744745229363,
        "balance_augment_mean": 0.6911666666666667,
        "balance_augment_std": 0.00422788363132191
    },
    "4": {
        "imbalance_base_mean": 0.6546666666666667,
        "imbalance_base_std": 0.006964194138592067,
        "balance_base_mean": 0.6765000000000001,
        "balance_base_std": 0.005556527692723197,
        "balance_augment_mean": 0.68125,
        "balance_augment_std": 0.007550754193382863
    },
    "5": {
        "imbalance_base_mean": 0.64825,
        "imbalance_base_std": 0.006725779591327046,
        "balance_base_mean": 0.6706666666666667,
        "balance_base_std": 0.008298259523003093,
        "balance_augment_mean": 0.6729999999999999,
        "balance_augment_std": 0.008577263225787377
    },
    "6": {
        "imbalance_base_mean": 0.6352499999999999,
        "imbalance_base_std": 0.006155395104206487,
        "balance_base_mean": 0.6605,
        "balance_base_std": 0.005611248623177445,
        "balance_augment_mean": 0.6583333333333332,
        "balance_augment_std": 0.0042979323194092135
    },
    "7": {
        "imbalance_base_mean": 0.6301666666666667,
        "imbalance_base_std": 0.0049201964730418435,
        "balance_base_mean": 0.6525833333333333,
        "balance_base_std": 0.0055739971693968705,
        "balance_augment_mean": 0.65475,
        "balance_augment_std": 0.005134307266916488
    },
    "8": {
        "imbalance_base_mean": 0.6275833333333333,
        "imbalance_base_std": 0.0017159383568311536,
        "balance_base_mean": 0.65175,
        "balance_base_std": 0.0040086711569352375,
        "balance_augment_mean": 0.6528333333333334,
        "balance_augment_std": 0.0029391986814247366
    },
    "9": {
        "imbalance_base_mean": 0.6240833333333333,
        "imbalance_base_std": 0.003876567783204314,
        "balance_base_mean": 0.6485833333333333,
        "balance_base_std": 0.0036949665462325722,
        "balance_augment_mean": 0.6481666666666667,
        "balance_augment_std": 0.003949331870357576
    }
}