{
    "0": {
        "imbalance_base_mean": 0.6657563066711444,
        "imbalance_base_std": 0.0,
        "balance_base_mean": 0.6657563066711444,
        "balance_base_std": 0.0
    },
    "1": {
        "imbalance_base_mean": 0.6136544122004701,
        "imbalance_base_std": 0.008527220210834706,
        "balance_base_mean": 0.648389008514253,
        "balance_base_std": 0.004637599203275801
    },
    "2": {
        "imbalance_base_mean": 0.5436261630548586,
        "imbalance_base_std": 0.012646563771449383,
        "balance_base_mean": 0.6461863653424468,
        "balance_base_std": 0.005453352230103164
    },
    "3": {
        "imbalance_base_mean": 0.5129215147863535,
        "imbalance_base_std": 0.004142765021570449,
        "balance_base_mean": 0.6428705477963691,
        "balance_base_std": 0.006025669362076882
    },
    "4": {
        "imbalance_base_mean": 0.5022263487485431,
        "imbalance_base_std": 0.002811285513355882,
        "balance_base_mean": 0.6439323600877106,
        "balance_base_std": 0.002642330844909941
    },
    "5": {
        "imbalance_base_mean": 0.4924280436972797,
        "imbalance_base_std": 0.003093793783660509,
        "balance_base_mean": 0.6421188834673357,
        "balance_base_std": 0.007583475251299507
    },
    "6": {
        "imbalance_base_mean": 0.4879911499180182,
        "imbalance_base_std": 0.0028359026079814165,
        "balance_base_mean": 0.6396406629659628,
        "balance_base_std": 0.001459318996417995
    },
    "7": {
        "imbalance_base_mean": 0.48221686651784834,
        "imbalance_base_std": 0.0031457475496219646,
        "balance_base_mean": 0.6392633492029,
        "balance_base_std": 0.004674987051425695
    },
    "8": {
        "imbalance_base_mean": 0.47932182295885106,
        "imbalance_base_std": 0.0013235834810381957,
        "balance_base_mean": 0.6414936488808992,
        "balance_base_std": 0.003983351344761253
    },
    "9": {
        "imbalance_base_mean": 0.4786610300073092,
        "imbalance_base_std": 0.0012884339273336565,
        "balance_base_mean": 0.6388583789336442,
        "balance_base_std": 0.0043008827503168
    }
}