{
    "0": {
        "imbalance_base_mean": 0.6986531986531986,
        "imbalance_base_std": 0.0,
        "balance_base_mean": 0.6986531986531986,
        "balance_base_std": 0.0,
        "balance_augment_mean": 0.687588376950079,
        "balance_augment_std": 0.008529355795186924
    },
    "1": {
        "imbalance_base_mean": 0.560537802506906,
        "imbalance_base_std": 0.005301256001587668,
        "balance_base_mean": 0.6174043380568957,
        "balance_base_std": 0.023617627551813177,
        "balance_augment_mean": 0.637219205791547,
        "balance_augment_std": 0.019536503705681996
    },
    "2": {
        "imbalance_base_mean": 0.48273350255229264,
        "imbalance_base_std": 0.025247886797218424,
        "balance_base_mean": 0.5717807773986228,
        "balance_base_std": 0.019400045215502867,
        "balance_augment_mean": 0.578607249519519,
        "balance_augment_std": 0.02206530914425885
    },
    "3": {
        "imbalance_base_mean": 0.41275193733295235,
        "imbalance_base_std": 0.013971970675478616,
        "balance_base_mean": 0.5259633433631988,
        "balance_base_std": 0.013632051393006538,
        "balance_augment_mean": 0.5359993724329988,
        "balance_augment_std": 0.019774221318576226
    },
    "4": {
        "imbalance_base_mean": 0.34842407840104894,
        "imbalance_base_std": 0.027740624397573552,
        "balance_base_mean": 0.48030280107807044,
        "balance_base_std": 0.033398041054533645,
        "balance_augment_mean": 0.48802691814172927,
        "balance_augment_std": 0.030508518930419667
    },
    "5": {
        "imbalance_base_mean": 0.322180010870357,
        "imbalance_base_std": 0.02758722660554963,
        "balance_base_mean": 0.44087310259039486,
        "balance_base_std": 0.038455741517043236,
        "balance_augment_mean": 0.4477326340443891,
        "balance_augment_std": 0.04769072189985845
    },
    "6": {
        "imbalance_base_mean": 0.2966996699669967,
        "imbalance_base_std": 0.01862275376853581,
        "balance_base_mean": 0.4014865493340506,
        "balance_base_std": 0.030004024819689855,
        "balance_augment_mean": 0.404950495049505,
        "balance_augment_std": 0.03125048333667542
    },
    "7": {
        "imbalance_base_mean": 0.27029702970297026,
        "imbalance_base_std": 0.0072607260726072695,
        "balance_base_mean": 0.36996699669967,
        "balance_base_std": 0.029211183647998434,
        "balance_augment_mean": 0.3818481848184819,
        "balance_augment_std": 0.027505830410580384
    },
    "8": {
        "imbalance_base_mean": 0.26336633663366343,
        "imbalance_base_std": 0.009134226074652163,
        "balance_base_mean": 0.3567656765676568,
        "balance_base_std": 0.01227793745065232,
        "balance_augment_mean": 0.35412541254125407,
        "balance_augment_std": 0.009878963397422955
    },
    "9": {
        "imbalance_base_mean": 0.2594059405940594,
        "imbalance_base_std": 0.005754322037677462,
        "balance_base_mean": 0.3396039603960396,
        "balance_base_std": 0.014210594152878538,
        "balance_augment_mean": 0.3336633663366336,
        "balance_augment_std": 0.006795795472598681
    }
}