{
    "0": {
        "balance_augment_mean": 0.6625224255471833,
        "balance_augment_std": 0.004575479945836582
    },
    "1": {
        "balance_augment_mean": 0.6631682813060639,
        "balance_augment_std": 0.005957738188734972
    },
    "2": {
        "balance_augment_mean": 0.6656799425905991,
        "balance_augment_std": 0.00833487328782754
    },
    "3": {
        "balance_augment_mean": 0.6651237890204521,
        "balance_augment_std": 0.00917919477426705
    },
    "4": {
        "balance_augment_mean": 0.6722640832436311,
        "balance_augment_std": 0.010128104074847667
    },
    "5": {
        "balance_augment_mean": 0.6717796914244708,
        "balance_augment_std": 0.007907032964133134
    },
    "6": {
        "balance_augment_mean": 0.6691065662002154,
        "balance_augment_std": 0.0056440856660526706
    },
    "7": {
        "balance_augment_mean": 0.669626838894869,
        "balance_augment_std": 0.007067940504027127
    },
    "8": {
        "balance_augment_mean": 0.6726767133118049,
        "balance_augment_std": 0.005387809467406151
    },
    "9": {
        "balance_augment_mean": 0.675421600287047,
        "balance_augment_std": 0.007659873637696553
    },
    "10": {
        "train_all_augment": 0.39400855920114125
    }
}