{
    "0": {
        "balance_augment_mean": 0.6508416547788872,
        "balance_augment_std": 0.0072568925508321915
    },
    "1": {
        "balance_augment_mean": 0.6531241084165478,
        "balance_augment_std": 0.011543327340411826
    },
    "2": {
        "balance_augment_mean": 0.6632810271041369,
        "balance_augment_std": 0.014262367736997135
    },
    "3": {
        "balance_augment_mean": 0.6646504992867331,
        "balance_augment_std": 0.014541800340219386
    },
    "4": {
        "balance_augment_mean": 0.6644793152639087,
        "balance_augment_std": 0.01661945228118514
    },
    "5": {
        "balance_augment_mean": 0.6723537803138374,
        "balance_augment_std": 0.01799885109396728
    },
    "6": {
        "balance_augment_mean": 0.674636233951498,
        "balance_augment_std": 0.017229879533555793
    },
    "7": {
        "balance_augment_mean": 0.6712125534950072,
        "balance_augment_std": 0.018098972262594232
    },
    "8": {
        "balance_augment_mean": 0.6700142653352353,
        "balance_augment_std": 0.01625056499560266
    },
    "9": {
        "balance_augment_mean": 0.6721255349500714,
        "balance_augment_std": 0.013175363537077
    },
    "10": {
        "train_all_augment": 0.6065620542082739
    }
}