{
    "0": {
        "imbalance_base_mean": 0.7000808855256753,
        "imbalance_base_std": 0.0,
        "balance_base_mean": 0.7000808855256753,
        "balance_base_std": 0.0,
        "balance_augment_mean": 0.6904002790621014,
        "balance_augment_std": 0.005755517000459145
    },
    "1": {
        "imbalance_base_mean": 0.648049705505539,
        "imbalance_base_std": 0.007377982873058119,
        "balance_base_mean": 0.6899520726708015,
        "balance_base_std": 0.0031720466316570235,
        "balance_augment_mean": 0.6896586658968402,
        "balance_augment_std": 0.0039686128907330575
    },
    "2": {
        "imbalance_base_mean": 0.627007619439552,
        "imbalance_base_std": 0.009324727065828589,
        "balance_base_mean": 0.6926456208184831,
        "balance_base_std": 0.002635061037302595,
        "balance_augment_mean": 0.6929445530425293,
        "balance_augment_std": 0.00248818759583918
    },
    "3": {
        "imbalance_base_mean": 0.6093311262244157,
        "imbalance_base_std": 0.005786387347657184,
        "balance_base_mean": 0.6935839568979064,
        "balance_base_std": 0.002410208483988719,
        "balance_augment_mean": 0.6933164421936574,
        "balance_augment_std": 0.0026102555049033593
    },
    "4": {
        "imbalance_base_mean": 0.5993890193260232,
        "imbalance_base_std": 0.008163254421748305,
        "balance_base_mean": 0.69255088199901,
        "balance_base_std": 0.002432798155089801,
        "balance_augment_mean": 0.6948808893133854,
        "balance_augment_std": 0.003567094799995441
    },
    "5": {
        "imbalance_base_mean": 0.5881028793250915,
        "imbalance_base_std": 0.01113961144600538,
        "balance_base_mean": 0.6928987678169534,
        "balance_base_std": 0.003383959080633609,
        "balance_augment_mean": 0.6920815514460606,
        "balance_augment_std": 0.007717798909048802
    },
    "6": {
        "imbalance_base_mean": 0.5832454072735294,
        "imbalance_base_std": 0.01160323730808944,
        "balance_base_mean": 0.6939471445528378,
        "balance_base_std": 0.003117104927690579,
        "balance_augment_mean": 0.696065884658085,
        "balance_augment_std": 0.0014992698848053717
    },
    "7": {
        "imbalance_base_mean": 0.5741767360892508,
        "imbalance_base_std": 0.00995682961223004,
        "balance_base_mean": 0.6923618138422378,
        "balance_base_std": 0.002343804209927546,
        "balance_augment_mean": 0.6951304635798877,
        "balance_augment_std": 0.0027572392481156954
    },
    "8": {
        "imbalance_base_mean": 0.5617388353405637,
        "imbalance_base_std": 0.0042956826586591475,
        "balance_base_mean": 0.6934545605309346,
        "balance_base_std": 0.002888961958883356,
        "balance_augment_mean": 0.6959318125165392,
        "balance_augment_std": 0.0029828073349637448
    },
    "9": {
        "imbalance_base_mean": 0.5546807804934977,
        "imbalance_base_std": 0.0027889516388131703,
        "balance_base_mean": 0.6931544612826926,
        "balance_base_std": 0.0018327854587491125,
        "balance_augment_mean": 0.6970385379029497,
        "balance_augment_std": 0.0020612764668127706
    }
}