{
    "0": {
        "imbalance_base_mean": 0.7000808855256753,
        "imbalance_base_std": 0.0,
        "balance_base_mean": 0.7000808855256753,
        "balance_base_std": 0.0,
        "balance_augment_mean": 0.7047560714689712,
        "balance_augment_std": 0.005952704206376035
    },
    "1": {
        "imbalance_base_mean": 0.648049705505539,
        "imbalance_base_std": 0.007377982873058119,
        "balance_base_mean": 0.6859122187945152,
        "balance_base_std": 0.004910346285031928,
        "balance_augment_mean": 0.6995596838183393,
        "balance_augment_std": 0.004179899787583205
    },
    "2": {
        "imbalance_base_mean": 0.627007619439552,
        "imbalance_base_std": 0.009324727065828589,
        "balance_base_mean": 0.6863202217141231,
        "balance_base_std": 0.0046899094700089405,
        "balance_augment_mean": 0.6988781877547428,
        "balance_augment_std": 0.005452095943224282
    },
    "3": {
        "imbalance_base_mean": 0.6093311262244157,
        "imbalance_base_std": 0.005786387347657184,
        "balance_base_mean": 0.6864160431020936,
        "balance_base_std": 0.007443645458321438,
        "balance_augment_mean": 0.6971364655648525,
        "balance_augment_std": 0.005283473941795251
    },
    "4": {
        "imbalance_base_mean": 0.5993890193260232,
        "imbalance_base_std": 0.008163254421748305,
        "balance_base_mean": 0.6869485541952216,
        "balance_base_std": 0.002434445834004421,
        "balance_augment_mean": 0.6981179047616124,
        "balance_augment_std": 0.006399959359060952
    },
    "5": {
        "imbalance_base_mean": 0.5881028793250915,
        "imbalance_base_std": 0.01113961144600538,
        "balance_base_mean": 0.6890084645083885,
        "balance_base_std": 0.0026894593679254834,
        "balance_augment_mean": 0.698338984187334,
        "balance_augment_std": 0.005809396620155614
    },
    "6": {
        "imbalance_base_mean": 0.5832454072735294,
        "imbalance_base_std": 0.01160323730808944,
        "balance_base_mean": 0.6877848780280568,
        "balance_base_std": 0.004737346576935034,
        "balance_augment_mean": 0.6943895695676943,
        "balance_augment_std": 0.004701862469985527
    },
    "7": {
        "imbalance_base_mean": 0.5741767360892508,
        "imbalance_base_std": 0.00995682961223004,
        "balance_base_mean": 0.6873329786194002,
        "balance_base_std": 0.006887289664548573,
        "balance_augment_mean": 0.694968134609075,
        "balance_augment_std": 0.004937010576663617
    },
    "8": {
        "imbalance_base_mean": 0.5617388353405637,
        "imbalance_base_std": 0.0042956826586591475,
        "balance_base_mean": 0.6845374540548205,
        "balance_base_std": 0.00503534574657965,
        "balance_augment_mean": 0.6938400163383387,
        "balance_augment_std": 0.00610707231620352
    },
    "9": {
        "imbalance_base_mean": 0.5546807804934977,
        "imbalance_base_std": 0.0027889516388131703,
        "balance_base_mean": 0.686239546048062,
        "balance_base_std": 0.0057233545602451575,
        "balance_augment_mean": 0.694206175298295,
        "balance_augment_std": 0.006988278201968346
    }
}