{
    "0": {
        "imbalance_base_mean": 0.6587731811697575,
        "imbalance_base_std": 0.0,
        "balance_base_mean": 0.6587731811697575,
        "balance_base_std": 0.0,
        "balance_augment_mean": 0.6898636526731252,
        "balance_augment_std": 0.004600804185582838
    },
    "1": {
        "imbalance_base_mean": 0.4153495007132667,
        "imbalance_base_std": 0.024751996887029195,
        "balance_base_mean": 0.6847506279153212,
        "balance_base_std": 0.012288427214795904,
        "balance_augment_mean": 0.697524219590958,
        "balance_augment_std": 0.00545666605614177
    },
    "2": {
        "imbalance_base_mean": 0.3323252496433666,
        "imbalance_base_std": 0.02634133454950199,
        "balance_base_mean": 0.6930749910297811,
        "balance_base_std": 0.010530838296406908,
        "balance_augment_mean": 0.7020631503408683,
        "balance_augment_std": 0.0038693161544557796
    },
    "3": {
        "imbalance_base_mean": 0.2699001426533524,
        "imbalance_base_std": 0.013943297987918674,
        "balance_base_mean": 0.6995873699318264,
        "balance_base_std": 0.009739361181882065,
        "balance_augment_mean": 0.709508432005741,
        "balance_augment_std": 0.008014096155109268
    },
    "4": {
        "imbalance_base_mean": 0.23503566333808842,
        "imbalance_base_std": 0.016428712203055508,
        "balance_base_mean": 0.6935235019734481,
        "balance_base_std": 0.005848307538856799,
        "balance_augment_mean": 0.7061176892716182,
        "balance_augment_std": 0.012334413016181727
    },
    "5": {
        "imbalance_base_mean": 0.20085592011412268,
        "imbalance_base_std": 0.023706223198677302,
        "balance_base_mean": 0.7026551847865088,
        "balance_base_std": 0.011432212272866909,
        "balance_augment_mean": 0.7047272669572966,
        "balance_augment_std": 0.005301906668707053
    },
    "6": {
        "imbalance_base_mean": 0.18647646219686162,
        "imbalance_base_std": 0.02394714309605719,
        "balance_base_mean": 0.704102351093087,
        "balance_base_std": 0.009100869654298986,
        "balance_augment_mean": 0.7122799506778722,
        "balance_augment_std": 0.005246706962746582
    },
    "7": {
        "imbalance_base_mean": 0.16405135520684735,
        "imbalance_base_std": 0.020940812451627964,
        "balance_base_mean": 0.7060997488338716,
        "balance_base_std": 0.009732683343832161,
        "balance_augment_mean": 0.7073376390383925,
        "balance_augment_std": 0.005541708003229955
    },
    "8": {
        "imbalance_base_mean": 0.13574893009985733,
        "imbalance_base_std": 0.009796287290290221,
        "balance_base_mean": 0.7104537471969665,
        "balance_base_std": 0.0029710251106288437,
        "balance_augment_mean": 0.7059262768294001,
        "balance_augment_std": 0.006299366419059556
    },
    "9": {
        "imbalance_base_mean": 0.11937232524964336,
        "imbalance_base_std": 0.006168433887032282,
        "balance_base_mean": 0.7061789426863156,
        "balance_base_std": 0.00534894651158509,
        "balance_augment_mean": 0.7108360243989953,
        "balance_augment_std": 0.006790070561120284
    }
}