{
    "0": {
        "imbalance_base_mean": 0.6587731811697575,
        "imbalance_base_std": 0.0,
        "balance_base_mean": 0.6587731811697575,
        "balance_base_std": 0.0,
        "balance_augment_mean": 0.6552353780313838,
        "balance_augment_std": 0.014310456458241139
    },
    "1": {
        "imbalance_base_mean": 0.4153495007132667,
        "imbalance_base_std": 0.024751996887029195,
        "balance_base_mean": 0.6392011412268188,
        "balance_base_std": 0.03145399993670909,
        "balance_augment_mean": 0.645249643366619,
        "balance_augment_std": 0.024000789566194964
    },
    "2": {
        "imbalance_base_mean": 0.3323252496433666,
        "imbalance_base_std": 0.02634133454950199,
        "balance_base_mean": 0.6466191155492155,
        "balance_base_std": 0.008925313078578486,
        "balance_augment_mean": 0.6508987161198287,
        "balance_augment_std": 0.015535572284232212
    },
    "3": {
        "imbalance_base_mean": 0.2699001426533524,
        "imbalance_base_std": 0.013943297987918674,
        "balance_base_mean": 0.6406847360912982,
        "balance_base_std": 0.00870180772186396,
        "balance_augment_mean": 0.6468473609129815,
        "balance_augment_std": 0.008903032177959284
    },
    "4": {
        "imbalance_base_mean": 0.23503566333808842,
        "imbalance_base_std": 0.016428712203055508,
        "balance_base_mean": 0.6461055634807418,
        "balance_base_std": 0.008191035743950572,
        "balance_augment_mean": 0.6459914407988588,
        "balance_augment_std": 0.014225793986408056
    },
    "5": {
        "imbalance_base_mean": 0.20085592011412268,
        "imbalance_base_std": 0.023706223198677302,
        "balance_base_mean": 0.6418259629101284,
        "balance_base_std": 0.013893704193222146,
        "balance_augment_mean": 0.6515263908701855,
        "balance_augment_std": 0.004738496888337067
    },
    "6": {
        "imbalance_base_mean": 0.18647646219686162,
        "imbalance_base_std": 0.02394714309605719,
        "balance_base_mean": 0.6455349500713267,
        "balance_base_std": 0.008579339124825574,
        "balance_augment_mean": 0.6464479315263909,
        "balance_augment_std": 0.004108416547788858
    },
    "7": {
        "imbalance_base_mean": 0.16405135520684735,
        "imbalance_base_std": 0.020940812451627964,
        "balance_base_mean": 0.6480456490727532,
        "balance_base_std": 0.004093330997879834,
        "balance_augment_mean": 0.647360912981455,
        "balance_augment_std": 0.006698330654872116
    },
    "8": {
        "imbalance_base_mean": 0.13574893009985733,
        "imbalance_base_std": 0.009796287290290221,
        "balance_base_mean": 0.6481027104136947,
        "balance_base_std": 0.004302742943568351,
        "balance_augment_mean": 0.6454778887303851,
        "balance_augment_std": 0.006355619103778889
    },
    "9": {
        "imbalance_base_mean": 0.11937232524964336,
        "imbalance_base_std": 0.006168433887032282,
        "balance_base_mean": 0.6490156918687588,
        "balance_base_std": 0.006881512550838857,
        "balance_augment_mean": 0.6454778887303851,
        "balance_augment_std": 0.00823859853068995
    }
}