{
    "0": {
        "imbalance_base_mean": 0.735432364549695,
        "imbalance_base_std": 0.012278732325712374,
        "balance_base_mean": 0.735432364549695,
        "balance_base_std": 0.012278732325712374,
        "balance_augment_mean": 0.7339253677789739,
        "balance_augment_std": 0.002391804196519242
    },
    "1": {
        "imbalance_base_mean": 0.5749500713266762,
        "imbalance_base_std": 0.014303401422464246,
        "balance_base_mean": 0.6830813124108417,
        "balance_base_std": 0.01256308802184908,
        "balance_augment_mean": 0.6778316690442225,
        "balance_augment_std": 0.022448688656987313
    },
    "2": {
        "imbalance_base_mean": 0.4406276747503566,
        "imbalance_base_std": 0.02744324245618288,
        "balance_base_mean": 0.5832810271041369,
        "balance_base_std": 0.02944033421907871,
        "balance_augment_mean": 0.585962910128388,
        "balance_augment_std": 0.013275072941587673
    },
    "3": {
        "imbalance_base_mean": 0.3684450784593438,
        "imbalance_base_std": 0.019424002303925908,
        "balance_base_mean": 0.5229101283880171,
        "balance_base_std": 0.015320093377001813,
        "balance_augment_mean": 0.5238801711840229,
        "balance_augment_std": 0.019403708777407682
    },
    "4": {
        "imbalance_base_mean": 0.3192011412268188,
        "imbalance_base_std": 0.011830289901172715,
        "balance_base_mean": 0.48034236804564906,
        "balance_base_std": 0.009615470883254491,
        "balance_augment_mean": 0.47360912981455067,
        "balance_augment_std": 0.014822774794057107
    },
    "5": {
        "imbalance_base_mean": 0.2857061340941512,
        "imbalance_base_std": 0.02210977860694695,
        "balance_base_mean": 0.4312696148359486,
        "balance_base_std": 0.01916411740421105,
        "balance_augment_mean": 0.4374893009985734,
        "balance_augment_std": 0.01069135247264379
    },
    "6": {
        "imbalance_base_mean": 0.26670470756062764,
        "imbalance_base_std": 0.01776927171275844,
        "balance_base_mean": 0.41495007132667616,
        "balance_base_std": 0.011455836947623359,
        "balance_augment_mean": 0.41015691868758913,
        "balance_augment_std": 0.00909515532483556
    },
    "7": {
        "imbalance_base_mean": 0.2464479315263909,
        "imbalance_base_std": 0.013300801513321782,
        "balance_base_mean": 0.3872182596291013,
        "balance_base_std": 0.006181089261362459,
        "balance_augment_mean": 0.3918972895863053,
        "balance_augment_std": 0.007590659810928793
    },
    "8": {
        "imbalance_base_mean": 0.2362339514978602,
        "imbalance_base_std": 0.008360995613384428,
        "balance_base_mean": 0.36690442225392295,
        "balance_base_std": 0.005711837378027829,
        "balance_augment_mean": 0.3726676176890157,
        "balance_augment_std": 0.004399277664455665
    },
    "9": {
        "imbalance_base_mean": 0.2202567760342368,
        "imbalance_base_std": 0.007972267821545443,
        "balance_base_mean": 0.3590870185449358,
        "balance_base_std": 0.0021243378566603447,
        "balance_augment_mean": 0.3596576319543509,
        "balance_augment_std": 0.007928446943734934
    }
}