{
    "0": {
        "balance_augment_mean": 0.7279885877318117,
        "balance_augment_std": 0.004332906249716318
    },
    "1": {
        "balance_augment_mean": 0.7342082738944364,
        "balance_augment_std": 0.004295169019471333
    },
    "2": {
        "balance_augment_mean": 0.7394579172610556,
        "balance_augment_std": 0.008412242908842153
    },
    "3": {
        "balance_augment_mean": 0.7392296718972895,
        "balance_augment_std": 0.01145356294890162
    },
    "4": {
        "balance_augment_mean": 0.745962910128388,
        "balance_augment_std": 0.013124852673804777
    },
    "5": {
        "balance_augment_mean": 0.7515549215406562,
        "balance_augment_std": 0.012987441989197624
    },
    "6": {
        "balance_augment_mean": 0.7546932952924394,
        "balance_augment_std": 0.00924217591222762
    },
    "7": {
        "balance_augment_mean": 0.7570328102710413,
        "balance_augment_std": 0.007164777935795766
    },
    "8": {
        "balance_augment_mean": 0.7592011412268188,
        "balance_augment_std": 0.0069769011472967145
    },
    "9": {
        "balance_augment_mean": 0.7628530670470756,
        "balance_augment_std": 0.006541927827887726
    },
    "10": {
        "train_all_augment": 0.6065620542082739
    }
}