{
    "0": {
        "balance_augment_mean": 0.5782596291012838,
        "balance_augment_std": 0.006321716747621156
    },
    "1": {
        "balance_augment_mean": 0.5840798858773182,
        "balance_augment_std": 0.013795869925907603
    },
    "2": {
        "balance_augment_mean": 0.5864764621968617,
        "balance_augment_std": 0.011159249397367333
    },
    "3": {
        "balance_augment_mean": 0.5892154065620543,
        "balance_augment_std": 0.012806934615348481
    },
    "4": {
        "balance_augment_mean": 0.5845934379457918,
        "balance_augment_std": 0.01195567865321367
    },
    "5": {
        "balance_augment_mean": 0.5810556348074181,
        "balance_augment_std": 0.010528706533400043
    },
    "6": {
        "balance_augment_mean": 0.5889300998573467,
        "balance_augment_std": 0.00941667734514699
    },
    "7": {
        "balance_augment_mean": 0.5840228245363767,
        "balance_augment_std": 0.004066996788862863
    },
    "8": {
        "balance_augment_mean": 0.5815121255349501,
        "balance_augment_std": 0.010330151671347597
    },
    "9": {
        "balance_augment_mean": 0.5859058487874466,
        "balance_augment_std": 0.006335093879487204
    },
    "10": {
        "train_all_augment": 0.6530670470756063
    }
}