{
    "0": {
        "imbalance_base_mean": 0.7815250267826934,
        "imbalance_base_std": 0.003223658282031309,
        "balance_base_mean": 0.7815250267826934,
        "balance_base_std": 0.003223658282031309,
        "balance_augment_mean": 0.772200329428409,
        "balance_augment_std": 0.005496149576929051
    },
    "1": {
        "imbalance_base_mean": 0.7334204967325881,
        "imbalance_base_std": 0.00504193801127444,
        "balance_base_mean": 0.7429831441781616,
        "balance_base_std": 0.00348584090010849,
        "balance_augment_mean": 0.7428325391938422,
        "balance_augment_std": 0.006186248678481367
    },
    "2": {
        "imbalance_base_mean": 0.6902456637117409,
        "imbalance_base_std": 0.011024806655516627,
        "balance_base_mean": 0.7169517916636595,
        "balance_base_std": 0.006930407616221739,
        "balance_augment_mean": 0.7107578772853584,
        "balance_augment_std": 0.006270764184848707
    },
    "3": {
        "imbalance_base_mean": 0.6641113085156425,
        "imbalance_base_std": 0.008607272555167647,
        "balance_base_mean": 0.6962920570183453,
        "balance_base_std": 0.007877980086958619,
        "balance_augment_mean": 0.6870819916393976,
        "balance_augment_std": 0.0052630466694770055
    },
    "4": {
        "imbalance_base_mean": 0.6454814461067715,
        "imbalance_base_std": 0.004636207237922079,
        "balance_base_mean": 0.678438734044911,
        "balance_base_std": 0.0047941051012870325,
        "balance_augment_mean": 0.6685356840681235,
        "balance_augment_std": 0.007847872057606045
    },
    "5": {
        "imbalance_base_mean": 0.6324924642483674,
        "imbalance_base_std": 0.010123610707587735,
        "balance_base_mean": 0.6643672988559579,
        "balance_base_std": 0.00653842282639767,
        "balance_augment_mean": 0.6541354705231698,
        "balance_augment_std": 0.01000424101372966
    },
    "6": {
        "imbalance_base_mean": 0.6245435988466935,
        "imbalance_base_std": 0.007893921160676916,
        "balance_base_mean": 0.651776366941071,
        "balance_base_std": 0.0030144640821178196,
        "balance_augment_mean": 0.6424684993041362,
        "balance_augment_std": 0.0037348306591886665
    },
    "7": {
        "imbalance_base_mean": 0.6152225305281757,
        "imbalance_base_std": 0.005932075148175052,
        "balance_base_mean": 0.6381814000912123,
        "balance_base_std": 0.0044657036043492145,
        "balance_augment_mean": 0.6328067750873092,
        "balance_augment_std": 0.0027569163028309204
    },
    "8": {
        "imbalance_base_mean": 0.611317549842938,
        "imbalance_base_std": 0.0041200569586097155,
        "balance_base_mean": 0.6313282808351594,
        "balance_base_std": 0.004692572071840324,
        "balance_augment_mean": 0.6254190435827234,
        "balance_augment_std": 0.0035985207859175338
    },
    "9": {
        "imbalance_base_mean": 0.6038851156812735,
        "imbalance_base_std": 0.0043467897328129225,
        "balance_base_mean": 0.6242565160130564,
        "balance_base_std": 0.005245439317643546,
        "balance_augment_mean": 0.6201013596343734,
        "balance_augment_std": 0.0029236019334998578
    }
}