{
    "0": {
        "imbalance_base_mean": 0.735432364549695,
        "imbalance_base_std": 0.012278732325712374,
        "balance_base_mean": 0.735432364549695,
        "balance_base_std": 0.012278732325712374,
        "balance_augment_mean": 0.7240940078937925,
        "balance_augment_std": 0.005319997768938583
    },
    "1": {
        "imbalance_base_mean": 0.5749500713266762,
        "imbalance_base_std": 0.014303401422464246,
        "balance_base_mean": 0.6830813124108417,
        "balance_base_std": 0.01256308802184908,
        "balance_augment_mean": 0.6768045649072754,
        "balance_augment_std": 0.017280638730319223
    },
    "2": {
        "imbalance_base_mean": 0.4406276747503566,
        "imbalance_base_std": 0.02744324245618288,
        "balance_base_mean": 0.5832810271041369,
        "balance_base_std": 0.02944033421907871,
        "balance_augment_mean": 0.5881312410841655,
        "balance_augment_std": 0.014449707259947141
    },
    "3": {
        "imbalance_base_mean": 0.3684450784593438,
        "imbalance_base_std": 0.019424002303925908,
        "balance_base_mean": 0.5229101283880171,
        "balance_base_std": 0.015320093377001813,
        "balance_augment_mean": 0.5223395149786019,
        "balance_augment_std": 0.010342751726859183
    },
    "4": {
        "imbalance_base_mean": 0.3192011412268188,
        "imbalance_base_std": 0.011830289901172715,
        "balance_base_mean": 0.48034236804564906,
        "balance_base_std": 0.009615470883254491,
        "balance_augment_mean": 0.4720114122681883,
        "balance_augment_std": 0.015917557405690883
    },
    "5": {
        "imbalance_base_mean": 0.2857061340941512,
        "imbalance_base_std": 0.02210977860694695,
        "balance_base_mean": 0.4312696148359486,
        "balance_base_std": 0.01916411740421105,
        "balance_augment_mean": 0.4437089871611983,
        "balance_augment_std": 0.013622491399619172
    },
    "6": {
        "imbalance_base_mean": 0.26670470756062764,
        "imbalance_base_std": 0.01776927171275844,
        "balance_base_mean": 0.41495007132667616,
        "balance_base_std": 0.011455836947623359,
        "balance_augment_mean": 0.409700427960057,
        "balance_augment_std": 0.007798847161549742
    },
    "7": {
        "imbalance_base_mean": 0.2464479315263909,
        "imbalance_base_std": 0.013300801513321782,
        "balance_base_mean": 0.3872182596291013,
        "balance_base_std": 0.006181089261362459,
        "balance_augment_mean": 0.3844222539229672,
        "balance_augment_std": 0.006522488173093778
    },
    "8": {
        "imbalance_base_mean": 0.2362339514978602,
        "imbalance_base_std": 0.008360995613384428,
        "balance_base_mean": 0.36690442225392295,
        "balance_base_std": 0.005711837378027829,
        "balance_augment_mean": 0.374379457917261,
        "balance_augment_std": 0.0036776908517710686
    },
    "9": {
        "imbalance_base_mean": 0.2202567760342368,
        "imbalance_base_std": 0.007972267821545443,
        "balance_base_mean": 0.3590870185449358,
        "balance_base_std": 0.0021243378566603447,
        "balance_augment_mean": 0.35960057061340944,
        "balance_augment_std": 0.01094566818422156
    }
}