{
    "0": {
        "imbalance_base_mean": 0.74240917301492,
        "imbalance_base_std": 0.0,
        "balance_base_mean": 0.74240917301492,
        "balance_base_std": 0.0,
        "balance_augment_mean": 0.7352682492128985,
        "balance_augment_std": 0.0144213540337483
    },
    "1": {
        "imbalance_base_mean": 0.7171083725284552,
        "imbalance_base_std": 0.004329243218239475,
        "balance_base_mean": 0.7366524729908118,
        "balance_base_std": 0.002540921596892247,
        "balance_augment_mean": 0.7376592105081314,
        "balance_augment_std": 0.0107553610780452
    },
    "2": {
        "imbalance_base_mean": 0.6940720263788418,
        "imbalance_base_std": 0.008893736329480763,
        "balance_base_mean": 0.7307938605313952,
        "balance_base_std": 0.005731063530440982,
        "balance_augment_mean": 0.7332821838912783,
        "balance_augment_std": 0.011005824556601996
    },
    "3": {
        "imbalance_base_mean": 0.6726684852793718,
        "imbalance_base_std": 0.0071887243425913915,
        "balance_base_mean": 0.722887780898373,
        "balance_base_std": 0.005927493308152658,
        "balance_augment_mean": 0.7322143465150763,
        "balance_augment_std": 0.009559318904863416
    },
    "4": {
        "imbalance_base_mean": 0.6570339261099655,
        "imbalance_base_std": 0.005092837677406505,
        "balance_base_mean": 0.7222590312573098,
        "balance_base_std": 0.01000883668741247,
        "balance_augment_mean": 0.7340770041465189,
        "balance_augment_std": 0.0047104017363366266
    },
    "5": {
        "imbalance_base_mean": 0.6513606171305844,
        "imbalance_base_std": 0.006084804704993997,
        "balance_base_mean": 0.7159240272367068,
        "balance_base_std": 0.012945642490740976,
        "balance_augment_mean": 0.7276828094776697,
        "balance_augment_std": 0.007818682809723757
    },
    "6": {
        "imbalance_base_mean": 0.645592385064752,
        "imbalance_base_std": 0.006353660428882531,
        "balance_base_mean": 0.7138324102069574,
        "balance_base_std": 0.008582657617754024,
        "balance_augment_mean": 0.7293048912133827,
        "balance_augment_std": 0.008240533142803862
    },
    "7": {
        "imbalance_base_mean": 0.6352124137592152,
        "imbalance_base_std": 0.0027635763272033783,
        "balance_base_mean": 0.7135201646937304,
        "balance_base_std": 0.007294871253871148,
        "balance_augment_mean": 0.7268272860494029,
        "balance_augment_std": 0.00591421936119264
    },
    "8": {
        "imbalance_base_mean": 0.6284516071407549,
        "imbalance_base_std": 0.0037866813401000433,
        "balance_base_mean": 0.7134361645442693,
        "balance_base_std": 0.0036769511116300168,
        "balance_augment_mean": 0.7223191713923469,
        "balance_augment_std": 0.005301973500935453
    },
    "9": {
        "imbalance_base_mean": 0.6256544625623246,
        "imbalance_base_std": 0.005356780986969794,
        "balance_base_mean": 0.7071190369798235,
        "balance_base_std": 0.0055747703158945654,
        "balance_augment_mean": 0.7206849433916487,
        "balance_augment_std": 0.006608142496848206
    }
}