{
    "0": {
        "imbalance_base_mean": 0.8276176890156919,
        "imbalance_base_std": 0.014813326327504915,
        "balance_base_mean": 0.8276176890156919,
        "balance_base_std": 0.014813326327504915,
        "balance_augment_mean": 0.8054778887303853,
        "balance_augment_std": 0.012082191560779441
    },
    "1": {
        "imbalance_base_mean": 0.5749500713266762,
        "imbalance_base_std": 0.014303401422464246,
        "balance_base_mean": 0.6826248216833095,
        "balance_base_std": 0.005676384646137941,
        "balance_augment_mean": 0.6675606276747503,
        "balance_augment_std": 0.014230370845797534
    },
    "2": {
        "imbalance_base_mean": 0.4406276747503566,
        "imbalance_base_std": 0.02744324245618288,
        "balance_base_mean": 0.5857917261055635,
        "balance_base_std": 0.021497363226419014,
        "balance_augment_mean": 0.5705563480741798,
        "balance_augment_std": 0.023357124381017162
    },
    "3": {
        "imbalance_base_mean": 0.3684450784593438,
        "imbalance_base_std": 0.019424002303925908,
        "balance_base_mean": 0.5157774607703282,
        "balance_base_std": 0.01821624660994278,
        "balance_augment_mean": 0.5049358059914407,
        "balance_augment_std": 0.010029494498157078
    },
    "4": {
        "imbalance_base_mean": 0.3192011412268188,
        "imbalance_base_std": 0.011830289901172715,
        "balance_base_mean": 0.4664764621968616,
        "balance_base_std": 0.015273904495662391,
        "balance_augment_mean": 0.4622539229671897,
        "balance_augment_std": 0.010358480243088417
    },
    "5": {
        "imbalance_base_mean": 0.2857061340941512,
        "imbalance_base_std": 0.02210977860694695,
        "balance_base_mean": 0.4293295292439373,
        "balance_base_std": 0.015945965032779178,
        "balance_augment_mean": 0.41300998573466474,
        "balance_augment_std": 0.012621524912684198
    },
    "6": {
        "imbalance_base_mean": 0.26670470756062764,
        "imbalance_base_std": 0.01776927171275844,
        "balance_base_mean": 0.3981169757489301,
        "balance_base_std": 0.00825833551103919,
        "balance_augment_mean": 0.38322396576319545,
        "balance_augment_std": 0.006045271389739923
    },
    "7": {
        "imbalance_base_mean": 0.2464479315263909,
        "imbalance_base_std": 0.013300801513321782,
        "balance_base_mean": 0.364564907275321,
        "balance_base_std": 0.0033583883525391545,
        "balance_augment_mean": 0.36159771754636233,
        "balance_augment_std": 0.006306762626943493
    },
    "8": {
        "imbalance_base_mean": 0.2362339514978602,
        "imbalance_base_std": 0.008360995613384428,
        "balance_base_mean": 0.33934379457917263,
        "balance_base_std": 0.007339871949884392,
        "balance_augment_mean": 0.3428245363766048,
        "balance_augment_std": 0.0030494468966362114
    },
    "9": {
        "imbalance_base_mean": 0.2202567760342368,
        "imbalance_base_std": 0.007972267821545443,
        "balance_base_mean": 0.3322111269614836,
        "balance_base_std": 0.008617207154569968,
        "balance_augment_mean": 0.3238801711840228,
        "balance_augment_std": 0.009252738804827649
    }
}