{
    "0": {
        "imbalance_base_mean": 0.7253318980983136,
        "imbalance_base_std": 0.0,
        "balance_base_mean": 0.7253318980983136,
        "balance_base_std": 0.0,
        "balance_augment_mean": 0.7244348762109796,
        "balance_augment_std": 0.012483889410795099
    },
    "1": {
        "imbalance_base_mean": 0.5887018544935806,
        "imbalance_base_std": 0.016516868154853794,
        "balance_base_mean": 0.6275035663338089,
        "balance_base_std": 0.016480358457621847,
        "balance_augment_mean": 0.6402853067047075,
        "balance_augment_std": 0.02297553476307289
    },
    "2": {
        "imbalance_base_mean": 0.4866191155492154,
        "imbalance_base_std": 0.02073816700858404,
        "balance_base_mean": 0.5336947218259629,
        "balance_base_std": 0.021439882934452304,
        "balance_augment_mean": 0.5479029957203994,
        "balance_augment_std": 0.02246985477109996
    },
    "3": {
        "imbalance_base_mean": 0.41740370898716117,
        "imbalance_base_std": 0.017753322894269948,
        "balance_base_mean": 0.4891868758915835,
        "balance_base_std": 0.016382270240353276,
        "balance_augment_mean": 0.49820256776034233,
        "balance_augment_std": 0.01625837723801027
    },
    "4": {
        "imbalance_base_mean": 0.36781740370898713,
        "imbalance_base_std": 0.014509073234318976,
        "balance_base_mean": 0.4483309557774608,
        "balance_base_std": 0.011116861431624069,
        "balance_augment_mean": 0.45398002853067043,
        "balance_augment_std": 0.013046224275202899
    },
    "5": {
        "imbalance_base_mean": 0.3468188302425107,
        "imbalance_base_std": 0.01463776329350362,
        "balance_base_mean": 0.4286447931526391,
        "balance_base_std": 0.017867217063360585,
        "balance_augment_mean": 0.42807417974322404,
        "balance_augment_std": 0.010688306589993838
    },
    "6": {
        "imbalance_base_mean": 0.3275320970042796,
        "imbalance_base_std": 0.013788315460136497,
        "balance_base_mean": 0.40912981455064196,
        "balance_base_std": 0.012203658707870732,
        "balance_augment_mean": 0.40998573466476457,
        "balance_augment_std": 0.013797757896072916
    },
    "7": {
        "imbalance_base_mean": 0.30094151212553494,
        "imbalance_base_std": 0.006324291470469575,
        "balance_base_mean": 0.3945791726105564,
        "balance_base_std": 0.014188667014049944,
        "balance_augment_mean": 0.38624821683309557,
        "balance_augment_std": 0.011991573506810552
    },
    "8": {
        "imbalance_base_mean": 0.2823965763195435,
        "imbalance_base_std": 0.00689096907934973,
        "balance_base_mean": 0.3750071326676177,
        "balance_base_std": 0.009286459322224579,
        "balance_augment_mean": 0.3784308131241084,
        "balance_augment_std": 0.009912262824814128
    },
    "9": {
        "imbalance_base_mean": 0.2742368045649073,
        "imbalance_base_std": 0.011010621168809652,
        "balance_base_mean": 0.36433666191155495,
        "balance_base_std": 0.007875705416172465,
        "balance_augment_mean": 0.3603994293865906,
        "balance_augment_std": 0.006264805134921931
    }
}