{
    "0": {
        "imbalance_base_mean": 0.74240917301492,
        "imbalance_base_std": 0.0,
        "balance_base_mean": 0.74240917301492,
        "balance_base_std": 0.0,
        "balance_augment_mean": 0.7258612996861832,
        "balance_augment_std": 0.012082675908815002
    },
    "1": {
        "imbalance_base_mean": 0.77444569933669,
        "imbalance_base_std": 0.0033895692991320783,
        "balance_base_mean": 0.7422247831919853,
        "balance_base_std": 0.005944098399433067,
        "balance_augment_mean": 0.7373972698799757,
        "balance_augment_std": 0.0059894412553626085
    },
    "2": {
        "imbalance_base_mean": 0.7813773572737087,
        "imbalance_base_std": 0.002211490002198267,
        "balance_base_mean": 0.7407664149886856,
        "balance_base_std": 0.005272078134507678,
        "balance_augment_mean": 0.7425749749064204,
        "balance_augment_std": 0.007608933650846447
    },
    "3": {
        "imbalance_base_mean": 0.7821186095828041,
        "imbalance_base_std": 0.002531834099008238,
        "balance_base_mean": 0.7421591406402357,
        "balance_base_std": 0.0068712108931956156,
        "balance_augment_mean": 0.7458060221519619,
        "balance_augment_std": 0.009827691000146943
    },
    "4": {
        "imbalance_base_mean": 0.7835266012416524,
        "imbalance_base_std": 0.002140170395367195,
        "balance_base_mean": 0.7446782442632827,
        "balance_base_std": 0.005701216337580274,
        "balance_augment_mean": 0.7475654442088215,
        "balance_augment_std": 0.007877161216953175
    },
    "5": {
        "imbalance_base_mean": 0.7804281827129935,
        "imbalance_base_std": 0.001733005952263273,
        "balance_base_mean": 0.7460704529435882,
        "balance_base_std": 0.005457956748010755,
        "balance_augment_mean": 0.7513624853930032,
        "balance_augment_std": 0.004565490938708704
    },
    "6": {
        "imbalance_base_mean": 0.7755598440282399,
        "imbalance_base_std": 0.0025182677263088414,
        "balance_base_mean": 0.7476984133077613,
        "balance_base_std": 0.00261550335616774,
        "balance_augment_mean": 0.7541425033795076,
        "balance_augment_std": 0.0034867339222319923
    },
    "7": {
        "imbalance_base_mean": 0.7729010583578638,
        "imbalance_base_std": 0.003738877486224289,
        "balance_base_mean": 0.748551362116859,
        "balance_base_std": 0.001163503140118687,
        "balance_augment_mean": 0.7554634032984813,
        "balance_augment_std": 0.00542447848141413
    },
    "8": {
        "imbalance_base_mean": 0.769113376400621,
        "imbalance_base_std": 0.0010883619552804352,
        "balance_base_mean": 0.7505852882268245,
        "balance_base_std": 0.0035904151202810278,
        "balance_augment_mean": 0.7554015100678871,
        "balance_augment_std": 0.0037773786506732645
    },
    "9": {
        "imbalance_base_mean": 0.7671095369933874,
        "imbalance_base_std": 0.0028558545224109553,
        "balance_base_mean": 0.7513266045175097,
        "balance_base_std": 0.0035739922783271645,
        "balance_augment_mean": 0.7549041581379207,
        "balance_augment_std": 0.004475554762484633
    }
}