{
    "0": {
        "imbalance_base_mean": 0.74240917301492,
        "imbalance_base_std": 0.0,
        "balance_base_mean": 0.74240917301492,
        "balance_base_std": 0.0,
        "balance_augment_mean": 0.742504421127847,
        "balance_augment_std": 0.0037914836295069314
    },
    "1": {
        "imbalance_base_mean": 0.77444569933669,
        "imbalance_base_std": 0.0033895692991320783,
        "balance_base_mean": 0.7705582419292345,
        "balance_base_std": 0.0032646632354743563,
        "balance_augment_mean": 0.7641548287929438,
        "balance_augment_std": 0.004753585900463029
    },
    "2": {
        "imbalance_base_mean": 0.7813773572737087,
        "imbalance_base_std": 0.002211490002198267,
        "balance_base_mean": 0.7796240339419774,
        "balance_base_std": 0.003134149319104917,
        "balance_augment_mean": 0.7775421932991312,
        "balance_augment_std": 0.0026846219270542783
    },
    "3": {
        "imbalance_base_mean": 0.7821186095828041,
        "imbalance_base_std": 0.002531834099008238,
        "balance_base_mean": 0.7813308017097927,
        "balance_base_std": 0.0015787627975907097,
        "balance_augment_mean": 0.7793700449457871,
        "balance_augment_std": 0.003476991722290286
    },
    "4": {
        "imbalance_base_mean": 0.7835266012416524,
        "imbalance_base_std": 0.002140170395367195,
        "balance_base_mean": 0.7836918861619082,
        "balance_base_std": 0.0014668584943389284,
        "balance_augment_mean": 0.7814895630671648,
        "balance_augment_std": 0.002260228635571054
    },
    "5": {
        "imbalance_base_mean": 0.7804281827129935,
        "imbalance_base_std": 0.001733005952263273,
        "balance_base_mean": 0.786185394589819,
        "balance_base_std": 0.000992069565120741,
        "balance_augment_mean": 0.783137741613677,
        "balance_augment_std": 0.0025356358828720147
    },
    "6": {
        "imbalance_base_mean": 0.7755598440282399,
        "imbalance_base_std": 0.0025182677263088414,
        "balance_base_mean": 0.7835926123273586,
        "balance_base_std": 0.0010271046721867338,
        "balance_augment_mean": 0.7830099371086566,
        "balance_augment_std": 0.0006815939231308099
    },
    "7": {
        "imbalance_base_mean": 0.7729010583578638,
        "imbalance_base_std": 0.003738877486224289,
        "balance_base_mean": 0.7840624521737617,
        "balance_base_std": 0.00259086691736827,
        "balance_augment_mean": 0.7808172419635284,
        "balance_augment_std": 0.001823818335907205
    },
    "8": {
        "imbalance_base_mean": 0.769113376400621,
        "imbalance_base_std": 0.0010883619552804352,
        "balance_base_mean": 0.7820360810099058,
        "balance_base_std": 0.0009439064161609157,
        "balance_augment_mean": 0.7813209818154085,
        "balance_augment_std": 0.0013394160885415779
    },
    "9": {
        "imbalance_base_mean": 0.7671095369933874,
        "imbalance_base_std": 0.0028558545224109553,
        "balance_base_mean": 0.7844122267282323,
        "balance_base_std": 0.0021701340979499058,
        "balance_augment_mean": 0.7812792504633548,
        "balance_augment_std": 0.001063816003728758
    }
}