{
    "0": {
        "balance_augment_mean": 0.7581644372921559,
        "balance_augment_std": 0.0024039102430783023
    },
    "1": {
        "balance_augment_mean": 0.759555507100165,
        "balance_augment_std": 0.0024920212155325853
    },
    "2": {
        "balance_augment_mean": 0.7623602706062946,
        "balance_augment_std": 0.0014481972515610984
    },
    "3": {
        "balance_augment_mean": 0.7641946023083535,
        "balance_augment_std": 0.0033681365406643764
    },
    "4": {
        "balance_augment_mean": 0.765434168830524,
        "balance_augment_std": 0.004377833111322624
    },
    "5": {
        "balance_augment_mean": 0.7641792364897755,
        "balance_augment_std": 0.0020846764493305915
    },
    "6": {
        "balance_augment_mean": 0.7659511375158866,
        "balance_augment_std": 0.0037711947947269547
    },
    "7": {
        "balance_augment_mean": 0.7661812716161801,
        "balance_augment_std": 0.0028713702939881457
    },
    "8": {
        "balance_augment_mean": 0.7650563933731453,
        "balance_augment_std": 0.0029674547605947825
    },
    "9": {
        "balance_augment_mean": 0.7654662927070713,
        "balance_augment_std": 0.0023658478187005465
    },
    "10": {
        "train_all_augment": 0.7694633019516433
    }
}