{
    "0": {
        "imbalance_base_mean": 0.7815250267826934,
        "imbalance_base_std": 0.003223658282031309,
        "balance_base_mean": 0.7815250267826934,
        "balance_base_std": 0.003223658282031309,
        "balance_augment_mean": 0.7753091795154494,
        "balance_augment_std": 0.007761128523948504
    },
    "1": {
        "imbalance_base_mean": 0.7938774839572562,
        "imbalance_base_std": 0.0018093586027433108,
        "balance_base_mean": 0.7604744260467516,
        "balance_base_std": 0.004900045626613998,
        "balance_augment_mean": 0.7711485974979616,
        "balance_augment_std": 0.00476455564949918
    },
    "2": {
        "imbalance_base_mean": 0.7945842348339319,
        "imbalance_base_std": 0.001180068765282936,
        "balance_base_mean": 0.7633908015971851,
        "balance_base_std": 0.004587313771616257,
        "balance_augment_mean": 0.7702939083896243,
        "balance_augment_std": 0.0030532066719373085
    },
    "3": {
        "imbalance_base_mean": 0.7917049430128775,
        "imbalance_base_std": 0.0017169920082320592,
        "balance_base_mean": 0.7591822768949171,
        "balance_base_std": 0.004088139730968768,
        "balance_augment_mean": 0.7711337486506282,
        "balance_augment_std": 0.0033611105282692058
    },
    "4": {
        "imbalance_base_mean": 0.7882800597025009,
        "imbalance_base_std": 0.0018659851039797876,
        "balance_base_mean": 0.7557240387022077,
        "balance_base_std": 0.004113688367953545,
        "balance_augment_mean": 0.7661806036483838,
        "balance_augment_std": 0.005694237879975256
    },
    "5": {
        "imbalance_base_mean": 0.7839037317646071,
        "imbalance_base_std": 0.0029686472509639506,
        "balance_base_mean": 0.7554601530337255,
        "balance_base_std": 0.0034550632727025138,
        "balance_augment_mean": 0.7646025668390075,
        "balance_augment_std": 0.004981140318722295
    },
    "6": {
        "imbalance_base_mean": 0.7760154927580517,
        "imbalance_base_std": 0.0033355230119137204,
        "balance_base_mean": 0.752645938167168,
        "balance_base_std": 0.005838449740600914,
        "balance_augment_mean": 0.7618226409859921,
        "balance_augment_std": 0.004369511852014706
    },
    "7": {
        "imbalance_base_mean": 0.7704911892232481,
        "imbalance_base_std": 0.0021871474830159584,
        "balance_base_mean": 0.753702322838817,
        "balance_base_std": 0.00419705860119953,
        "balance_augment_mean": 0.7596428214959715,
        "balance_augment_std": 0.0014360104140341019
    },
    "8": {
        "imbalance_base_mean": 0.7649990735465814,
        "imbalance_base_std": 0.001362181378663043,
        "balance_base_mean": 0.7511385242364821,
        "balance_base_std": 0.002960631306407835,
        "balance_augment_mean": 0.7597155736819664,
        "balance_augment_std": 0.0035299445518920686
    },
    "9": {
        "imbalance_base_mean": 0.760707679889358,
        "imbalance_base_std": 0.002029923309113279,
        "balance_base_mean": 0.7498201426328783,
        "balance_base_std": 0.0027538473066962186,
        "balance_augment_mean": 0.759713083518496,
        "balance_augment_std": 0.002287339175446904
    }
}