{
    "0": {
        "imbalance_base_mean": 0.6736063876977673,
        "imbalance_base_std": 0.01643309663343417,
        "balance_base_mean": 0.6736063876977673,
        "balance_base_std": 0.01643309663343417,
        "balance_augment_mean": 0.7068707064553988,
        "balance_augment_std": 0.020639456141645692
    },
    "1": {
        "imbalance_base_mean": 0.617477450835428,
        "imbalance_base_std": 0.017579456602274876,
        "balance_base_mean": 0.7034252448133934,
        "balance_base_std": 0.028187064714035037,
        "balance_augment_mean": 0.7010211873663973,
        "balance_augment_std": 0.029369465549902985
    },
    "2": {
        "imbalance_base_mean": 0.570133918886686,
        "imbalance_base_std": 0.014090130251557802,
        "balance_base_mean": 0.7097830498768614,
        "balance_base_std": 0.028899324304199406,
        "balance_augment_mean": 0.7014176132231159,
        "balance_augment_std": 0.027997425253346104
    },
    "3": {
        "imbalance_base_mean": 0.539530679491566,
        "imbalance_base_std": 0.013964005840709073,
        "balance_base_mean": 0.7069748358739048,
        "balance_base_std": 0.02852460167834978,
        "balance_augment_mean": 0.7044594983616268,
        "balance_augment_std": 0.02363501758863893
    },
    "4": {
        "imbalance_base_mean": 0.5011571118505478,
        "imbalance_base_std": 0.022935302279473647,
        "balance_base_mean": 0.7113966858302334,
        "balance_base_std": 0.029061973434404295,
        "balance_augment_mean": 0.7073488096998374,
        "balance_augment_std": 0.016880636116368107
    },
    "5": {
        "imbalance_base_mean": 0.46054897245747856,
        "imbalance_base_std": 0.023207272088685508,
        "balance_base_mean": 0.7092229092121383,
        "balance_base_std": 0.021500143777868033,
        "balance_augment_mean": 0.7090362223263094,
        "balance_augment_std": 0.020897517876744563
    },
    "6": {
        "imbalance_base_mean": 0.39014598540145984,
        "imbalance_base_std": 0.03747590555618522,
        "balance_base_mean": 0.7044301657084884,
        "balance_base_std": 0.014501600042476992,
        "balance_augment_mean": 0.7098173185786552,
        "balance_augment_std": 0.016688866959577945
    },
    "7": {
        "imbalance_base_mean": 0.34160583941605843,
        "imbalance_base_std": 0.01550128509605495,
        "balance_base_mean": 0.7099086912411228,
        "balance_base_std": 0.009982687711867486,
        "balance_augment_mean": 0.7071248020843339,
        "balance_augment_std": 0.0182489212469691
    },
    "8": {
        "imbalance_base_mean": 0.3262773722627737,
        "imbalance_base_std": 0.008590220653970665,
        "balance_base_mean": 0.7145627473099833,
        "balance_base_std": 0.005429708827275675,
        "balance_augment_mean": 0.7085021440189265,
        "balance_augment_std": 0.012876718260097507
    },
    "9": {
        "imbalance_base_mean": 0.29562043795620435,
        "imbalance_base_std": 0.018999146109226824,
        "balance_base_mean": 0.7176192086574231,
        "balance_base_std": 0.002419823310111395,
        "balance_augment_mean": 0.7024397456749963,
        "balance_augment_std": 0.012957624440977249
    }
}