{
    "0": {
        "imbalance_base_mean": 0.6822416087535118,
        "imbalance_base_std": 0.0,
        "balance_base_mean": 0.6822416087535118,
        "balance_base_std": 0.0,
        "balance_augment_mean": 0.6731627975750406,
        "balance_augment_std": 0.008255809521887562
    },
    "1": {
        "imbalance_base_mean": 0.6355835908350611,
        "imbalance_base_std": 0.022472113619655842,
        "balance_base_mean": 0.6437971314505397,
        "balance_base_std": 0.023549952246917142,
        "balance_augment_mean": 0.6434126866775098,
        "balance_augment_std": 0.010744530522729777
    },
    "2": {
        "imbalance_base_mean": 0.5951472211938943,
        "imbalance_base_std": 0.01291224321624832,
        "balance_base_mean": 0.6180097589826999,
        "balance_base_std": 0.018849558922100437,
        "balance_augment_mean": 0.6150229188230075,
        "balance_augment_std": 0.009677813161576083
    },
    "3": {
        "imbalance_base_mean": 0.5581837520816897,
        "imbalance_base_std": 0.013731281570855522,
        "balance_base_mean": 0.5971314505397014,
        "balance_base_std": 0.00802101225063129,
        "balance_augment_mean": 0.591187342895165,
        "balance_augment_std": 0.008742414968397212
    },
    "4": {
        "imbalance_base_mean": 0.5367320143632539,
        "imbalance_base_std": 0.010727405369996413,
        "balance_base_mean": 0.5845897762730011,
        "balance_base_std": 0.008158549649980518,
        "balance_augment_mean": 0.57876681945882,
        "balance_augment_std": 0.01077695789849016
    },
    "5": {
        "imbalance_base_mean": 0.4972265364029914,
        "imbalance_base_std": 0.024818903402331522,
        "balance_base_mean": 0.5605950583412752,
        "balance_base_std": 0.0085703564954604,
        "balance_augment_mean": 0.5581482972507126,
        "balance_augment_std": 0.006187967367958222
    },
    "6": {
        "imbalance_base_mean": 0.4445255474452555,
        "imbalance_base_std": 0.01744968333997359,
        "balance_base_mean": 0.548436695588167,
        "balance_base_std": 0.008877684109586908,
        "balance_augment_mean": 0.5393525419009186,
        "balance_augment_std": 0.01709684997355134
    },
    "7": {
        "imbalance_base_mean": 0.4244525547445256,
        "imbalance_base_std": 0.0180868783844728,
        "balance_base_mean": 0.5299462727097096,
        "balance_base_std": 0.012427503568920884,
        "balance_augment_mean": 0.5309045784760574,
        "balance_augment_std": 0.011906535456157583
    },
    "8": {
        "imbalance_base_mean": 0.4014598540145986,
        "imbalance_base_std": 0.019138847594345833,
        "balance_base_mean": 0.5107329922042544,
        "balance_base_std": 0.017297590770691453,
        "balance_augment_mean": 0.5156265683501146,
        "balance_augment_std": 0.01227232183817487
    },
    "9": {
        "imbalance_base_mean": 0.38248175182481753,
        "imbalance_base_std": 0.023725434982693444,
        "balance_base_mean": 0.4912408759124087,
        "balance_base_std": 0.018335557207416746,
        "balance_augment_mean": 0.5047445255474453,
        "balance_augment_std": 0.002731136778667113
    }
}