{
    "0": {
        "imbalance_base_mean": 0.7000808855256753,
        "imbalance_base_std": 0.0,
        "balance_base_mean": 0.7000808855256753,
        "balance_base_std": 0.0,
        "balance_augment_mean": 0.6893301281116166,
        "balance_augment_std": 0.009226396205607319
    },
    "1": {
        "imbalance_base_mean": 0.7148182257444514,
        "imbalance_base_std": 0.00510140134013765,
        "balance_base_mean": 0.6936924005738893,
        "balance_base_std": 0.006743254024708409,
        "balance_augment_mean": 0.6961005498833744,
        "balance_augment_std": 0.00777640987298337
    },
    "2": {
        "imbalance_base_mean": 0.7269065208500646,
        "imbalance_base_std": 0.0063389455271989125,
        "balance_base_mean": 0.6956496204356173,
        "balance_base_std": 0.006164261603532914,
        "balance_augment_mean": 0.7008586994743784,
        "balance_augment_std": 0.005157699397986425
    },
    "3": {
        "imbalance_base_mean": 0.7360586470606603,
        "imbalance_base_std": 0.004214750784913955,
        "balance_base_mean": 0.695078710151626,
        "balance_base_std": 0.007441260785483064,
        "balance_augment_mean": 0.7027047961111478,
        "balance_augment_std": 0.008399087556485984
    },
    "4": {
        "imbalance_base_mean": 0.7407468519778246,
        "imbalance_base_std": 0.003029593546273668,
        "balance_base_mean": 0.6959851552474884,
        "balance_base_std": 0.0038136417956187193,
        "balance_augment_mean": 0.6986580322231759,
        "balance_augment_std": 0.008465681703086926
    },
    "5": {
        "imbalance_base_mean": 0.741283465570483,
        "imbalance_base_std": 0.0014094969384548328,
        "balance_base_mean": 0.6976678352264207,
        "balance_base_std": 0.007122141647972374,
        "balance_augment_mean": 0.6975602770556388,
        "balance_augment_std": 0.010518762343034126
    },
    "6": {
        "imbalance_base_mean": 0.7390404860143923,
        "imbalance_base_std": 0.004723010722012788,
        "balance_base_mean": 0.6992267645738545,
        "balance_base_std": 0.0061054037185215805,
        "balance_augment_mean": 0.7000948591048617,
        "balance_augment_std": 0.007633395198548544
    },
    "7": {
        "imbalance_base_mean": 0.7437661994986915,
        "imbalance_base_std": 0.002956845779311929,
        "balance_base_mean": 0.6992532862224092,
        "balance_base_std": 0.006094688573831593,
        "balance_augment_mean": 0.6977182040930814,
        "balance_augment_std": 0.00976139781446171
    },
    "8": {
        "imbalance_base_mean": 0.7410064559983253,
        "imbalance_base_std": 0.003410018753302499,
        "balance_base_mean": 0.6997527674596802,
        "balance_base_std": 0.0035305471368230214,
        "balance_augment_mean": 0.699296333035947,
        "balance_augment_std": 0.005375615367863056
    },
    "9": {
        "imbalance_base_mean": 0.740184704612356,
        "imbalance_base_std": 0.006551921362869606,
        "balance_base_mean": 0.6987631360601775,
        "balance_base_std": 0.0045930645659784455,
        "balance_augment_mean": 0.7057357754850189,
        "balance_augment_std": 0.001912368781814819
    }
}