{
    "0": {
        "imbalance_base_mean": 0.7559841334974695,
        "imbalance_base_std": 0.0,
        "balance_base_mean": 0.7559841334974695,
        "balance_base_std": 0.0,
        "balance_augment_mean": 0.7538230064286691,
        "balance_augment_std": 0.013923766935178298
    },
    "1": {
        "imbalance_base_mean": 0.7039255915743401,
        "imbalance_base_std": 0.030960172036661567,
        "balance_base_mean": 0.7862399124606757,
        "balance_base_std": 0.013475008280281947,
        "balance_augment_mean": 0.7744221036793871,
        "balance_augment_std": 0.010625065766462832
    },
    "2": {
        "imbalance_base_mean": 0.6475447955136097,
        "imbalance_base_std": 0.03316759236184266,
        "balance_base_mean": 0.7905074545205854,
        "balance_base_std": 0.007877684264926691,
        "balance_augment_mean": 0.7856654356449185,
        "balance_augment_std": 0.013663786877812015
    },
    "3": {
        "imbalance_base_mean": 0.6001914922719191,
        "imbalance_base_std": 0.02293718622879086,
        "balance_base_mean": 0.7995623033784709,
        "balance_base_std": 0.007439937347884069,
        "balance_augment_mean": 0.7901518260155929,
        "balance_augment_std": 0.010002514056046052
    },
    "4": {
        "imbalance_base_mean": 0.5650116263165094,
        "imbalance_base_std": 0.032511636514564096,
        "balance_base_mean": 0.8042675420599098,
        "balance_base_std": 0.006294267270962809,
        "balance_augment_mean": 0.7926959376282314,
        "balance_augment_std": 0.010536728007027688
    },
    "5": {
        "imbalance_base_mean": 0.526330187388866,
        "imbalance_base_std": 0.05223914793557163,
        "balance_base_mean": 0.8039392695937627,
        "balance_base_std": 0.010825044163547336,
        "balance_augment_mean": 0.7933524825605252,
        "balance_augment_std": 0.012922478511745644
    },
    "6": {
        "imbalance_base_mean": 0.4930105320749556,
        "imbalance_base_std": 0.04523423389958953,
        "balance_base_mean": 0.8087265763917385,
        "balance_base_std": 0.008566677984975717,
        "balance_augment_mean": 0.7969908357269867,
        "balance_augment_std": 0.010769179928402236
    },
    "7": {
        "imbalance_base_mean": 0.501162631650937,
        "imbalance_base_std": 0.026754569616829618,
        "balance_base_mean": 0.8101764464505539,
        "balance_base_std": 0.002916210197507616,
        "balance_augment_mean": 0.8011215975926687,
        "balance_augment_std": 0.009066783432732381
    },
    "8": {
        "imbalance_base_mean": 0.464396115442484,
        "imbalance_base_std": 0.03678674271520575,
        "balance_base_mean": 0.808753932430584,
        "balance_base_std": 0.004338671210596486,
        "balance_augment_mean": 0.8031459444672411,
        "balance_augment_std": 0.004696482964364284
    },
    "9": {
        "imbalance_base_mean": 0.45523184242921627,
        "imbalance_base_std": 0.032549938922881806,
        "balance_base_mean": 0.8106962111886199,
        "balance_base_std": 0.0016774405380118869,
        "balance_augment_mean": 0.8021611270688004,
        "balance_augment_std": 0.0072700185132935
    }
}