{
    "0": {
        "imbalance_base_mean": 0.7815250267826934,
        "imbalance_base_std": 0.003223658282031309,
        "balance_base_mean": 0.7815250267826934,
        "balance_base_std": 0.003223658282031309,
        "balance_augment_mean": 0.7624622316676112,
        "balance_augment_std": 0.00876782445038179
    },
    "1": {
        "imbalance_base_mean": 0.7938774839572562,
        "imbalance_base_std": 0.0018093586027433108,
        "balance_base_mean": 0.7630384421864915,
        "balance_base_std": 0.007685119576749795,
        "balance_augment_mean": 0.7639316993970887,
        "balance_augment_std": 0.00290763650811616
    },
    "2": {
        "imbalance_base_mean": 0.7945842348339319,
        "imbalance_base_std": 0.001180068765282936,
        "balance_base_mean": 0.7614300422739159,
        "balance_base_std": 0.006262925755874338,
        "balance_augment_mean": 0.7657034801378113,
        "balance_augment_std": 0.007568589873341368
    },
    "3": {
        "imbalance_base_mean": 0.7917049430128775,
        "imbalance_base_std": 0.0017169920082320592,
        "balance_base_mean": 0.759422453545527,
        "balance_base_std": 0.007502240153711147,
        "balance_augment_mean": 0.7665026997671582,
        "balance_augment_std": 0.0039470928012497524
    },
    "4": {
        "imbalance_base_mean": 0.7882800597025009,
        "imbalance_base_std": 0.0018659851039797876,
        "balance_base_mean": 0.7602124342333241,
        "balance_base_std": 0.005843502879469987,
        "balance_augment_mean": 0.7656817622270098,
        "balance_augment_std": 0.0016435698065845174
    },
    "5": {
        "imbalance_base_mean": 0.7839037317646071,
        "imbalance_base_std": 0.0029686472509639506,
        "balance_base_mean": 0.7586503569916777,
        "balance_base_std": 0.0033648094654916134,
        "balance_augment_mean": 0.7660319616192359,
        "balance_augment_std": 0.00248325585946734
    },
    "6": {
        "imbalance_base_mean": 0.7760154927580517,
        "imbalance_base_std": 0.0033355230119137204,
        "balance_base_mean": 0.7564318056065276,
        "balance_base_std": 0.0027204818759669802,
        "balance_augment_mean": 0.7654847501160627,
        "balance_augment_std": 0.0030411475498239343
    },
    "7": {
        "imbalance_base_mean": 0.7704911892232481,
        "imbalance_base_std": 0.0021871474830159584,
        "balance_base_mean": 0.7587983515271383,
        "balance_base_std": 0.0030266865186697827,
        "balance_augment_mean": 0.7643761641450243,
        "balance_augment_std": 0.0038161576514322273
    },
    "8": {
        "imbalance_base_mean": 0.7649990735465814,
        "imbalance_base_std": 0.001362181378663043,
        "balance_base_mean": 0.7591665195090104,
        "balance_base_std": 0.002358236672886038,
        "balance_augment_mean": 0.7641251183019594,
        "balance_augment_std": 0.0028521797483404892
    },
    "9": {
        "imbalance_base_mean": 0.760707679889358,
        "imbalance_base_std": 0.002029923309113279,
        "balance_base_mean": 0.7585323928551503,
        "balance_base_std": 0.0009757609211636463,
        "balance_augment_mean": 0.7644287544524788,
        "balance_augment_std": 0.0025160080932416515
    }
}