{
    "0": {
        "imbalance_base_mean": 0.7815250267826934,
        "imbalance_base_std": 0.003223658282031309,
        "balance_base_mean": 0.7815250267826934,
        "balance_base_std": 0.003223658282031309,
        "balance_augment_mean": 0.7669546401240321,
        "balance_augment_std": 0.0043346009125543586
    },
    "1": {
        "imbalance_base_mean": 0.7938774839572562,
        "imbalance_base_std": 0.0018093586027433108,
        "balance_base_mean": 0.7882679364708881,
        "balance_base_std": 0.0015956432008679968,
        "balance_augment_mean": 0.781261501970377,
        "balance_augment_std": 0.0010072897807640673
    },
    "2": {
        "imbalance_base_mean": 0.7945842348339319,
        "imbalance_base_std": 0.001180068765282936,
        "balance_base_mean": 0.7932746622155955,
        "balance_base_std": 0.0024907441913723013,
        "balance_augment_mean": 0.7906075000754982,
        "balance_augment_std": 0.0008360831458922235
    },
    "3": {
        "imbalance_base_mean": 0.7917049430128775,
        "imbalance_base_std": 0.0017169920082320592,
        "balance_base_mean": 0.7978014671746293,
        "balance_base_std": 0.002468920430142124,
        "balance_augment_mean": 0.7942881050035139,
        "balance_augment_std": 0.0011764729544473103
    },
    "4": {
        "imbalance_base_mean": 0.7882800597025009,
        "imbalance_base_std": 0.0018659851039797876,
        "balance_base_mean": 0.7989464151627154,
        "balance_base_std": 0.0010821930655138372,
        "balance_augment_mean": 0.7968759069390338,
        "balance_augment_std": 0.0006830156396808009
    },
    "5": {
        "imbalance_base_mean": 0.7839037317646071,
        "imbalance_base_std": 0.0029686472509639506,
        "balance_base_mean": 0.7979203296126759,
        "balance_base_std": 0.00214182797573506,
        "balance_augment_mean": 0.796495917718652,
        "balance_augment_std": 0.00202440940150605
    },
    "6": {
        "imbalance_base_mean": 0.7760154927580517,
        "imbalance_base_std": 0.0033355230119137204,
        "balance_base_mean": 0.796641309483044,
        "balance_base_std": 0.0017993379270375418,
        "balance_augment_mean": 0.7971780152091916,
        "balance_augment_std": 0.002079695554103581
    },
    "7": {
        "imbalance_base_mean": 0.7704911892232481,
        "imbalance_base_std": 0.0021871474830159584,
        "balance_base_mean": 0.7955539321293534,
        "balance_base_std": 0.0017351322708158727,
        "balance_augment_mean": 0.7947178053598146,
        "balance_augment_std": 0.002673255287057247
    },
    "8": {
        "imbalance_base_mean": 0.7649990735465814,
        "imbalance_base_std": 0.001362181378663043,
        "balance_base_mean": 0.7939518919867922,
        "balance_base_std": 0.0008742447514858265,
        "balance_augment_mean": 0.7962664413491005,
        "balance_augment_std": 0.003014402700062376
    },
    "9": {
        "imbalance_base_mean": 0.760707679889358,
        "imbalance_base_std": 0.002029923309113279,
        "balance_base_mean": 0.7932898360894043,
        "balance_base_std": 0.001714536943064027,
        "balance_augment_mean": 0.7942872348538941,
        "balance_augment_std": 0.00038007722584000256
    }
}