{
    "0": {
        "imbalance_base_mean": 0.6918342224045958,
        "imbalance_base_std": 0.0,
        "balance_base_mean": 0.6918342224045958,
        "balance_base_std": 0.0,
        "balance_augment_mean": 0.6785938996033375,
        "balance_augment_std": 0.01043208830985864
    },
    "1": {
        "imbalance_base_mean": 0.6422924360552592,
        "imbalance_base_std": 0.02275677167293126,
        "balance_base_mean": 0.6662016140062919,
        "balance_base_std": 0.02960899160095894,
        "balance_augment_mean": 0.6584051429353031,
        "balance_augment_std": 0.018466764889724433
    },
    "2": {
        "imbalance_base_mean": 0.6006839009711393,
        "imbalance_base_std": 0.011776321957576217,
        "balance_base_mean": 0.6387361510053344,
        "balance_base_std": 0.018548806468438827,
        "balance_augment_mean": 0.6384625906168786,
        "balance_augment_std": 0.02006419526495537
    },
    "3": {
        "imbalance_base_mean": 0.5653125427438106,
        "imbalance_base_std": 0.007096770220803097,
        "balance_base_mean": 0.6192312953084393,
        "balance_base_std": 0.012314289817153172,
        "balance_augment_mean": 0.6177814252496239,
        "balance_augment_std": 0.011900851613313017
    },
    "4": {
        "imbalance_base_mean": 0.5505402817672002,
        "imbalance_base_std": 0.005444470299019866,
        "balance_base_mean": 0.6112433319655313,
        "balance_base_std": 0.014656404699820354,
        "balance_augment_mean": 0.6082888797702093,
        "balance_augment_std": 0.018786927726376322
    },
    "5": {
        "imbalance_base_mean": 0.5217343728628094,
        "imbalance_base_std": 0.00898036716694131,
        "balance_base_mean": 0.5998905758446178,
        "balance_base_std": 0.012904513633318727,
        "balance_augment_mean": 0.5965531391054576,
        "balance_augment_std": 0.014873637062001892
    },
    "6": {
        "imbalance_base_mean": 0.49911092873751883,
        "imbalance_base_std": 0.008701628727337193,
        "balance_base_mean": 0.5884283955683217,
        "balance_base_std": 0.008666728142197022,
        "balance_augment_mean": 0.5799206674873478,
        "balance_augment_std": 0.007596609937852448
    },
    "7": {
        "imbalance_base_mean": 0.48439337983859937,
        "imbalance_base_std": 0.012102566344988125,
        "balance_base_mean": 0.5820270824784572,
        "balance_base_std": 0.006403533921453207,
        "balance_augment_mean": 0.5653672548215019,
        "balance_augment_std": 0.008246201009965695
    },
    "8": {
        "imbalance_base_mean": 0.4699220352892901,
        "imbalance_base_std": 0.006695582611712956,
        "balance_base_mean": 0.565421966899193,
        "balance_base_std": 0.0067278060661790815,
        "balance_augment_mean": 0.5610997127615922,
        "balance_augment_std": 0.006286772464292571
    },
    "9": {
        "imbalance_base_mean": 0.4588701955956777,
        "imbalance_base_std": 0.008709107641216162,
        "balance_base_mean": 0.5615100533442756,
        "balance_base_std": 0.004322254137600885,
        "balance_augment_mean": 0.54887156339762,
        "balance_augment_std": 0.0045260812217403235
    }
}