{
    "0": {
        "imbalance_base_mean": 0.6736063876977673,
        "imbalance_base_std": 0.01643309663343417,
        "balance_base_mean": 0.6736063876977673,
        "balance_base_std": 0.01643309663343417,
        "balance_augment_mean": 0.6777761348513973,
        "balance_augment_std": 0.00712167483163368
    },
    "1": {
        "imbalance_base_mean": 0.617477450835428,
        "imbalance_base_std": 0.017579456602274876,
        "balance_base_mean": 0.6814135738577554,
        "balance_base_std": 0.025253159685379393,
        "balance_augment_mean": 0.6650894573414166,
        "balance_augment_std": 0.015883307193122094
    },
    "2": {
        "imbalance_base_mean": 0.570133918886686,
        "imbalance_base_std": 0.014090130251557802,
        "balance_base_mean": 0.6566782978659106,
        "balance_base_std": 0.017110494428617607,
        "balance_augment_mean": 0.6455714919414461,
        "balance_augment_std": 0.01898441350133494
    },
    "3": {
        "imbalance_base_mean": 0.539530679491566,
        "imbalance_base_std": 0.013964005840709073,
        "balance_base_mean": 0.6403722595358385,
        "balance_base_std": 0.012688282981155907,
        "balance_augment_mean": 0.6342451574744936,
        "balance_augment_std": 0.012178988325270484
    },
    "4": {
        "imbalance_base_mean": 0.5011571118505478,
        "imbalance_base_std": 0.022935302279473647,
        "balance_base_mean": 0.634367603458492,
        "balance_base_std": 0.011746781016284147,
        "balance_augment_mean": 0.6240130119769333,
        "balance_augment_std": 0.011714437913582234
    },
    "5": {
        "imbalance_base_mean": 0.46054897245747856,
        "imbalance_base_std": 0.023207272088685508,
        "balance_base_mean": 0.6151699187614877,
        "balance_base_std": 0.014553133579712161,
        "balance_augment_mean": 0.6150005774226659,
        "balance_augment_std": 0.014166860657763946
    },
    "6": {
        "imbalance_base_mean": 0.39014598540145984,
        "imbalance_base_std": 0.03747590555618522,
        "balance_base_mean": 0.5826895160550484,
        "balance_base_std": 0.02051454900656473,
        "balance_augment_mean": 0.6031606605715296,
        "balance_augment_std": 0.011407860018007214
    },
    "7": {
        "imbalance_base_mean": 0.34160583941605843,
        "imbalance_base_std": 0.01550128509605495,
        "balance_base_mean": 0.5694708002214713,
        "balance_base_std": 0.025482158454122987,
        "balance_augment_mean": 0.5951595791182378,
        "balance_augment_std": 0.011349297326960302
    },
    "8": {
        "imbalance_base_mean": 0.3262773722627737,
        "imbalance_base_std": 0.008590220653970665,
        "balance_base_mean": 0.5529197080291971,
        "balance_base_std": 0.017916697384866523,
        "balance_augment_mean": 0.5790751199905885,
        "balance_augment_std": 0.013677429079076172
    },
    "9": {
        "imbalance_base_mean": 0.29562043795620435,
        "imbalance_base_std": 0.018999146109226824,
        "balance_base_mean": 0.5324817518248175,
        "balance_base_std": 0.02526960492425366,
        "balance_augment_mean": 0.5571838395045605,
        "balance_augment_std": 0.0270280283909059
    }
}