{
    "0": {
        "imbalance_base_mean": 0.6857064697031869,
        "imbalance_base_std": 0.015163094769702465,
        "balance_base_mean": 0.6857064697031869,
        "balance_base_std": 0.015163094769702465,
        "balance_augment_mean": 0.818930378881138,
        "balance_augment_std": 0.011687273320141215
    },
    "1": {
        "imbalance_base_mean": 0.6240733141841062,
        "imbalance_base_std": 0.014520002004421788,
        "balance_base_mean": 0.8201340445903433,
        "balance_base_std": 0.021604863577248258,
        "balance_augment_mean": 0.8245110108056354,
        "balance_augment_std": 0.0073179321366150405
    },
    "2": {
        "imbalance_base_mean": 0.5807960607304062,
        "imbalance_base_std": 0.010399397357582205,
        "balance_base_mean": 0.8265627137190534,
        "balance_base_std": 0.016677539026098347,
        "balance_augment_mean": 0.8173163725892492,
        "balance_augment_std": 0.006262442019721082
    },
    "3": {
        "imbalance_base_mean": 0.5474764054164958,
        "imbalance_base_std": 0.006218070354458118,
        "balance_base_mean": 0.8221036793872247,
        "balance_base_std": 0.010142267542600452,
        "balance_augment_mean": 0.8136506633839421,
        "balance_augment_std": 0.01026183322967159
    },
    "4": {
        "imbalance_base_mean": 0.5264396115442485,
        "imbalance_base_std": 0.006207711513983531,
        "balance_base_mean": 0.8220763233483792,
        "balance_base_std": 0.008712544067905515,
        "balance_augment_mean": 0.8123102174805089,
        "balance_augment_std": 0.008642690119393146
    },
    "5": {
        "imbalance_base_mean": 0.501162631650937,
        "imbalance_base_std": 0.005400306565896457,
        "balance_base_mean": 0.818219121871153,
        "balance_base_std": 0.009802092830868029,
        "balance_augment_mean": 0.8088633565859663,
        "balance_augment_std": 0.009433114296359913
    },
    "6": {
        "imbalance_base_mean": 0.4791136643414033,
        "imbalance_base_std": 0.006701615373870356,
        "balance_base_mean": 0.8170428122007933,
        "balance_base_std": 0.008365134945154517,
        "balance_augment_mean": 0.8034742169333882,
        "balance_augment_std": 0.004624222600543278
    },
    "7": {
        "imbalance_base_mean": 0.46032006565449324,
        "imbalance_base_std": 0.002702023411268647,
        "balance_base_mean": 0.8137053754616332,
        "balance_base_std": 0.0028323740348613923,
        "balance_augment_mean": 0.8077964710709888,
        "balance_augment_std": 0.002953185440474462
    },
    "8": {
        "imbalance_base_mean": 0.43572698673232113,
        "imbalance_base_std": 0.005736033638397029,
        "balance_base_mean": 0.8154014498700587,
        "balance_base_std": 0.004277175943054449,
        "balance_augment_mean": 0.8083162358090548,
        "balance_augment_std": 0.003437076994890789
    },
    "9": {
        "imbalance_base_mean": 0.4223498837368349,
        "imbalance_base_std": 0.005904343290473511,
        "balance_base_mean": 0.8098208179455615,
        "balance_base_std": 0.0027798366221770277,
        "balance_augment_mean": 0.8047325947202845,
        "balance_augment_std": 0.0028712114377572305
    }
}