{
    "0": {
        "balance_augment_mean": 0.8138695116947066,
        "balance_augment_std": 0.003996603992394941
    },
    "1": {
        "balance_augment_mean": 0.8087265763917383,
        "balance_augment_std": 0.0036534396990390446
    },
    "2": {
        "balance_augment_mean": 0.806893721789085,
        "balance_augment_std": 0.005875756198496096
    },
    "3": {
        "balance_augment_mean": 0.8082615237313637,
        "balance_augment_std": 0.006230574317680969
    },
    "4": {
        "balance_augment_mean": 0.8093831213240323,
        "balance_augment_std": 0.006206626449959767
    },
    "5": {
        "balance_augment_mean": 0.8089727807413487,
        "balance_augment_std": 0.0038167311666486427
    },
    "6": {
        "balance_augment_mean": 0.8106414991109288,
        "balance_augment_std": 0.004168184260372793
    },
    "7": {
        "balance_augment_mean": 0.8143892764327726,
        "balance_augment_std": 0.00429149902913896
    },
    "8": {
        "balance_augment_mean": 0.8159485706469702,
        "balance_augment_std": 0.004058109543398425
    },
    "9": {
        "balance_augment_mean": 0.8173163725892489,
        "balance_augment_std": 0.0028868074864227206
    },
    "10": {
        "train_all_augment": 0.8693749145123786
    }
}