{
    "0": {
        "imbalance_base_mean": 0.6822416087535118,
        "imbalance_base_std": 0.0,
        "balance_base_mean": 0.6822416087535118,
        "balance_base_std": 0.0,
        "balance_augment_mean": 0.6811081162291128,
        "balance_augment_std": 0.01953728555842451
    },
    "1": {
        "imbalance_base_mean": 0.6355835908350611,
        "imbalance_base_std": 0.022472113619655842,
        "balance_base_mean": 0.6798875458285203,
        "balance_base_std": 0.028832182116081063,
        "balance_augment_mean": 0.6775485842694471,
        "balance_augment_std": 0.015922862625021544
    },
    "2": {
        "imbalance_base_mean": 0.5951472211938943,
        "imbalance_base_std": 0.01291224321624832,
        "balance_base_mean": 0.6958927434986494,
        "balance_base_std": 0.01901097220752009,
        "balance_augment_mean": 0.6929518074909875,
        "balance_augment_std": 0.013156634302035211
    },
    "3": {
        "imbalance_base_mean": 0.5581837520816897,
        "imbalance_base_std": 0.013731281570855522,
        "balance_base_mean": 0.6986810957051064,
        "balance_base_std": 0.02364653858256985,
        "balance_augment_mean": 0.6919767792996877,
        "balance_augment_std": 0.00453812135923969
    },
    "4": {
        "imbalance_base_mean": 0.5367320143632539,
        "imbalance_base_std": 0.010727405369996413,
        "balance_base_mean": 0.691985120054109,
        "balance_base_std": 0.021710456299494307,
        "balance_augment_mean": 0.6980600857756343,
        "balance_augment_std": 0.007464186202115347
    },
    "5": {
        "imbalance_base_mean": 0.4972265364029914,
        "imbalance_base_std": 0.024818903402331522,
        "balance_base_mean": 0.7032483888167684,
        "balance_base_std": 0.007043471460324484,
        "balance_augment_mean": 0.7025594934222384,
        "balance_augment_std": 0.01080554653657054
    },
    "6": {
        "imbalance_base_mean": 0.4445255474452555,
        "imbalance_base_std": 0.01744968333997359,
        "balance_base_mean": 0.7032802063296991,
        "balance_base_std": 0.009318319810496158,
        "balance_augment_mean": 0.6941605839416058,
        "balance_augment_std": 0.0065895876223604835
    },
    "7": {
        "imbalance_base_mean": 0.4244525547445256,
        "imbalance_base_std": 0.0180868783844728,
        "balance_base_mean": 0.710973722865204,
        "balance_base_std": 0.00454798439129618,
        "balance_augment_mean": 0.6967413394694836,
        "balance_augment_std": 0.01204451394194194
    },
    "8": {
        "imbalance_base_mean": 0.4014598540145986,
        "imbalance_base_std": 0.019138847594345833,
        "balance_base_mean": 0.7097704232238317,
        "balance_base_std": 0.007247634895421919,
        "balance_augment_mean": 0.6916133944789757,
        "balance_augment_std": 0.010034067570686912
    },
    "9": {
        "imbalance_base_mean": 0.38248175182481753,
        "imbalance_base_std": 0.023725434982693444,
        "balance_base_mean": 0.7009013190060559,
        "balance_base_std": 0.012332213847914804,
        "balance_augment_mean": 0.6847865856620017,
        "balance_augment_std": 0.020658543633931374
    }
}