{
    "0": {
        "balance_augment_mean": 0.49874873182279333,
        "balance_augment_std": 0.008853358538963536
    },
    "1": {
        "balance_augment_mean": 0.5138315860669598,
        "balance_augment_std": 0.016196837921814422
    },
    "2": {
        "balance_augment_mean": 0.5342576936083868,
        "balance_augment_std": 0.007891717751922116
    },
    "3": {
        "balance_augment_mean": 0.5518430842069665,
        "balance_augment_std": 0.00583162983964825
    },
    "4": {
        "balance_augment_mean": 0.5596212377409537,
        "balance_augment_std": 0.011949600444917831
    },
    "5": {
        "balance_augment_mean": 0.5724721001014542,
        "balance_augment_std": 0.016367940480216434
    },
    "6": {
        "balance_augment_mean": 0.5782211701048359,
        "balance_augment_std": 0.010871125233224605
    },
    "7": {
        "balance_augment_mean": 0.5868109570510653,
        "balance_augment_std": 0.018880534723698963
    },
    "8": {
        "balance_augment_mean": 0.5962123774095367,
        "balance_augment_std": 0.01017018732571227
    },
    "9": {
        "balance_augment_mean": 0.6035847142374029,
        "balance_augment_std": 0.014690278270629529
    },
    "10": {
        "train_all_augment": 0.22992700729927007
    }
}