{
    "0": {
        "imbalance_base_mean": 0.7815250267826934,
        "imbalance_base_std": 0.003223658282031309,
        "balance_base_mean": 0.7815250267826934,
        "balance_base_std": 0.003223658282031309,
        "balance_augment_mean": 0.7658227725321405,
        "balance_augment_std": 0.0021890087014315445
    },
    "1": {
        "imbalance_base_mean": 0.7938774839572562,
        "imbalance_base_std": 0.0018093586027433108,
        "balance_base_mean": 0.7882679364708881,
        "balance_base_std": 0.0015956432008679968,
        "balance_augment_mean": 0.7799321129740845,
        "balance_augment_std": 0.003281864531781203
    },
    "2": {
        "imbalance_base_mean": 0.7945842348339319,
        "imbalance_base_std": 0.001180068765282936,
        "balance_base_mean": 0.7932746622155955,
        "balance_base_std": 0.0024907441913723013,
        "balance_augment_mean": 0.7870451280066868,
        "balance_augment_std": 0.0008195858949331238
    },
    "3": {
        "imbalance_base_mean": 0.7917049430128775,
        "imbalance_base_std": 0.0017169920082320592,
        "balance_base_mean": 0.7978014671746293,
        "balance_base_std": 0.002468920430142124,
        "balance_augment_mean": 0.7916875553760658,
        "balance_augment_std": 0.0018882689825566559
    },
    "4": {
        "imbalance_base_mean": 0.7882800597025009,
        "imbalance_base_std": 0.0018659851039797876,
        "balance_base_mean": 0.7989464151627154,
        "balance_base_std": 0.0010821930655138372,
        "balance_augment_mean": 0.7960063689833633,
        "balance_augment_std": 0.0010084599239752667
    },
    "5": {
        "imbalance_base_mean": 0.7839037317646071,
        "imbalance_base_std": 0.0029686472509639506,
        "balance_base_mean": 0.7979203296126759,
        "balance_base_std": 0.00214182797573506,
        "balance_augment_mean": 0.7959163059384642,
        "balance_augment_std": 0.002687895596778449
    },
    "6": {
        "imbalance_base_mean": 0.7760154927580517,
        "imbalance_base_std": 0.0033355230119137204,
        "balance_base_mean": 0.796641309483044,
        "balance_base_std": 0.0017993379270375418,
        "balance_augment_mean": 0.7957096018963121,
        "balance_augment_std": 0.002516106315837588
    },
    "7": {
        "imbalance_base_mean": 0.7704911892232481,
        "imbalance_base_std": 0.0021871474830159584,
        "balance_base_mean": 0.7955539321293534,
        "balance_base_std": 0.0017351322708158727,
        "balance_augment_mean": 0.7955476568150374,
        "balance_augment_std": 0.0016177035141337283
    },
    "8": {
        "imbalance_base_mean": 0.7649990735465814,
        "imbalance_base_std": 0.001362181378663043,
        "balance_base_mean": 0.7939518919867922,
        "balance_base_std": 0.0008742447514858265,
        "balance_augment_mean": 0.7947742371219135,
        "balance_augment_std": 0.0013294876846892249
    },
    "9": {
        "imbalance_base_mean": 0.760707679889358,
        "imbalance_base_std": 0.002029923309113279,
        "balance_base_mean": 0.7932898360894043,
        "balance_base_std": 0.001714536943064027,
        "balance_augment_mean": 0.794058091188609,
        "balance_augment_std": 0.0016971070173961232
    }
}