{
    "0": {
        "imbalance_base_mean": 0.6723484848484849,
        "imbalance_base_std": 0.0,
        "balance_base_mean": 0.6723484848484849,
        "balance_base_std": 0.0,
        "balance_augment_mean": 0.5151515151515151,
        "balance_augment_std": 0.05647624381722352
    },
    "1": {
        "imbalance_base_mean": 0.7215909090909092,
        "imbalance_base_std": 0.017481789029112637,
        "balance_base_mean": 0.7238636363636364,
        "balance_base_std": 0.039152816846735015,
        "balance_augment_mean": 0.5772727272727272,
        "balance_augment_std": 0.022834343747123547
    },
    "2": {
        "imbalance_base_mean": 0.7272727272727273,
        "imbalance_base_std": 0.018244840270897438,
        "balance_base_mean": 0.7113636363636363,
        "balance_base_std": 0.031614608507371716,
        "balance_augment_mean": 0.6284090909090909,
        "balance_augment_std": 0.029955392302678113
    },
    "3": {
        "imbalance_base_mean": 0.7026515151515152,
        "imbalance_base_std": 0.02582988957762473,
        "balance_base_mean": 0.718939393939394,
        "balance_base_std": 0.03235478258191307,
        "balance_augment_mean": 0.6276515151515152,
        "balance_augment_std": 0.039846612468973135
    },
    "4": {
        "imbalance_base_mean": 0.6848484848484848,
        "imbalance_base_std": 0.04313194887521434,
        "balance_base_mean": 0.6825757575757576,
        "balance_base_std": 0.0413139339528363,
        "balance_augment_mean": 0.6212121212121213,
        "balance_augment_std": 0.03803000120609435
    },
    "5": {
        "imbalance_base_mean": 0.6878787878787878,
        "imbalance_base_std": 0.03407828048921965,
        "balance_base_mean": 0.6875000000000001,
        "balance_base_std": 0.018595360164596307,
        "balance_augment_mean": 0.6333333333333333,
        "balance_augment_std": 0.039339268590809745
    },
    "6": {
        "imbalance_base_mean": 0.6882575757575757,
        "imbalance_base_std": 0.026585404765706925,
        "balance_base_mean": 0.668939393939394,
        "balance_base_std": 0.01674396674643967,
        "balance_augment_mean": 0.6287878787878789,
        "balance_augment_std": 0.013969006753474034
    },
    "7": {
        "imbalance_base_mean": 0.6825757575757576,
        "imbalance_base_std": 0.028587821612292712,
        "balance_base_mean": 0.668939393939394,
        "balance_base_std": 0.028482229086526447,
        "balance_augment_mean": 0.6446969696969698,
        "balance_augment_std": 0.021178273861355106
    },
    "8": {
        "imbalance_base_mean": 0.7003787878787879,
        "imbalance_base_std": 0.018023298868742887,
        "balance_base_mean": 0.6598484848484849,
        "balance_base_std": 0.025143070871630428,
        "balance_augment_mean": 0.6579545454545455,
        "balance_augment_std": 0.02701371110556882
    },
    "9": {
        "imbalance_base_mean": 0.6977272727272726,
        "imbalance_base_std": 0.01020620726159654,
        "balance_base_mean": 0.6670454545454547,
        "balance_base_std": 0.030454168548851156,
        "balance_augment_mean": 0.6636363636363636,
        "balance_augment_std": 0.009627473505408211
    }
}