{
    "0": {
        "imbalance_base_mean": 0.7815250267826934,
        "imbalance_base_std": 0.003223658282031309,
        "balance_base_mean": 0.7815250267826934,
        "balance_base_std": 0.003223658282031309,
        "balance_augment_mean": 0.7689598308224399,
        "balance_augment_std": 0.003981749816352276
    },
    "1": {
        "imbalance_base_mean": 0.7334204967325881,
        "imbalance_base_std": 0.00504193801127444,
        "balance_base_mean": 0.7550139249531783,
        "balance_base_std": 0.0022803247850619805,
        "balance_augment_mean": 0.7501286081137868,
        "balance_augment_std": 0.007754464190239692
    },
    "2": {
        "imbalance_base_mean": 0.6902456637117409,
        "imbalance_base_std": 0.011024806655516627,
        "balance_base_mean": 0.7265436351882364,
        "balance_base_std": 0.010179333501378967,
        "balance_augment_mean": 0.7274450359755683,
        "balance_augment_std": 0.003896626064320028
    },
    "3": {
        "imbalance_base_mean": 0.6641113085156425,
        "imbalance_base_std": 0.008607272555167647,
        "balance_base_mean": 0.7090600157548267,
        "balance_base_std": 0.007236922626589342,
        "balance_augment_mean": 0.7095988584660694,
        "balance_augment_std": 0.0059930462322091375
    },
    "4": {
        "imbalance_base_mean": 0.6454814461067715,
        "imbalance_base_std": 0.004636207237922079,
        "balance_base_mean": 0.6955353749090822,
        "balance_base_std": 0.0032154148124903326,
        "balance_augment_mean": 0.6934156162169273,
        "balance_augment_std": 0.005795223811152685
    },
    "5": {
        "imbalance_base_mean": 0.6324924642483674,
        "imbalance_base_std": 0.010123610707587735,
        "balance_base_mean": 0.6771794791079635,
        "balance_base_std": 0.008340845730273825,
        "balance_augment_mean": 0.6810607610123831,
        "balance_augment_std": 0.003988414613572977
    },
    "6": {
        "imbalance_base_mean": 0.6245435988466935,
        "imbalance_base_std": 0.007893921160676916,
        "balance_base_mean": 0.6738367148883112,
        "balance_base_std": 0.004434601053709517,
        "balance_augment_mean": 0.6731893312490691,
        "balance_augment_std": 0.0030729889707244167
    },
    "7": {
        "imbalance_base_mean": 0.6152225305281757,
        "imbalance_base_std": 0.005932075148175052,
        "balance_base_mean": 0.6639894670947802,
        "balance_base_std": 0.003195354495410893,
        "balance_augment_mean": 0.6664725055753558,
        "balance_augment_std": 0.0038390950946291472
    },
    "8": {
        "imbalance_base_mean": 0.611317549842938,
        "imbalance_base_std": 0.0041200569586097155,
        "balance_base_mean": 0.6559226094046794,
        "balance_base_std": 0.002556120485052936,
        "balance_augment_mean": 0.660338114549567,
        "balance_augment_std": 0.002027445229738286
    },
    "9": {
        "imbalance_base_mean": 0.6038851156812735,
        "imbalance_base_std": 0.0043467897328129225,
        "balance_base_mean": 0.6539514748268274,
        "balance_base_std": 0.000840798639671229,
        "balance_augment_mean": 0.6557796591777495,
        "balance_augment_std": 0.003478311649241319
    }
}