{
    "0": {
        "imbalance_base_mean": 0.8276176890156919,
        "imbalance_base_std": 0.014813326327504915,
        "balance_base_mean": 0.8276176890156919,
        "balance_base_std": 0.014813326327504915,
        "balance_augment_mean": 0.8244222539229671,
        "balance_augment_std": 0.010195633791519224
    },
    "1": {
        "imbalance_base_mean": 0.5749500713266762,
        "imbalance_base_std": 0.014303401422464246,
        "balance_base_mean": 0.7902995720399428,
        "balance_base_std": 0.012814051274015265,
        "balance_augment_mean": 0.792981455064194,
        "balance_augment_std": 0.008914362217951485
    },
    "2": {
        "imbalance_base_mean": 0.4406276747503566,
        "imbalance_base_std": 0.02744324245618288,
        "balance_base_mean": 0.7708987161198289,
        "balance_base_std": 0.016915584052826033,
        "balance_augment_mean": 0.7759201141226818,
        "balance_augment_std": 0.01598389913547356
    },
    "3": {
        "imbalance_base_mean": 0.3684450784593438,
        "imbalance_base_std": 0.019424002303925908,
        "balance_base_mean": 0.7467617689015692,
        "balance_base_std": 0.01614906517665847,
        "balance_augment_mean": 0.7593723252496434,
        "balance_augment_std": 0.0175101164663367
    },
    "4": {
        "imbalance_base_mean": 0.3192011412268188,
        "imbalance_base_std": 0.011830289901172715,
        "balance_base_mean": 0.7458487874465051,
        "balance_base_std": 0.01589381145431433,
        "balance_augment_mean": 0.7508131241084166,
        "balance_augment_std": 0.017327867302010646
    },
    "5": {
        "imbalance_base_mean": 0.2857061340941512,
        "imbalance_base_std": 0.02210977860694695,
        "balance_base_mean": 0.7444222539229671,
        "balance_base_std": 0.015955150908823133,
        "balance_augment_mean": 0.7498430813124107,
        "balance_augment_std": 0.01958243465728259
    },
    "6": {
        "imbalance_base_mean": 0.26670470756062764,
        "imbalance_base_std": 0.01776927171275844,
        "balance_base_mean": 0.7359771754636234,
        "balance_base_std": 0.017050364075586872,
        "balance_augment_mean": 0.7460199714693296,
        "balance_augment_std": 0.016896709990667797
    },
    "7": {
        "imbalance_base_mean": 0.2464479315263909,
        "imbalance_base_std": 0.013300801513321782,
        "balance_base_mean": 0.7314122681883024,
        "balance_base_std": 0.011778157428886429,
        "balance_augment_mean": 0.741740370898716,
        "balance_augment_std": 0.013599765901403972
    },
    "8": {
        "imbalance_base_mean": 0.2362339514978602,
        "imbalance_base_std": 0.008360995613384428,
        "balance_base_mean": 0.7271897289586305,
        "balance_base_std": 0.0022055518505092794,
        "balance_augment_mean": 0.7355206847360913,
        "balance_augment_std": 0.006887660771244001
    },
    "9": {
        "imbalance_base_mean": 0.2202567760342368,
        "imbalance_base_std": 0.007972267821545443,
        "balance_base_mean": 0.722567760342368,
        "balance_base_std": 0.0031337016188863736,
        "balance_augment_mean": 0.7345506419400856,
        "balance_augment_std": 0.011651696678436725
    }
}