{
    "0": {
        "imbalance_base_mean": 0.6587731811697575,
        "imbalance_base_std": 0.0,
        "balance_base_mean": 0.6587731811697575,
        "balance_base_std": 0.0,
        "balance_augment_mean": 0.761997146932953,
        "balance_augment_std": 0.012822179761546652
    },
    "1": {
        "imbalance_base_mean": 0.4153495007132667,
        "imbalance_base_std": 0.024751996887029195,
        "balance_base_mean": 0.7403138373751783,
        "balance_base_std": 0.014684179269812784,
        "balance_augment_mean": 0.7557203994293865,
        "balance_augment_std": 0.013739110183346724
    },
    "2": {
        "imbalance_base_mean": 0.3323252496433666,
        "imbalance_base_std": 0.02634133454950199,
        "balance_base_mean": 0.7378601997146934,
        "balance_base_std": 0.009421862455030112,
        "balance_augment_mean": 0.7533238231098431,
        "balance_augment_std": 0.005391013440881783
    },
    "3": {
        "imbalance_base_mean": 0.2699001426533524,
        "imbalance_base_std": 0.013943297987918674,
        "balance_base_mean": 0.7409415121255349,
        "balance_base_std": 0.013553720148618033,
        "balance_augment_mean": 0.743623395149786,
        "balance_augment_std": 0.011783685004481206
    },
    "4": {
        "imbalance_base_mean": 0.23503566333808842,
        "imbalance_base_std": 0.016428712203055508,
        "balance_base_mean": 0.7435663338088446,
        "balance_base_std": 0.011641632348125873,
        "balance_augment_mean": 0.7461911554921541,
        "balance_augment_std": 0.02151870852858656
    },
    "5": {
        "imbalance_base_mean": 0.20085592011412268,
        "imbalance_base_std": 0.023706223198677302,
        "balance_base_mean": 0.7412838801711841,
        "balance_base_std": 0.013993879423424217,
        "balance_augment_mean": 0.7471041369472182,
        "balance_augment_std": 0.01821910624719043
    },
    "6": {
        "imbalance_base_mean": 0.18647646219686162,
        "imbalance_base_std": 0.02394714309605719,
        "balance_base_mean": 0.736148359486448,
        "balance_base_std": 0.015987769057780862,
        "balance_augment_mean": 0.7300427960057061,
        "balance_augment_std": 0.00944429836903787
    },
    "7": {
        "imbalance_base_mean": 0.16405135520684735,
        "imbalance_base_std": 0.020940812451627964,
        "balance_base_mean": 0.7352924393723252,
        "balance_base_std": 0.004706782454162894,
        "balance_augment_mean": 0.7421398002853067,
        "balance_augment_std": 0.014989222510174456
    },
    "8": {
        "imbalance_base_mean": 0.13574893009985733,
        "imbalance_base_std": 0.009796287290290221,
        "balance_base_mean": 0.7277603423680457,
        "balance_base_std": 0.012274688919016761,
        "balance_augment_mean": 0.7417403708987161,
        "balance_augment_std": 0.01746338078255162
    },
    "9": {
        "imbalance_base_mean": 0.11937232524964336,
        "imbalance_base_std": 0.006168433887032282,
        "balance_base_mean": 0.7351212553495008,
        "balance_base_std": 0.01830112972868212,
        "balance_augment_mean": 0.7419686162624822,
        "balance_augment_std": 0.007359807058435946
    }
}