{
    "0": {
        "imbalance_base_mean": 0.7815250267826934,
        "imbalance_base_std": 0.003223658282031309,
        "balance_base_mean": 0.7815250267826934,
        "balance_base_std": 0.003223658282031309,
        "balance_augment_mean": 0.7704524880392816,
        "balance_augment_std": 0.004192708297815063
    },
    "1": {
        "imbalance_base_mean": 0.7334204967325881,
        "imbalance_base_std": 0.00504193801127444,
        "balance_base_mean": 0.7634156290132452,
        "balance_base_std": 0.006148828242770961,
        "balance_augment_mean": 0.7657649562084407,
        "balance_augment_std": 0.006656947921089121
    },
    "2": {
        "imbalance_base_mean": 0.6902456637117409,
        "imbalance_base_std": 0.011024806655516627,
        "balance_base_mean": 0.7564567353931311,
        "balance_base_std": 0.006817624697014647,
        "balance_augment_mean": 0.7630913012166227,
        "balance_augment_std": 0.00392448100491549
    },
    "3": {
        "imbalance_base_mean": 0.6641113085156425,
        "imbalance_base_std": 0.008607272555167647,
        "balance_base_mean": 0.7471806384543687,
        "balance_base_std": 0.006960380714150299,
        "balance_augment_mean": 0.7574309523480476,
        "balance_augment_std": 0.00378587667473657
    },
    "4": {
        "imbalance_base_mean": 0.6454814461067715,
        "imbalance_base_std": 0.004636207237922079,
        "balance_base_mean": 0.7431684962842052,
        "balance_base_std": 0.006601291616413561,
        "balance_augment_mean": 0.7537512175696517,
        "balance_augment_std": 0.0037271418442415137
    },
    "5": {
        "imbalance_base_mean": 0.6324924642483674,
        "imbalance_base_std": 0.010123610707587735,
        "balance_base_mean": 0.7362137051636214,
        "balance_base_std": 0.00720482107559308,
        "balance_augment_mean": 0.7483552636630126,
        "balance_augment_std": 0.007546910726643089
    },
    "6": {
        "imbalance_base_mean": 0.6245435988466935,
        "imbalance_base_std": 0.007893921160676916,
        "balance_base_mean": 0.7360611832908751,
        "balance_base_std": 0.006099468064455519,
        "balance_augment_mean": 0.7475541271452387,
        "balance_augment_std": 0.008269604553536538
    },
    "7": {
        "imbalance_base_mean": 0.6152225305281757,
        "imbalance_base_std": 0.005932075148175052,
        "balance_base_mean": 0.7327016456576718,
        "balance_base_std": 0.006567524109692455,
        "balance_augment_mean": 0.7438940731038287,
        "balance_augment_std": 0.007325129452191079
    },
    "8": {
        "imbalance_base_mean": 0.611317549842938,
        "imbalance_base_std": 0.0041200569586097155,
        "balance_base_mean": 0.7338019831221685,
        "balance_base_std": 0.0045685545309396775,
        "balance_augment_mean": 0.7440697281601403,
        "balance_augment_std": 0.004448958840138172
    },
    "9": {
        "imbalance_base_mean": 0.6038851156812735,
        "imbalance_base_std": 0.0043467897328129225,
        "balance_base_mean": 0.7278486446395969,
        "balance_base_std": 0.0030429036827213413,
        "balance_augment_mean": 0.7423521295888236,
        "balance_augment_std": 0.006819206406426671
    }
}