{
    "0": {
        "imbalance_base_mean": 0.6587731811697575,
        "imbalance_base_std": 0.0,
        "balance_base_mean": 0.6587731811697575,
        "balance_base_std": 0.0,
        "balance_augment_mean": 0.6602567760342368,
        "balance_augment_std": 0.0037041557471309697
    },
    "1": {
        "imbalance_base_mean": 0.4153495007132667,
        "imbalance_base_std": 0.024751996887029195,
        "balance_base_mean": 0.649243937232525,
        "balance_base_std": 0.007741438753395933,
        "balance_augment_mean": 0.6490727532097005,
        "balance_augment_std": 0.007152042159969639
    },
    "2": {
        "imbalance_base_mean": 0.3323252496433666,
        "imbalance_base_std": 0.02634133454950199,
        "balance_base_mean": 0.6660770328102711,
        "balance_base_std": 0.012274954177180983,
        "balance_augment_mean": 0.6620827389443652,
        "balance_augment_std": 0.00810311224416008
    },
    "3": {
        "imbalance_base_mean": 0.2699001426533524,
        "imbalance_base_std": 0.013943297987918674,
        "balance_base_mean": 0.6590014265335236,
        "balance_base_std": 0.008746221174098075,
        "balance_augment_mean": 0.6580884450784593,
        "balance_augment_std": 0.015286263577202268
    },
    "4": {
        "imbalance_base_mean": 0.23503566333808842,
        "imbalance_base_std": 0.016428712203055508,
        "balance_base_mean": 0.6583166904422255,
        "balance_base_std": 0.016862181404408455,
        "balance_augment_mean": 0.6572325249643367,
        "balance_augment_std": 0.015025238179166905
    },
    "5": {
        "imbalance_base_mean": 0.20085592011412268,
        "imbalance_base_std": 0.023706223198677302,
        "balance_base_mean": 0.6642510699001427,
        "balance_base_std": 0.014706336054708146,
        "balance_augment_mean": 0.6639087018544936,
        "balance_augment_std": 0.009700427960057094
    },
    "6": {
        "imbalance_base_mean": 0.18647646219686162,
        "imbalance_base_std": 0.02394714309605719,
        "balance_base_mean": 0.6616833095577747,
        "balance_base_std": 0.019868001798034246,
        "balance_augment_mean": 0.6620827389443651,
        "balance_augment_std": 0.010344640411488895
    },
    "7": {
        "imbalance_base_mean": 0.16405135520684735,
        "imbalance_base_std": 0.020940812451627964,
        "balance_base_mean": 0.666191155492154,
        "balance_base_std": 0.011659239224937275,
        "balance_augment_mean": 0.6643081312410842,
        "balance_augment_std": 0.004843832337735641
    },
    "8": {
        "imbalance_base_mean": 0.13574893009985733,
        "imbalance_base_std": 0.009796287290290221,
        "balance_base_mean": 0.6661340941512126,
        "balance_base_std": 0.00562394445778427,
        "balance_augment_mean": 0.6650499286733239,
        "balance_augment_std": 0.006535952553849389
    },
    "9": {
        "imbalance_base_mean": 0.11937232524964336,
        "imbalance_base_std": 0.006168433887032282,
        "balance_base_mean": 0.670413694721826,
        "balance_base_std": 0.004501702236420184,
        "balance_augment_mean": 0.6624821683309559,
        "balance_augment_std": 0.005189132117267763
    }
}