{
    "0": {
        "imbalance_base_mean": 0.74240917301492,
        "imbalance_base_std": 0.0,
        "balance_base_mean": 0.74240917301492,
        "balance_base_std": 0.0,
        "balance_augment_mean": 0.7425175015240414,
        "balance_augment_std": 0.005258821940067691
    },
    "1": {
        "imbalance_base_mean": 0.7171083725284552,
        "imbalance_base_std": 0.004329243218239475,
        "balance_base_mean": 0.7331488053101648,
        "balance_base_std": 0.006615604430946855,
        "balance_augment_mean": 0.7244905146013666,
        "balance_augment_std": 0.0071460028181645615
    },
    "2": {
        "imbalance_base_mean": 0.6940720263788418,
        "imbalance_base_std": 0.008893736329480763,
        "balance_base_mean": 0.709693228751586,
        "balance_base_std": 0.011798192796645398,
        "balance_augment_mean": 0.7060966239730314,
        "balance_augment_std": 0.005987017673564778
    },
    "3": {
        "imbalance_base_mean": 0.6726684852793718,
        "imbalance_base_std": 0.0071887243425913915,
        "balance_base_mean": 0.6931832811499488,
        "balance_base_std": 0.007804712956251382,
        "balance_augment_mean": 0.6957135406029726,
        "balance_augment_std": 0.008052181875157945
    },
    "4": {
        "imbalance_base_mean": 0.6570339261099655,
        "imbalance_base_std": 0.005092837677406505,
        "balance_base_mean": 0.6830026713593323,
        "balance_base_std": 0.007698483180944737,
        "balance_augment_mean": 0.6829527196526363,
        "balance_augment_std": 0.00544541955686547
    },
    "5": {
        "imbalance_base_mean": 0.6513606171305844,
        "imbalance_base_std": 0.006084804704993997,
        "balance_base_mean": 0.6742175102767229,
        "balance_base_std": 0.006786482607022865,
        "balance_augment_mean": 0.6755493612845866,
        "balance_augment_std": 0.008489464512622594
    },
    "6": {
        "imbalance_base_mean": 0.645592385064752,
        "imbalance_base_std": 0.006353660428882531,
        "balance_base_mean": 0.6680423501819892,
        "balance_base_std": 0.007623715635865953,
        "balance_augment_mean": 0.6681493632296267,
        "balance_augment_std": 0.010453656373929558
    },
    "7": {
        "imbalance_base_mean": 0.6352124137592152,
        "imbalance_base_std": 0.0027635763272033783,
        "balance_base_mean": 0.6582448135243772,
        "balance_base_std": 0.0036300565570396015,
        "balance_augment_mean": 0.663962917294326,
        "balance_augment_std": 0.005762205982878017
    },
    "8": {
        "imbalance_base_mean": 0.6284516071407549,
        "imbalance_base_std": 0.0037866813401000433,
        "balance_base_mean": 0.6546942626940753,
        "balance_base_std": 0.0024684307419113143,
        "balance_augment_mean": 0.6573851159371997,
        "balance_augment_std": 0.00416126563987845
    },
    "9": {
        "imbalance_base_mean": 0.6256544625623246,
        "imbalance_base_std": 0.005356780986969794,
        "balance_base_mean": 0.6464574519869355,
        "balance_base_std": 0.001899582690375721,
        "balance_augment_mean": 0.6523787510486583,
        "balance_augment_std": 0.004833607893905395
    }
}