{
    "0": {
        "imbalance_base_mean": 0.7253318980983136,
        "imbalance_base_std": 0.0,
        "balance_base_mean": 0.7253318980983136,
        "balance_base_std": 0.0,
        "balance_augment_mean": 0.716361679224973,
        "balance_augment_std": 0.008679353126603428
    },
    "1": {
        "imbalance_base_mean": 0.5887018544935806,
        "imbalance_base_std": 0.016516868154853794,
        "balance_base_mean": 0.6522681883024251,
        "balance_base_std": 0.021389556107454175,
        "balance_augment_mean": 0.6288159771754637,
        "balance_augment_std": 0.023561566701355303
    },
    "2": {
        "imbalance_base_mean": 0.4866191155492154,
        "imbalance_base_std": 0.02073816700858404,
        "balance_base_mean": 0.5505848787446505,
        "balance_base_std": 0.027572734306473366,
        "balance_augment_mean": 0.5439657631954351,
        "balance_augment_std": 0.017967165660790572
    },
    "3": {
        "imbalance_base_mean": 0.41740370898716117,
        "imbalance_base_std": 0.017753322894269948,
        "balance_base_mean": 0.49449358059914406,
        "balance_base_std": 0.022053599266698313,
        "balance_augment_mean": 0.4995720399429386,
        "balance_augment_std": 0.01745834598518345
    },
    "4": {
        "imbalance_base_mean": 0.36781740370898713,
        "imbalance_base_std": 0.014509073234318976,
        "balance_base_mean": 0.45312410841654777,
        "balance_base_std": 0.020234179999401723,
        "balance_augment_mean": 0.4542082738944366,
        "balance_augment_std": 0.015348333987232832
    },
    "5": {
        "imbalance_base_mean": 0.3468188302425107,
        "imbalance_base_std": 0.01463776329350362,
        "balance_base_mean": 0.42362339514978603,
        "balance_base_std": 0.016967859205420262,
        "balance_augment_mean": 0.42693295292439376,
        "balance_augment_std": 0.022261676106537877
    },
    "6": {
        "imbalance_base_mean": 0.3275320970042796,
        "imbalance_base_std": 0.013788315460136497,
        "balance_base_mean": 0.400114122681883,
        "balance_base_std": 0.018794415404765785,
        "balance_augment_mean": 0.3991440798858773,
        "balance_augment_std": 0.024458623445277744
    },
    "7": {
        "imbalance_base_mean": 0.30094151212553494,
        "imbalance_base_std": 0.006324291470469575,
        "balance_base_mean": 0.37255349500713264,
        "balance_base_std": 0.008761099506149058,
        "balance_augment_mean": 0.3853352353780314,
        "balance_augment_std": 0.01474525113274725
    },
    "8": {
        "imbalance_base_mean": 0.2823965763195435,
        "imbalance_base_std": 0.00689096907934973,
        "balance_base_mean": 0.35965763195435096,
        "balance_base_std": 0.00425709727899446,
        "balance_augment_mean": 0.36502139800285305,
        "balance_augment_std": 0.008626648188970838
    },
    "9": {
        "imbalance_base_mean": 0.2742368045649073,
        "imbalance_base_std": 0.011010621168809652,
        "balance_base_mean": 0.3368330955777461,
        "balance_base_std": 0.0038047550535051998,
        "balance_augment_mean": 0.34887303851640505,
        "balance_augment_std": 0.010610034283032439
    }
}