{
    "0": {
        "imbalance_base_mean": 0.7253318980983136,
        "imbalance_base_std": 0.0,
        "balance_base_mean": 0.7253318980983136,
        "balance_base_std": 0.0,
        "balance_augment_mean": 0.7120200932902764,
        "balance_augment_std": 0.034366293462668084
    },
    "1": {
        "imbalance_base_mean": 0.5887018544935806,
        "imbalance_base_std": 0.016516868154853794,
        "balance_base_mean": 0.7140656205420828,
        "balance_base_std": 0.009581209161032143,
        "balance_augment_mean": 0.7075035663338088,
        "balance_augment_std": 0.011096046889251343
    },
    "2": {
        "imbalance_base_mean": 0.4866191155492154,
        "imbalance_base_std": 0.02073816700858404,
        "balance_base_mean": 0.6685306704707561,
        "balance_base_std": 0.011670962386249015,
        "balance_augment_mean": 0.6626533523537803,
        "balance_augment_std": 0.019072150364390954
    },
    "3": {
        "imbalance_base_mean": 0.41740370898716117,
        "imbalance_base_std": 0.017753322894269948,
        "balance_base_mean": 0.6390299572039942,
        "balance_base_std": 0.01239216789183278,
        "balance_augment_mean": 0.6433666191155492,
        "balance_augment_std": 0.018176522716144384
    },
    "4": {
        "imbalance_base_mean": 0.36781740370898713,
        "imbalance_base_std": 0.014509073234318976,
        "balance_base_mean": 0.6263623395149785,
        "balance_base_std": 0.01968872608338229,
        "balance_augment_mean": 0.6385164051355208,
        "balance_augment_std": 0.012428373993779872
    },
    "5": {
        "imbalance_base_mean": 0.3468188302425107,
        "imbalance_base_std": 0.01463776329350362,
        "balance_base_mean": 0.602910128388017,
        "balance_base_std": 0.03259166771746435,
        "balance_augment_mean": 0.6132952924393723,
        "balance_augment_std": 0.01973497638456358
    },
    "6": {
        "imbalance_base_mean": 0.3275320970042796,
        "imbalance_base_std": 0.013788315460136497,
        "balance_base_mean": 0.5940085592011413,
        "balance_base_std": 0.02245492458523374,
        "balance_augment_mean": 0.6085021398002853,
        "balance_augment_std": 0.015496540757608711
    },
    "7": {
        "imbalance_base_mean": 0.30094151212553494,
        "imbalance_base_std": 0.006324291470469575,
        "balance_base_mean": 0.5893295292439372,
        "balance_base_std": 0.013023993260085224,
        "balance_augment_mean": 0.5967475035663339,
        "balance_augment_std": 0.0113013151363054
    },
    "8": {
        "imbalance_base_mean": 0.2823965763195435,
        "imbalance_base_std": 0.00689096907934973,
        "balance_base_mean": 0.5851069900142654,
        "balance_base_std": 0.005162080628997923,
        "balance_augment_mean": 0.5848787446504993,
        "balance_augment_std": 0.011781474285451463
    },
    "9": {
        "imbalance_base_mean": 0.2742368045649073,
        "imbalance_base_std": 0.011010621168809652,
        "balance_base_mean": 0.5704992867332382,
        "balance_base_std": 0.011650299374693895,
        "balance_augment_mean": 0.5807132667617688,
        "balance_augment_std": 0.010714168991985027
    }
}