{
    "0": {
        "imbalance_base_mean": 0.74240917301492,
        "imbalance_base_std": 0.0,
        "balance_base_mean": 0.74240917301492,
        "balance_base_std": 0.0,
        "balance_augment_mean": 0.7438660338119668,
        "balance_augment_std": 0.003991336626418342
    },
    "1": {
        "imbalance_base_mean": 0.7171083725284552,
        "imbalance_base_std": 0.004329243218239475,
        "balance_base_mean": 0.7299302088819755,
        "balance_base_std": 0.00821801433069103,
        "balance_augment_mean": 0.7209107113882622,
        "balance_augment_std": 0.009192923653424067
    },
    "2": {
        "imbalance_base_mean": 0.6940720263788418,
        "imbalance_base_std": 0.008893736329480763,
        "balance_base_mean": 0.7079867578583467,
        "balance_base_std": 0.008226759309061735,
        "balance_augment_mean": 0.7034271636142331,
        "balance_augment_std": 0.006716536293647834
    },
    "3": {
        "imbalance_base_mean": 0.6726684852793718,
        "imbalance_base_std": 0.0071887243425913915,
        "balance_base_mean": 0.694535683044418,
        "balance_base_std": 0.006065712813509953,
        "balance_augment_mean": 0.6911641757354172,
        "balance_augment_std": 0.004282735467971669
    },
    "4": {
        "imbalance_base_mean": 0.6570339261099655,
        "imbalance_base_std": 0.005092837677406505,
        "balance_base_mean": 0.6801496043122569,
        "balance_base_std": 0.006914047040658507,
        "balance_augment_mean": 0.6779796251907292,
        "balance_augment_std": 0.0041431644725136805
    },
    "5": {
        "imbalance_base_mean": 0.6513606171305844,
        "imbalance_base_std": 0.006084804704993997,
        "balance_base_mean": 0.6718629058800104,
        "balance_base_std": 0.008089672700538042,
        "balance_augment_mean": 0.6711281899301167,
        "balance_augment_std": 0.006227880677029652
    },
    "6": {
        "imbalance_base_mean": 0.645592385064752,
        "imbalance_base_std": 0.006353660428882531,
        "balance_base_mean": 0.6637818007695194,
        "balance_base_std": 0.008265408570769408,
        "balance_augment_mean": 0.6676401619092516,
        "balance_augment_std": 0.005913340784264016
    },
    "7": {
        "imbalance_base_mean": 0.6352124137592152,
        "imbalance_base_std": 0.0027635763272033783,
        "balance_base_mean": 0.6533447681230411,
        "balance_base_std": 0.003575937119971177,
        "balance_augment_mean": 0.6584598300546607,
        "balance_augment_std": 0.0035981949521742625
    },
    "8": {
        "imbalance_base_mean": 0.6284516071407549,
        "imbalance_base_std": 0.0037866813401000433,
        "balance_base_mean": 0.6497406365502765,
        "balance_base_std": 0.00234382259715557,
        "balance_augment_mean": 0.652461251469657,
        "balance_augment_std": 0.0026227772351364886
    },
    "9": {
        "imbalance_base_mean": 0.6256544625623246,
        "imbalance_base_std": 0.005356780986969794,
        "balance_base_mean": 0.6454033169079796,
        "balance_base_std": 0.003547130021363875,
        "balance_augment_mean": 0.6459230803091796,
        "balance_augment_std": 0.0028663328385589255
    }
}