{
    "0": {
        "imbalance_base_mean": 0.46741423016967154,
        "imbalance_base_std": 0.0048976879524003656,
        "balance_base_mean": 0.46741423016967154,
        "balance_base_std": 0.0048976879524003656,
        "balance_augment_mean": 0.47518009610282547,
        "balance_augment_std": 0.004861844120632202
    },
    "1": {
        "imbalance_base_mean": 0.5059199789961056,
        "imbalance_base_std": 0.0062239195244746985,
        "balance_base_mean": 0.485221948403918,
        "balance_base_std": 0.004172417533385897,
        "balance_augment_mean": 0.4898188083237569,
        "balance_augment_std": 0.006039818625820813
    },
    "2": {
        "imbalance_base_mean": 0.5792143030945835,
        "imbalance_base_std": 0.014058818945106466,
        "balance_base_mean": 0.5148366086611706,
        "balance_base_std": 0.00771969383832138,
        "balance_augment_mean": 0.5215074623747423,
        "balance_augment_std": 0.008540054356260264
    },
    "3": {
        "imbalance_base_mean": 0.6426510062955657,
        "imbalance_base_std": 0.02423989547745172,
        "balance_base_mean": 0.5472899783395587,
        "balance_base_std": 0.010252920460086993,
        "balance_augment_mean": 0.552197039618939,
        "balance_augment_std": 0.010982455151211606
    },
    "4": {
        "imbalance_base_mean": 0.7170398304812592,
        "imbalance_base_std": 0.01939234270202497,
        "balance_base_mean": 0.5692024855761828,
        "balance_base_std": 0.011478002969032413,
        "balance_augment_mean": 0.5824729575670834,
        "balance_augment_std": 0.009707663348855419
    },
    "5": {
        "imbalance_base_mean": 0.7945057540614604,
        "imbalance_base_std": 0.031174530309872536,
        "balance_base_mean": 0.6099109417531907,
        "balance_base_std": 0.018742364898952413,
        "balance_augment_mean": 0.6290188156291909,
        "balance_augment_std": 0.01412268655115714
    },
    "6": {
        "imbalance_base_mean": 0.8716686306778703,
        "imbalance_base_std": 0.020448828775687905,
        "balance_base_mean": 0.6489009754349204,
        "balance_base_std": 0.012394489918655154,
        "balance_augment_mean": 0.6613655074339083,
        "balance_augment_std": 0.008997299814541395
    },
    "7": {
        "imbalance_base_mean": 0.959308232399029,
        "imbalance_base_std": 0.03146520886297548,
        "balance_base_mean": 0.6869081243668937,
        "balance_base_std": 0.021196962417596443,
        "balance_augment_mean": 0.7069825787509174,
        "balance_augment_std": 0.01928102544290929
    },
    "8": {
        "imbalance_base_mean": 1.0321205292581093,
        "imbalance_base_std": 0.023031615816345836,
        "balance_base_mean": 0.7208943799849168,
        "balance_base_std": 0.015779476368808686,
        "balance_augment_mean": 0.7281904995790612,
        "balance_augment_std": 0.016941107892623476
    },
    "9": {
        "imbalance_base_mean": 1.1380669984460612,
        "imbalance_base_std": 0.03794788997031355,
        "balance_base_mean": 0.7515859506914232,
        "balance_base_std": 0.017356789946012707,
        "balance_augment_mean": 0.768057662596866,
        "balance_augment_std": 0.03001453992918332
    }
}