{
    "0": {
        "balance_augment_mean": 0.7207882864553021,
        "balance_augment_std": 0.0016680298155630434
    },
    "1": {
        "balance_augment_mean": 0.7231027795138115,
        "balance_augment_std": 0.0027726541246740734
    },
    "2": {
        "balance_augment_mean": 0.7256593277224038,
        "balance_augment_std": 0.0030575598621011076
    },
    "3": {
        "balance_augment_mean": 0.7297331788561832,
        "balance_augment_std": 0.0020984478485072153
    },
    "4": {
        "balance_augment_mean": 0.7320724814159074,
        "balance_augment_std": 0.0048500050215769175
    },
    "5": {
        "balance_augment_mean": 0.7329871750183115,
        "balance_augment_std": 0.0024137062124695557
    },
    "6": {
        "balance_augment_mean": 0.7354791837177603,
        "balance_augment_std": 0.0016371932399131455
    },
    "7": {
        "balance_augment_mean": 0.7370082311035493,
        "balance_augment_std": 0.001825251308150029
    },
    "8": {
        "balance_augment_mean": 0.7374302203986617,
        "balance_augment_std": 0.0016438379397712012
    },
    "9": {
        "balance_augment_mean": 0.7369523086349041,
        "balance_augment_std": 0.002749953166087028
    },
    "10": {
        "train_all_augment": 0.6664158332424794
    }
}