{
    "0": {
        "balance_augment_mean": 0.7344365192582026,
        "balance_augment_std": 0.004248675713320708
    },
    "1": {
        "balance_augment_mean": 0.7367760342368046,
        "balance_augment_std": 0.005679251941691842
    },
    "2": {
        "balance_augment_mean": 0.7447075606276747,
        "balance_augment_std": 0.0059584718891670455
    },
    "3": {
        "balance_augment_mean": 0.7483024251069901,
        "balance_augment_std": 0.009352491297482626
    },
    "4": {
        "balance_augment_mean": 0.7519543509272467,
        "balance_augment_std": 0.0070985775931909825
    },
    "5": {
        "balance_augment_mean": 0.7539514978601998,
        "balance_augment_std": 0.008226733613779182
    },
    "6": {
        "balance_augment_mean": 0.7561768901569187,
        "balance_augment_std": 0.0026186120183928716
    },
    "7": {
        "balance_augment_mean": 0.7597146932952924,
        "balance_augment_std": 0.005459431577684456
    },
    "8": {
        "balance_augment_mean": 0.7589728958630528,
        "balance_augment_std": 0.0038252384050429275
    },
    "9": {
        "balance_augment_mean": 0.7624536376604849,
        "balance_augment_std": 0.005219163516018958
    },
    "10": {
        "train_all_augment": 0.6530670470756063
    }
}