{
    "0": {
        "imbalance_base_mean": 0.74240917301492,
        "imbalance_base_std": 0.0,
        "balance_base_mean": 0.74240917301492,
        "balance_base_std": 0.0,
        "balance_augment_mean": 0.7841407093357329,
        "balance_augment_std": 0.005757959018726539
    },
    "1": {
        "imbalance_base_mean": 0.7171083725284552,
        "imbalance_base_std": 0.004329243218239475,
        "balance_base_mean": 0.7669947668178168,
        "balance_base_std": 0.003118380477740332,
        "balance_augment_mean": 0.7857278801568521,
        "balance_augment_std": 0.003992424349434812
    },
    "2": {
        "imbalance_base_mean": 0.6940720263788418,
        "imbalance_base_std": 0.008893736329480763,
        "balance_base_mean": 0.7725035996042355,
        "balance_base_std": 0.0032373265222661336,
        "balance_augment_mean": 0.7890651342820012,
        "balance_augment_std": 0.0025073296626783904
    },
    "3": {
        "imbalance_base_mean": 0.6726684852793718,
        "imbalance_base_std": 0.0071887243425913915,
        "balance_base_mean": 0.7765595819596486,
        "balance_base_std": 0.004903485592950718,
        "balance_augment_mean": 0.7899256815446896,
        "balance_augment_std": 0.0032038298591290943
    },
    "4": {
        "imbalance_base_mean": 0.6570339261099655,
        "imbalance_base_std": 0.005092837677406505,
        "balance_base_mean": 0.7803706376712339,
        "balance_base_std": 0.001797762488832122,
        "balance_augment_mean": 0.7901204798926338,
        "balance_augment_std": 0.0018566597896243495
    },
    "5": {
        "imbalance_base_mean": 0.6513606171305844,
        "imbalance_base_std": 0.006084804704993997,
        "balance_base_mean": 0.7828121290667338,
        "balance_base_std": 0.0021549243646955315,
        "balance_augment_mean": 0.7913374020505844,
        "balance_augment_std": 0.002351883027882168
    },
    "6": {
        "imbalance_base_mean": 0.645592385064752,
        "imbalance_base_std": 0.006353660428882531,
        "balance_base_mean": 0.7860191166752915,
        "balance_base_std": 0.0019864201630732927,
        "balance_augment_mean": 0.790101584849569,
        "balance_augment_std": 0.001407396505823983
    },
    "7": {
        "imbalance_base_mean": 0.6352124137592152,
        "imbalance_base_std": 0.0027635763272033783,
        "balance_base_mean": 0.786722755487445,
        "balance_base_std": 0.002250218329427934,
        "balance_augment_mean": 0.7918963784884683,
        "balance_augment_std": 0.002717355557002842
    },
    "8": {
        "imbalance_base_mean": 0.6284516071407549,
        "imbalance_base_std": 0.0037866813401000433,
        "balance_base_mean": 0.7875058952636732,
        "balance_base_std": 0.0002682833569762204,
        "balance_augment_mean": 0.7922596582768888,
        "balance_augment_std": 0.0010853132423628384
    },
    "9": {
        "imbalance_base_mean": 0.6256544625623246,
        "imbalance_base_std": 0.005356780986969794,
        "balance_base_mean": 0.7866833377096741,
        "balance_base_std": 0.0011595571201793288,
        "balance_augment_mean": 0.7919534116775103,
        "balance_augment_std": 0.0029501572856202203
    }
}