{
    "0": {
        "imbalance_base_mean": 0.6587731811697575,
        "imbalance_base_std": 0.0,
        "balance_base_mean": 0.6587731811697575,
        "balance_base_std": 0.0,
        "balance_augment_mean": 0.6655064194008558,
        "balance_augment_std": 0.017623180602641744
    },
    "1": {
        "imbalance_base_mean": 0.4153495007132667,
        "imbalance_base_std": 0.024751996887029195,
        "balance_base_mean": 0.6392011412268188,
        "balance_base_std": 0.03145399993670909,
        "balance_augment_mean": 0.6486162624821683,
        "balance_augment_std": 0.02369564506116004
    },
    "2": {
        "imbalance_base_mean": 0.3323252496433666,
        "imbalance_base_std": 0.02634133454950199,
        "balance_base_mean": 0.6466191155492155,
        "balance_base_std": 0.008925313078578486,
        "balance_augment_mean": 0.6544365192582025,
        "balance_augment_std": 0.00949244176910364
    },
    "3": {
        "imbalance_base_mean": 0.2699001426533524,
        "imbalance_base_std": 0.013943297987918674,
        "balance_base_mean": 0.6406847360912982,
        "balance_base_std": 0.00870180772186396,
        "balance_augment_mean": 0.6451355206847361,
        "balance_augment_std": 0.015085576835516071
    },
    "4": {
        "imbalance_base_mean": 0.23503566333808842,
        "imbalance_base_std": 0.016428712203055508,
        "balance_base_mean": 0.6461055634807418,
        "balance_base_std": 0.008191035743950572,
        "balance_augment_mean": 0.6436519258202569,
        "balance_augment_std": 0.010093568970094802
    },
    "5": {
        "imbalance_base_mean": 0.20085592011412268,
        "imbalance_base_std": 0.023706223198677302,
        "balance_base_mean": 0.6418259629101284,
        "balance_base_std": 0.013893704193222146,
        "balance_augment_mean": 0.6395435092724678,
        "balance_augment_std": 0.005015558788780764
    },
    "6": {
        "imbalance_base_mean": 0.18647646219686162,
        "imbalance_base_std": 0.02394714309605719,
        "balance_base_mean": 0.6455349500713267,
        "balance_base_std": 0.008579339124825574,
        "balance_augment_mean": 0.6489586305278173,
        "balance_augment_std": 0.008232668209698802
    },
    "7": {
        "imbalance_base_mean": 0.16405135520684735,
        "imbalance_base_std": 0.020940812451627964,
        "balance_base_mean": 0.6480456490727532,
        "balance_base_std": 0.004093330997879834,
        "balance_augment_mean": 0.6494151212553495,
        "balance_augment_std": 0.008138795699709152
    },
    "8": {
        "imbalance_base_mean": 0.13574893009985733,
        "imbalance_base_std": 0.009796287290290221,
        "balance_base_mean": 0.6481027104136947,
        "balance_base_std": 0.004302742943568351,
        "balance_augment_mean": 0.6484450784593438,
        "balance_augment_std": 0.006864932281038848
    },
    "9": {
        "imbalance_base_mean": 0.11937232524964336,
        "imbalance_base_std": 0.006168433887032282,
        "balance_base_mean": 0.6490156918687588,
        "balance_base_std": 0.006881512550838857,
        "balance_augment_mean": 0.6500427960057061,
        "balance_augment_std": 0.0037789947366159067
    }
}