{
    "0": {
        "imbalance_base_mean": 0.46741423016967154,
        "imbalance_base_std": 0.0048976879524003656,
        "balance_base_mean": 0.46741423016967154,
        "balance_base_std": 0.0048976879524003656,
        "balance_augment_mean": 0.4778579259637231,
        "balance_augment_std": 0.003365957740873804
    },
    "1": {
        "imbalance_base_mean": 0.5059199789961056,
        "imbalance_base_std": 0.0062239195244746985,
        "balance_base_mean": 0.4937383563940273,
        "balance_base_std": 0.008224210364401954,
        "balance_augment_mean": 0.504263736307262,
        "balance_augment_std": 0.0021919994268140624
    },
    "2": {
        "imbalance_base_mean": 0.5792143030945835,
        "imbalance_base_std": 0.014058818945106466,
        "balance_base_mean": 0.5341101716075866,
        "balance_base_std": 0.013316790019465419,
        "balance_augment_mean": 0.5463208174624475,
        "balance_augment_std": 0.009526924314880633
    },
    "3": {
        "imbalance_base_mean": 0.6426510062955657,
        "imbalance_base_std": 0.02423989547745172,
        "balance_base_mean": 0.5804424263683878,
        "balance_base_std": 0.012217072894641301,
        "balance_augment_mean": 0.6012389426780338,
        "balance_augment_std": 0.017806481629389956
    },
    "4": {
        "imbalance_base_mean": 0.7170398304812592,
        "imbalance_base_std": 0.01939234270202497,
        "balance_base_mean": 0.6280051749351317,
        "balance_base_std": 0.019191855922619728,
        "balance_augment_mean": 0.6617892203476329,
        "balance_augment_std": 0.02304685857578219
    },
    "5": {
        "imbalance_base_mean": 0.7945057540614604,
        "imbalance_base_std": 0.031174530309872536,
        "balance_base_mean": 0.6921663472534357,
        "balance_base_std": 0.020651575892106012,
        "balance_augment_mean": 0.7341684596733778,
        "balance_augment_std": 0.03742853468759753
    },
    "6": {
        "imbalance_base_mean": 0.8716686306778703,
        "imbalance_base_std": 0.020448828775687905,
        "balance_base_mean": 0.7701395983611988,
        "balance_base_std": 0.04005739433580954,
        "balance_augment_mean": 0.8180137437240236,
        "balance_augment_std": 0.0277404292024518
    },
    "7": {
        "imbalance_base_mean": 0.959308232399029,
        "imbalance_base_std": 0.03146520886297548,
        "balance_base_mean": 0.8395814908976625,
        "balance_base_std": 0.01920457157138613,
        "balance_augment_mean": 0.8938462485171488,
        "balance_augment_std": 0.017064890850312014
    },
    "8": {
        "imbalance_base_mean": 1.0321205292581093,
        "imbalance_base_std": 0.023031615816345836,
        "balance_base_mean": 0.9303493575671926,
        "balance_base_std": 0.025511637879740475,
        "balance_augment_mean": 0.9856177553018597,
        "balance_augment_std": 0.031729921517404856
    },
    "9": {
        "imbalance_base_mean": 1.1380669984460612,
        "imbalance_base_std": 0.03794788997031355,
        "balance_base_mean": 1.005232553425751,
        "balance_base_std": 0.020512666981979143,
        "balance_augment_mean": 1.0689008814324759,
        "balance_augment_std": 0.0320796388878824
    }
}