{
    "0": {
        "imbalance_base_mean": 0.7253318980983136,
        "imbalance_base_std": 0.0,
        "balance_base_mean": 0.7253318980983136,
        "balance_base_std": 0.0,
        "balance_augment_mean": 0.7252063150340868,
        "balance_augment_std": 0.006121239501151364
    },
    "1": {
        "imbalance_base_mean": 0.5887018544935806,
        "imbalance_base_std": 0.016516868154853794,
        "balance_base_mean": 0.6275035663338089,
        "balance_base_std": 0.016480358457621847,
        "balance_augment_mean": 0.6342938659058488,
        "balance_augment_std": 0.010982492393046809
    },
    "2": {
        "imbalance_base_mean": 0.4866191155492154,
        "imbalance_base_std": 0.02073816700858404,
        "balance_base_mean": 0.5336947218259629,
        "balance_base_std": 0.021439882934452304,
        "balance_augment_mean": 0.5403708987161198,
        "balance_augment_std": 0.02129924905868654
    },
    "3": {
        "imbalance_base_mean": 0.41740370898716117,
        "imbalance_base_std": 0.017753322894269948,
        "balance_base_mean": 0.4891868758915835,
        "balance_base_std": 0.016382270240353276,
        "balance_augment_mean": 0.49443651925820264,
        "balance_augment_std": 0.012183631903651819
    },
    "4": {
        "imbalance_base_mean": 0.36781740370898713,
        "imbalance_base_std": 0.014509073234318976,
        "balance_base_mean": 0.4483309557774608,
        "balance_base_std": 0.011116861431624069,
        "balance_augment_mean": 0.4543223965763195,
        "balance_augment_std": 0.01409611472516572
    },
    "5": {
        "imbalance_base_mean": 0.3468188302425107,
        "imbalance_base_std": 0.01463776329350362,
        "balance_base_mean": 0.4286447931526391,
        "balance_base_std": 0.017867217063360585,
        "balance_augment_mean": 0.43138373751783166,
        "balance_augment_std": 0.014165700558376208
    },
    "6": {
        "imbalance_base_mean": 0.3275320970042796,
        "imbalance_base_std": 0.013788315460136497,
        "balance_base_mean": 0.40912981455064196,
        "balance_base_std": 0.012203658707870732,
        "balance_augment_mean": 0.4051925820256776,
        "balance_augment_std": 0.010249462194267724
    },
    "7": {
        "imbalance_base_mean": 0.30094151212553494,
        "imbalance_base_std": 0.006324291470469575,
        "balance_base_mean": 0.3945791726105564,
        "balance_base_std": 0.014188667014049944,
        "balance_augment_mean": 0.3910984308131241,
        "balance_augment_std": 0.015038018152105048
    },
    "8": {
        "imbalance_base_mean": 0.2823965763195435,
        "imbalance_base_std": 0.00689096907934973,
        "balance_base_mean": 0.3750071326676177,
        "balance_base_std": 0.009286459322224579,
        "balance_augment_mean": 0.3744365192582026,
        "balance_augment_std": 0.010779308685612997
    },
    "9": {
        "imbalance_base_mean": 0.2742368045649073,
        "imbalance_base_std": 0.011010621168809652,
        "balance_base_mean": 0.36433666191155495,
        "balance_base_std": 0.007875705416172465,
        "balance_augment_mean": 0.3634807417974322,
        "balance_augment_std": 0.006656884716959735
    }
}