{
    "0": {
        "imbalance_base_mean": 0.7253318980983136,
        "imbalance_base_std": 0.0,
        "balance_base_mean": 0.7253318980983136,
        "balance_base_std": 0.0,
        "balance_augment_mean": 0.717491926803014,
        "balance_augment_std": 0.006324506872466848
    },
    "1": {
        "imbalance_base_mean": 0.5887018544935806,
        "imbalance_base_std": 0.016516868154853794,
        "balance_base_mean": 0.6522681883024251,
        "balance_base_std": 0.021389556107454175,
        "balance_augment_mean": 0.6333808844507847,
        "balance_augment_std": 0.012968123454908432
    },
    "2": {
        "imbalance_base_mean": 0.4866191155492154,
        "imbalance_base_std": 0.02073816700858404,
        "balance_base_mean": 0.5505848787446505,
        "balance_base_std": 0.027572734306473366,
        "balance_augment_mean": 0.5459058487874465,
        "balance_augment_std": 0.027879939947994183
    },
    "3": {
        "imbalance_base_mean": 0.41740370898716117,
        "imbalance_base_std": 0.017753322894269948,
        "balance_base_mean": 0.49449358059914406,
        "balance_base_std": 0.022053599266698313,
        "balance_augment_mean": 0.49209700427960057,
        "balance_augment_std": 0.021241385948464985
    },
    "4": {
        "imbalance_base_mean": 0.36781740370898713,
        "imbalance_base_std": 0.014509073234318976,
        "balance_base_mean": 0.45312410841654777,
        "balance_base_std": 0.020234179999401723,
        "balance_augment_mean": 0.45797432239657637,
        "balance_augment_std": 0.014940267500148758
    },
    "5": {
        "imbalance_base_mean": 0.3468188302425107,
        "imbalance_base_std": 0.01463776329350362,
        "balance_base_mean": 0.42362339514978603,
        "balance_base_std": 0.016967859205420262,
        "balance_augment_mean": 0.42601997146932946,
        "balance_augment_std": 0.02241603051244425
    },
    "6": {
        "imbalance_base_mean": 0.3275320970042796,
        "imbalance_base_std": 0.013788315460136497,
        "balance_base_mean": 0.400114122681883,
        "balance_base_std": 0.018794415404765785,
        "balance_augment_mean": 0.40017118402282453,
        "balance_augment_std": 0.019242959043461207
    },
    "7": {
        "imbalance_base_mean": 0.30094151212553494,
        "imbalance_base_std": 0.006324291470469575,
        "balance_base_mean": 0.37255349500713264,
        "balance_base_std": 0.008761099506149058,
        "balance_augment_mean": 0.3767760342368046,
        "balance_augment_std": 0.007928446943734933
    },
    "8": {
        "imbalance_base_mean": 0.2823965763195435,
        "imbalance_base_std": 0.00689096907934973,
        "balance_base_mean": 0.35965763195435096,
        "balance_base_std": 0.00425709727899446,
        "balance_augment_mean": 0.3568616262482168,
        "balance_augment_std": 0.010885712716850576
    },
    "9": {
        "imbalance_base_mean": 0.2742368045649073,
        "imbalance_base_std": 0.011010621168809652,
        "balance_base_mean": 0.3368330955777461,
        "balance_base_std": 0.0038047550535051998,
        "balance_augment_mean": 0.3398573466476462,
        "balance_augment_std": 0.00745387996248008
    }
}