{
    "0": {
        "imbalance_base_mean": 0.735432364549695,
        "imbalance_base_std": 0.012278732325712374,
        "balance_base_mean": 0.735432364549695,
        "balance_base_std": 0.012278732325712374,
        "balance_augment_mean": 0.723286688195192,
        "balance_augment_std": 0.009142479464196673
    },
    "1": {
        "imbalance_base_mean": 0.5749500713266762,
        "imbalance_base_std": 0.014303401422464246,
        "balance_base_mean": 0.6826248216833095,
        "balance_base_std": 0.005676384646137941,
        "balance_augment_mean": 0.6721255349500714,
        "balance_augment_std": 0.014135097353962171
    },
    "2": {
        "imbalance_base_mean": 0.4406276747503566,
        "imbalance_base_std": 0.02744324245618288,
        "balance_base_mean": 0.5857917261055635,
        "balance_base_std": 0.021497363226419014,
        "balance_augment_mean": 0.5790014265335235,
        "balance_augment_std": 0.02194793105120421
    },
    "3": {
        "imbalance_base_mean": 0.3684450784593438,
        "imbalance_base_std": 0.019424002303925908,
        "balance_base_mean": 0.5157774607703282,
        "balance_base_std": 0.01821624660994278,
        "balance_augment_mean": 0.5088159771754637,
        "balance_augment_std": 0.01498400826285407
    },
    "4": {
        "imbalance_base_mean": 0.3192011412268188,
        "imbalance_base_std": 0.011830289901172715,
        "balance_base_mean": 0.4664764621968616,
        "balance_base_std": 0.015273904495662391,
        "balance_augment_mean": 0.46242510699001427,
        "balance_augment_std": 0.01407276586267834
    },
    "5": {
        "imbalance_base_mean": 0.2857061340941512,
        "imbalance_base_std": 0.02210977860694695,
        "balance_base_mean": 0.4293295292439373,
        "balance_base_std": 0.015945965032779178,
        "balance_augment_mean": 0.4227674750356633,
        "balance_augment_std": 0.012389540149931716
    },
    "6": {
        "imbalance_base_mean": 0.26670470756062764,
        "imbalance_base_std": 0.01776927171275844,
        "balance_base_mean": 0.3981169757489301,
        "balance_base_std": 0.00825833551103919,
        "balance_augment_mean": 0.39092724679029955,
        "balance_augment_std": 0.011770967700018157
    },
    "7": {
        "imbalance_base_mean": 0.2464479315263909,
        "imbalance_base_std": 0.013300801513321782,
        "balance_base_mean": 0.364564907275321,
        "balance_base_std": 0.0033583883525391545,
        "balance_augment_mean": 0.36479315263908696,
        "balance_augment_std": 0.0054060915411478505
    },
    "8": {
        "imbalance_base_mean": 0.2362339514978602,
        "imbalance_base_std": 0.008360995613384428,
        "balance_base_mean": 0.33934379457917263,
        "balance_base_std": 0.007339871949884392,
        "balance_augment_mean": 0.3510984308131241,
        "balance_augment_std": 0.004237933153238708
    },
    "9": {
        "imbalance_base_mean": 0.2202567760342368,
        "imbalance_base_std": 0.007972267821545443,
        "balance_base_mean": 0.3322111269614836,
        "balance_base_std": 0.008617207154569968,
        "balance_augment_mean": 0.3367760342368046,
        "balance_augment_std": 0.0024383293146044444
    }
}