{
    "0": {
        "imbalance_base_mean": 0.7000808855256753,
        "imbalance_base_std": 0.0,
        "balance_base_mean": 0.7000808855256753,
        "balance_base_std": 0.0,
        "balance_augment_mean": 0.6925342007189483,
        "balance_augment_std": 0.004239245166807013
    },
    "1": {
        "imbalance_base_mean": 0.648049705505539,
        "imbalance_base_std": 0.007377982873058119,
        "balance_base_mean": 0.6899520726708015,
        "balance_base_std": 0.0031720466316570235,
        "balance_augment_mean": 0.6895704634365689,
        "balance_augment_std": 0.002399820404811559
    },
    "2": {
        "imbalance_base_mean": 0.627007619439552,
        "imbalance_base_std": 0.009324727065828589,
        "balance_base_mean": 0.6926456208184831,
        "balance_base_std": 0.002635061037302595,
        "balance_augment_mean": 0.6950618215712138,
        "balance_augment_std": 0.0024475559594988533
    },
    "3": {
        "imbalance_base_mean": 0.6093311262244157,
        "imbalance_base_std": 0.005786387347657184,
        "balance_base_mean": 0.6935839568979064,
        "balance_base_std": 0.002410208483988719,
        "balance_augment_mean": 0.6946344629410955,
        "balance_augment_std": 0.0020776348662181086
    },
    "4": {
        "imbalance_base_mean": 0.5993890193260232,
        "imbalance_base_std": 0.008163254421748305,
        "balance_base_mean": 0.69255088199901,
        "balance_base_std": 0.002432798155089801,
        "balance_augment_mean": 0.6938207834724806,
        "balance_augment_std": 0.002019195069120236
    },
    "5": {
        "imbalance_base_mean": 0.5881028793250915,
        "imbalance_base_std": 0.01113961144600538,
        "balance_base_mean": 0.6928987678169534,
        "balance_base_std": 0.003383959080633609,
        "balance_augment_mean": 0.6937412185268163,
        "balance_augment_std": 0.0014768894888272507
    },
    "6": {
        "imbalance_base_mean": 0.5832454072735294,
        "imbalance_base_std": 0.01160323730808944,
        "balance_base_mean": 0.6939471445528378,
        "balance_base_std": 0.003117104927690579,
        "balance_augment_mean": 0.6946581617219134,
        "balance_augment_std": 0.001744956508859484
    },
    "7": {
        "imbalance_base_mean": 0.5741767360892508,
        "imbalance_base_std": 0.00995682961223004,
        "balance_base_mean": 0.6923618138422378,
        "balance_base_std": 0.002343804209927546,
        "balance_augment_mean": 0.6973047652976143,
        "balance_augment_std": 0.0017144211984323457
    },
    "8": {
        "imbalance_base_mean": 0.5617388353405637,
        "imbalance_base_std": 0.0042956826586591475,
        "balance_base_mean": 0.6934545605309346,
        "balance_base_std": 0.002888961958883356,
        "balance_augment_mean": 0.6938543507736908,
        "balance_augment_std": 0.003894801163826547
    },
    "9": {
        "imbalance_base_mean": 0.5546807804934977,
        "imbalance_base_std": 0.0027889516388131703,
        "balance_base_mean": 0.6931544612826926,
        "balance_base_std": 0.0018327854587491125,
        "balance_augment_mean": 0.6947681742264754,
        "balance_augment_std": 0.002322595709100552
    }
}