{
    "0": {
        "imbalance_base_mean": 0.735432364549695,
        "imbalance_base_std": 0.012278732325712374,
        "balance_base_mean": 0.735432364549695,
        "balance_base_std": 0.012278732325712374,
        "balance_augment_mean": 0.7386795837818443,
        "balance_augment_std": 0.019409646754956662
    },
    "1": {
        "imbalance_base_mean": 0.5749500713266762,
        "imbalance_base_std": 0.014303401422464246,
        "balance_base_mean": 0.7511352279049818,
        "balance_base_std": 0.014569400569916702,
        "balance_augment_mean": 0.7503156698079068,
        "balance_augment_std": 0.01952147063567887
    },
    "2": {
        "imbalance_base_mean": 0.4406276747503566,
        "imbalance_base_std": 0.02744324245618288,
        "balance_base_mean": 0.715891583452211,
        "balance_base_std": 0.019312882694150074,
        "balance_augment_mean": 0.7293580599144079,
        "balance_augment_std": 0.00458128303832675
    },
    "3": {
        "imbalance_base_mean": 0.3684450784593438,
        "imbalance_base_std": 0.019424002303925908,
        "balance_base_mean": 0.6950071326676176,
        "balance_base_std": 0.020283681474828372,
        "balance_augment_mean": 0.7088159771754636,
        "balance_augment_std": 0.012649869974830476
    },
    "4": {
        "imbalance_base_mean": 0.3192011412268188,
        "imbalance_base_std": 0.011830289901172715,
        "balance_base_mean": 0.6822824536376605,
        "balance_base_std": 0.011542199015562854,
        "balance_augment_mean": 0.6976890156918688,
        "balance_augment_std": 0.006793894923201013
    },
    "5": {
        "imbalance_base_mean": 0.2857061340941512,
        "imbalance_base_std": 0.02210977860694695,
        "balance_base_mean": 0.6632239657631954,
        "balance_base_std": 0.013537615237501325,
        "balance_augment_mean": 0.6804564907275321,
        "balance_augment_std": 0.016898251520640038
    },
    "6": {
        "imbalance_base_mean": 0.26670470756062764,
        "imbalance_base_std": 0.01776927171275844,
        "balance_base_mean": 0.6591155492154066,
        "balance_base_std": 0.013103500535685599,
        "balance_augment_mean": 0.6737232524964336,
        "balance_augment_std": 0.015780942882017715
    },
    "7": {
        "imbalance_base_mean": 0.2464479315263909,
        "imbalance_base_std": 0.013300801513321782,
        "balance_base_mean": 0.649472182596291,
        "balance_base_std": 0.012145624039988655,
        "balance_augment_mean": 0.6620256776034237,
        "balance_augment_std": 0.013625120324553453
    },
    "8": {
        "imbalance_base_mean": 0.2362339514978602,
        "imbalance_base_std": 0.008360995613384428,
        "balance_base_mean": 0.6481027104136947,
        "balance_base_std": 0.008626648188970843,
        "balance_augment_mean": 0.6603138373751782,
        "balance_augment_std": 0.012310711561157
    },
    "9": {
        "imbalance_base_mean": 0.2202567760342368,
        "imbalance_base_std": 0.007972267821545443,
        "balance_base_mean": 0.6330385164051355,
        "balance_base_std": 0.006334579896777393,
        "balance_augment_mean": 0.6528958630527818,
        "balance_augment_std": 0.014521634816417758
    }
}