{
    "0": {
        "imbalance_base_mean": 0.7253318980983136,
        "imbalance_base_std": 0.0,
        "balance_base_mean": 0.7253318980983136,
        "balance_base_std": 0.0,
        "balance_augment_mean": 0.7176892716182275,
        "balance_augment_std": 0.009074279796766428
    },
    "1": {
        "imbalance_base_mean": 0.5887018544935806,
        "imbalance_base_std": 0.016516868154853794,
        "balance_base_mean": 0.6475891583452211,
        "balance_base_std": 0.021544264749561975,
        "balance_augment_mean": 0.6196291012838802,
        "balance_augment_std": 0.024941354817979086
    },
    "2": {
        "imbalance_base_mean": 0.4866191155492154,
        "imbalance_base_std": 0.02073816700858404,
        "balance_base_mean": 0.5489300998573466,
        "balance_base_std": 0.02295752979972235,
        "balance_augment_mean": 0.5333523537803139,
        "balance_augment_std": 0.016471465484133595
    },
    "3": {
        "imbalance_base_mean": 0.41740370898716117,
        "imbalance_base_std": 0.017753322894269948,
        "balance_base_mean": 0.4969472182596292,
        "balance_base_std": 0.0132762992422879,
        "balance_augment_mean": 0.4859343794579173,
        "balance_augment_std": 0.012441989542624914
    },
    "4": {
        "imbalance_base_mean": 0.36781740370898713,
        "imbalance_base_std": 0.014509073234318976,
        "balance_base_mean": 0.44741797432239655,
        "balance_base_std": 0.01906087951713594,
        "balance_augment_mean": 0.43891583452211125,
        "balance_augment_std": 0.013819686622055889
    },
    "5": {
        "imbalance_base_mean": 0.3468188302425107,
        "imbalance_base_std": 0.01463776329350362,
        "balance_base_mean": 0.41683309557774606,
        "balance_base_std": 0.019708065303268293,
        "balance_augment_mean": 0.41243937232524963,
        "balance_augment_std": 0.016286590234395975
    },
    "6": {
        "imbalance_base_mean": 0.3275320970042796,
        "imbalance_base_std": 0.013788315460136497,
        "balance_base_mean": 0.3900142653352353,
        "balance_base_std": 0.017950304357004756,
        "balance_augment_mean": 0.3966904422253923,
        "balance_augment_std": 0.01470102147184903
    },
    "7": {
        "imbalance_base_mean": 0.30094151212553494,
        "imbalance_base_std": 0.006324291470469575,
        "balance_base_mean": 0.36330955777460766,
        "balance_base_std": 0.009001596088209142,
        "balance_augment_mean": 0.3697004279600571,
        "balance_augment_std": 0.00812077310019809
    },
    "8": {
        "imbalance_base_mean": 0.2823965763195435,
        "imbalance_base_std": 0.00689096907934973,
        "balance_base_mean": 0.34915834522111266,
        "balance_base_std": 0.006544415915235842,
        "balance_augment_mean": 0.3524108416547789,
        "balance_augment_std": 0.0044544408699055595
    },
    "9": {
        "imbalance_base_mean": 0.2742368045649073,
        "imbalance_base_std": 0.011010621168809652,
        "balance_base_mean": 0.33540656205420827,
        "balance_base_std": 0.008833641108604212,
        "balance_augment_mean": 0.3338088445078459,
        "balance_augment_std": 0.006840224526557953
    }
}