{
    "0": {
        "imbalance_base_mean": 0.7000808855256753,
        "imbalance_base_std": 0.0,
        "balance_base_mean": 0.7000808855256753,
        "balance_base_std": 0.0,
        "balance_augment_mean": 0.7259303998030391,
        "balance_augment_std": 0.004950361334711339
    },
    "1": {
        "imbalance_base_mean": 0.648049705505539,
        "imbalance_base_std": 0.007377982873058119,
        "balance_base_mean": 0.7125322326452498,
        "balance_base_std": 0.00253535428925063,
        "balance_augment_mean": 0.7266223095101723,
        "balance_augment_std": 0.004622415050471656
    },
    "2": {
        "imbalance_base_mean": 0.627007619439552,
        "imbalance_base_std": 0.009324727065828589,
        "balance_base_mean": 0.7154675953722373,
        "balance_base_std": 0.006419092995134247,
        "balance_augment_mean": 0.7276934867253557,
        "balance_augment_std": 0.0040081481199464265
    },
    "3": {
        "imbalance_base_mean": 0.6093311262244157,
        "imbalance_base_std": 0.005786387347657184,
        "balance_base_mean": 0.7202644410286807,
        "balance_base_std": 0.004237972617542912,
        "balance_augment_mean": 0.7265659135777635,
        "balance_augment_std": 0.004915651153325214
    },
    "4": {
        "imbalance_base_mean": 0.5993890193260232,
        "imbalance_base_std": 0.008163254421748305,
        "balance_base_mean": 0.7185449178911464,
        "balance_base_std": 0.005408451258879921,
        "balance_augment_mean": 0.7261544223818862,
        "balance_augment_std": 0.005054636200435072
    },
    "5": {
        "imbalance_base_mean": 0.5881028793250915,
        "imbalance_base_std": 0.01113961144600538,
        "balance_base_mean": 0.7219695324788464,
        "balance_base_std": 0.0043902238594448586,
        "balance_augment_mean": 0.7260099084449043,
        "balance_augment_std": 0.0074202206085940536
    },
    "6": {
        "imbalance_base_mean": 0.5832454072735294,
        "imbalance_base_std": 0.01160323730808944,
        "balance_base_mean": 0.7208549475939594,
        "balance_base_std": 0.004334085951523389,
        "balance_augment_mean": 0.7219105260975784,
        "balance_augment_std": 0.0026629744009105246
    },
    "7": {
        "imbalance_base_mean": 0.5741767360892508,
        "imbalance_base_std": 0.00995682961223004,
        "balance_base_mean": 0.7206960941030984,
        "balance_base_std": 0.003926332570133912,
        "balance_augment_mean": 0.7247387196618498,
        "balance_augment_std": 0.006294020846291238
    },
    "8": {
        "imbalance_base_mean": 0.5617388353405637,
        "imbalance_base_std": 0.0042956826586591475,
        "balance_base_mean": 0.7199799200178943,
        "balance_base_std": 0.005892265663293615,
        "balance_augment_mean": 0.7252566224784216,
        "balance_augment_std": 0.004220162026336646
    },
    "9": {
        "imbalance_base_mean": 0.5546807804934977,
        "imbalance_base_std": 0.0027889516388131703,
        "balance_base_mean": 0.7215434048545136,
        "balance_base_std": 0.006661254488249133,
        "balance_augment_mean": 0.7264023203307388,
        "balance_augment_std": 0.0035121370049118663
    }
}