{
    "0": {
        "imbalance_base_mean": 0.7559841334974695,
        "imbalance_base_std": 0.0,
        "balance_base_mean": 0.7559841334974695,
        "balance_base_std": 0.0,
        "balance_augment_mean": 0.7449049377650117,
        "balance_augment_std": 0.0066829408768605755
    },
    "1": {
        "imbalance_base_mean": 0.7039255915743401,
        "imbalance_base_std": 0.030960172036661567,
        "balance_base_mean": 0.7970181917658323,
        "balance_base_std": 0.01846522490182289,
        "balance_augment_mean": 0.7705649022021611,
        "balance_augment_std": 0.020548118514215848
    },
    "2": {
        "imbalance_base_mean": 0.6475447955136097,
        "imbalance_base_std": 0.03316759236184266,
        "balance_base_mean": 0.8039666256326082,
        "balance_base_std": 0.021845026035456287,
        "balance_augment_mean": 0.7800027356038844,
        "balance_augment_std": 0.017414133242326726
    },
    "3": {
        "imbalance_base_mean": 0.6001914922719191,
        "imbalance_base_std": 0.02293718622879086,
        "balance_base_mean": 0.8083435918479005,
        "balance_base_std": 0.011316740633647243,
        "balance_augment_mean": 0.7877444945971824,
        "balance_augment_std": 0.010581660952905053
    },
    "4": {
        "imbalance_base_mean": 0.5650116263165094,
        "imbalance_base_std": 0.032511636514564096,
        "balance_base_mean": 0.8115716044316784,
        "balance_base_std": 0.0071485679326798975,
        "balance_augment_mean": 0.7941184516482014,
        "balance_augment_std": 0.007357401434661912
    },
    "5": {
        "imbalance_base_mean": 0.526330187388866,
        "imbalance_base_std": 0.05223914793557163,
        "balance_base_mean": 0.8112706880043768,
        "balance_base_std": 0.004679722014573779,
        "balance_augment_mean": 0.7986869101354124,
        "balance_augment_std": 0.006820053060095762
    },
    "6": {
        "imbalance_base_mean": 0.4930105320749556,
        "imbalance_base_std": 0.04523423389958953,
        "balance_base_mean": 0.8158938585692791,
        "balance_base_std": 0.005050135197577043,
        "balance_augment_mean": 0.8007386130488305,
        "balance_augment_std": 0.004198416760583192
    },
    "7": {
        "imbalance_base_mean": 0.501162631650937,
        "imbalance_base_std": 0.026754569616829618,
        "balance_base_mean": 0.8143892764327726,
        "balance_base_std": 0.0029412512774100773,
        "balance_augment_mean": 0.8025988236903295,
        "balance_augment_std": 0.006667469787999781
    },
    "8": {
        "imbalance_base_mean": 0.464396115442484,
        "imbalance_base_std": 0.03678674271520575,
        "balance_base_mean": 0.8125837778689646,
        "balance_base_std": 0.004346426075660042,
        "balance_augment_mean": 0.806756941594857,
        "balance_augment_std": 0.004087325442893115
    },
    "9": {
        "imbalance_base_mean": 0.45523184242921627,
        "imbalance_base_std": 0.032549938922881806,
        "balance_base_mean": 0.815319381753522,
        "balance_base_std": 0.0023665740668999714,
        "balance_augment_mean": 0.8091642730132678,
        "balance_augment_std": 0.005625907563824203
    }
}