{
    "0": {
        "imbalance_base_mean": 0.6476158268515387,
        "imbalance_base_std": 0.0,
        "balance_base_mean": 0.6476158268515387,
        "balance_base_std": 0.0,
        "balance_augment_mean": 0.6455191072032466,
        "balance_augment_std": 0.005878508647315723
    },
    "1": {
        "imbalance_base_mean": 0.537956204379562,
        "imbalance_base_std": 0.021386985874428627,
        "balance_base_mean": 0.5864569782453611,
        "balance_base_std": 0.03964452412438691,
        "balance_augment_mean": 0.6191410213053771,
        "balance_augment_std": 0.03425113301121973
    },
    "2": {
        "imbalance_base_mean": 0.4397810218978102,
        "imbalance_base_std": 0.025416766929168104,
        "balance_base_mean": 0.5599947174711004,
        "balance_base_std": 0.04755158147251721,
        "balance_augment_mean": 0.5980173237326251,
        "balance_augment_std": 0.032545575124408734
    },
    "3": {
        "imbalance_base_mean": 0.38722627737226284,
        "imbalance_base_std": 0.013077717421291185,
        "balance_base_mean": 0.5587599880525982,
        "balance_base_std": 0.013808330491174697,
        "balance_augment_mean": 0.5937156419630273,
        "balance_augment_std": 0.022977192347018855
    },
    "4": {
        "imbalance_base_mean": 0.3386861313868613,
        "imbalance_base_std": 0.01397386110881507,
        "balance_base_mean": 0.5428087255528757,
        "balance_base_std": 0.011127803493973026,
        "balance_augment_mean": 0.5868119444396447,
        "balance_augment_std": 0.01384658533023409
    },
    "5": {
        "imbalance_base_mean": 0.30802919708029197,
        "imbalance_base_std": 0.024026686993624518,
        "balance_base_mean": 0.5364963503649636,
        "balance_base_std": 0.014414903400095953,
        "balance_augment_mean": 0.578721035573142,
        "balance_augment_std": 0.012013378155098831
    },
    "6": {
        "imbalance_base_mean": 0.2762773722627737,
        "imbalance_base_std": 0.02095284685314938,
        "balance_base_mean": 0.5262773722627737,
        "balance_base_std": 0.02218786007820535,
        "balance_augment_mean": 0.5599804003366995,
        "balance_augment_std": 0.020044236213696713
    },
    "7": {
        "imbalance_base_mean": 0.27481751824817513,
        "imbalance_base_std": 0.004096705168000679,
        "balance_base_mean": 0.5273722627737227,
        "balance_base_std": 0.011938268053865778,
        "balance_augment_mean": 0.5619532027182808,
        "balance_augment_std": 0.014531566209841511
    },
    "8": {
        "imbalance_base_mean": 0.2587591240875913,
        "imbalance_base_std": 0.009043439192236397,
        "balance_base_mean": 0.5251824817518249,
        "balance_base_std": 0.005816561113324538,
        "balance_augment_mean": 0.5541269139910492,
        "balance_augment_std": 0.014268085796975626
    },
    "9": {
        "imbalance_base_mean": 0.24817518248175183,
        "imbalance_base_std": 0.009994937180751208,
        "balance_base_mean": 0.5229927007299271,
        "balance_base_std": 0.017938986463422617,
        "balance_augment_mean": 0.545421108886744,
        "balance_augment_std": 0.01179180429990789
    }
}