{
    "0": {
        "imbalance_base_mean": 0.7000808855256753,
        "imbalance_base_std": 0.0,
        "balance_base_mean": 0.7000808855256753,
        "balance_base_std": 0.0,
        "balance_augment_mean": 0.7075862228698865,
        "balance_augment_std": 0.004664893108760319
    },
    "1": {
        "imbalance_base_mean": 0.7148182257444514,
        "imbalance_base_std": 0.00510140134013765,
        "balance_base_mean": 0.6933002318180957,
        "balance_base_std": 0.009578514061100218,
        "balance_augment_mean": 0.7013982024756268,
        "balance_augment_std": 0.007291018345476765
    },
    "2": {
        "imbalance_base_mean": 0.7269065208500646,
        "imbalance_base_std": 0.0063389455271989125,
        "balance_base_mean": 0.6889848501832689,
        "balance_base_std": 0.009847770879956926,
        "balance_augment_mean": 0.7018393708920622,
        "balance_augment_std": 0.008208808544887255
    },
    "3": {
        "imbalance_base_mean": 0.7360586470606603,
        "imbalance_base_std": 0.004214750784913955,
        "balance_base_mean": 0.6892986031027488,
        "balance_base_std": 0.006120340034743787,
        "balance_augment_mean": 0.6974813237739721,
        "balance_augment_std": 0.0018684989972504416
    },
    "4": {
        "imbalance_base_mean": 0.7407468519778246,
        "imbalance_base_std": 0.003029593546273668,
        "balance_base_mean": 0.688075060129898,
        "balance_base_std": 0.003456578444330786,
        "balance_augment_mean": 0.6981305116940432,
        "balance_augment_std": 0.0016444387090593674
    },
    "5": {
        "imbalance_base_mean": 0.741283465570483,
        "imbalance_base_std": 0.0014094969384548328,
        "balance_base_mean": 0.6915438604034321,
        "balance_base_std": 0.0046505642859509125,
        "balance_augment_mean": 0.6972020518128031,
        "balance_augment_std": 0.0032682421258418384
    },
    "6": {
        "imbalance_base_mean": 0.7390404860143923,
        "imbalance_base_std": 0.004723010722012788,
        "balance_base_mean": 0.682988684983828,
        "balance_base_std": 0.002355331982586646,
        "balance_augment_mean": 0.6934991275470431,
        "balance_augment_std": 0.0037596198808558965
    },
    "7": {
        "imbalance_base_mean": 0.7437661994986915,
        "imbalance_base_std": 0.002956845779311929,
        "balance_base_mean": 0.6898381752041141,
        "balance_base_std": 0.002843650976819498,
        "balance_augment_mean": 0.695214809229933,
        "balance_augment_std": 0.005702786407472222
    },
    "8": {
        "imbalance_base_mean": 0.7410064559983253,
        "imbalance_base_std": 0.003410018753302499,
        "balance_base_mean": 0.6910925342698191,
        "balance_base_std": 0.002682035614023306,
        "balance_augment_mean": 0.6983814730814096,
        "balance_augment_std": 0.003170776034408876
    },
    "9": {
        "imbalance_base_mean": 0.740184704612356,
        "imbalance_base_std": 0.006551921362869606,
        "balance_base_mean": 0.6871367035763661,
        "balance_base_std": 0.0040771289567475754,
        "balance_augment_mean": 0.6954596155883721,
        "balance_augment_std": 0.0022040128701331157
    }
}