{
    "0": {
        "imbalance_base_mean": 0.6918342224045958,
        "imbalance_base_std": 0.0,
        "balance_base_mean": 0.6918342224045958,
        "balance_base_std": 0.0,
        "balance_augment_mean": 0.6770346053891397,
        "balance_augment_std": 0.011683110535628441
    },
    "1": {
        "imbalance_base_mean": 0.6422924360552592,
        "imbalance_base_std": 0.02275677167293126,
        "balance_base_mean": 0.6681165367254821,
        "balance_base_std": 0.02187381749952453,
        "balance_augment_mean": 0.6590616878675968,
        "balance_augment_std": 0.02172603447172385
    },
    "2": {
        "imbalance_base_mean": 0.6006839009711393,
        "imbalance_base_std": 0.011776321957576217,
        "balance_base_mean": 0.6378060456845848,
        "balance_base_std": 0.01705534394831496,
        "balance_augment_mean": 0.6285323485159349,
        "balance_augment_std": 0.0185197352379373
    },
    "3": {
        "imbalance_base_mean": 0.5653125427438106,
        "imbalance_base_std": 0.007096770220803097,
        "balance_base_mean": 0.6204623170564902,
        "balance_base_std": 0.015214827767797824,
        "balance_augment_mean": 0.6119819450143619,
        "balance_augment_std": 0.012936080423812609
    },
    "4": {
        "imbalance_base_mean": 0.5505402817672002,
        "imbalance_base_std": 0.005444470299019866,
        "balance_base_mean": 0.6148816851319929,
        "balance_base_std": 0.016704126869147042,
        "balance_augment_mean": 0.6034195048556968,
        "balance_augment_std": 0.015788155724017882
    },
    "5": {
        "imbalance_base_mean": 0.5217343728628094,
        "imbalance_base_std": 0.00898036716694131,
        "balance_base_mean": 0.6038845575160716,
        "balance_base_std": 0.013895413694789093,
        "balance_augment_mean": 0.5871973738202707,
        "balance_augment_std": 0.015318893245039567
    },
    "6": {
        "imbalance_base_mean": 0.49911092873751883,
        "imbalance_base_std": 0.008701628727337193,
        "balance_base_mean": 0.5908904390644234,
        "balance_base_std": 0.011151067726322614,
        "balance_augment_mean": 0.5740664751743947,
        "balance_augment_std": 0.010869680296370258
    },
    "7": {
        "imbalance_base_mean": 0.48439337983859937,
        "imbalance_base_std": 0.012102566344988125,
        "balance_base_mean": 0.5787170017781426,
        "balance_base_std": 0.011252945732743118,
        "balance_augment_mean": 0.5561756257693886,
        "balance_augment_std": 0.01075944689698924
    },
    "8": {
        "imbalance_base_mean": 0.4699220352892901,
        "imbalance_base_std": 0.006695582611712956,
        "balance_base_mean": 0.5684037751333607,
        "balance_base_std": 0.005270991209382666,
        "balance_augment_mean": 0.5512788948160307,
        "balance_augment_std": 0.006354967388903634
    },
    "9": {
        "imbalance_base_mean": 0.4588701955956777,
        "imbalance_base_std": 0.008709107641216162,
        "balance_base_mean": 0.5575434277116673,
        "balance_base_std": 0.0031255396736690516,
        "balance_augment_mean": 0.542497606346601,
        "balance_augment_std": 0.0067500159709918
    }
}