{
    "0": {
        "imbalance_base_mean": 0.6476158268515387,
        "imbalance_base_std": 0.0,
        "balance_base_mean": 0.6476158268515387,
        "balance_base_std": 0.0,
        "balance_augment_mean": 0.6289918632285103,
        "balance_augment_std": 0.03557268886047007
    },
    "1": {
        "imbalance_base_mean": 0.537956204379562,
        "imbalance_base_std": 0.021386985874428627,
        "balance_base_mean": 0.5985535991547953,
        "balance_base_std": 0.024595412646503688,
        "balance_augment_mean": 0.6210348326006087,
        "balance_augment_std": 0.028746225294517976
    },
    "2": {
        "imbalance_base_mean": 0.4397810218978102,
        "imbalance_base_std": 0.025416766929168104,
        "balance_base_mean": 0.5963476496449103,
        "balance_base_std": 0.01712756981606853,
        "balance_augment_mean": 0.6173824822455191,
        "balance_augment_std": 0.02969572200580778
    },
    "3": {
        "imbalance_base_mean": 0.38722627737226284,
        "imbalance_base_std": 0.013077717421291185,
        "balance_base_mean": 0.5853229624619546,
        "balance_base_std": 0.013754266435141976,
        "balance_augment_mean": 0.610010145417653,
        "balance_augment_std": 0.03258306351680988
    },
    "4": {
        "imbalance_base_mean": 0.3386861313868613,
        "imbalance_base_std": 0.01397386110881507,
        "balance_base_mean": 0.5803178897531283,
        "balance_base_std": 0.010163437947250248,
        "balance_augment_mean": 0.5999323638823132,
        "balance_augment_std": 0.027382188001348905
    },
    "5": {
        "imbalance_base_mean": 0.30802919708029197,
        "imbalance_base_std": 0.024026686993624518,
        "balance_base_mean": 0.5823469732837335,
        "balance_base_std": 0.019584131020200332,
        "balance_augment_mean": 0.6002705444707475,
        "balance_augment_std": 0.02764820214537668
    },
    "6": {
        "imbalance_base_mean": 0.2762773722627737,
        "imbalance_base_std": 0.02095284685314938,
        "balance_base_mean": 0.5784240784578965,
        "balance_base_std": 0.01521527046435189,
        "balance_augment_mean": 0.6012174501183631,
        "balance_augment_std": 0.02298971439424839
    },
    "7": {
        "imbalance_base_mean": 0.27481751824817513,
        "imbalance_base_std": 0.004096705168000679,
        "balance_base_mean": 0.5766655393980387,
        "balance_base_std": 0.013171515281958035,
        "balance_augment_mean": 0.5921542103483259,
        "balance_augment_std": 0.028517267361857244
    },
    "8": {
        "imbalance_base_mean": 0.2587591240875913,
        "imbalance_base_std": 0.009043439192236397,
        "balance_base_mean": 0.5788975312817044,
        "balance_base_std": 0.00991832412841303,
        "balance_augment_mean": 0.595197835644234,
        "balance_augment_std": 0.01973306191822574
    },
    "9": {
        "imbalance_base_mean": 0.24817518248175183,
        "imbalance_base_std": 0.009994937180751208,
        "balance_base_mean": 0.5726073723368279,
        "balance_base_std": 0.006835599319917574,
        "balance_augment_mean": 0.593912749408184,
        "balance_augment_std": 0.024896523260637356
    }
}