{
    "0": {
        "imbalance_base_mean": 0.6476158268515387,
        "imbalance_base_std": 0.0,
        "balance_base_mean": 0.6476158268515387,
        "balance_base_std": 0.0,
        "balance_augment_mean": 0.6417379165993455,
        "balance_augment_std": 0.01733929425893251
    },
    "1": {
        "imbalance_base_mean": 0.537956204379562,
        "imbalance_base_std": 0.021386985874428627,
        "balance_base_mean": 0.5938451132904972,
        "balance_base_std": 0.02300622435129517,
        "balance_augment_mean": 0.625701724721001,
        "balance_augment_std": 0.021602726111030274
    },
    "2": {
        "imbalance_base_mean": 0.4397810218978102,
        "imbalance_base_std": 0.025416766929168104,
        "balance_base_mean": 0.5842304169988818,
        "balance_base_std": 0.03065005677732717,
        "balance_augment_mean": 0.6236726411903957,
        "balance_augment_std": 0.014001493198673326
    },
    "3": {
        "imbalance_base_mean": 0.38722627737226284,
        "imbalance_base_std": 0.013077717421291185,
        "balance_base_mean": 0.5660860410408063,
        "balance_base_std": 0.020828525708064555,
        "balance_augment_mean": 0.6128845569957715,
        "balance_augment_std": 0.012802912107332863
    },
    "4": {
        "imbalance_base_mean": 0.3386861313868613,
        "imbalance_base_std": 0.01397386110881507,
        "balance_base_mean": 0.5672460991979936,
        "balance_base_std": 0.01812530928524084,
        "balance_augment_mean": 0.6055255499137269,
        "balance_augment_std": 0.019774504655736082
    },
    "5": {
        "imbalance_base_mean": 0.30802919708029197,
        "imbalance_base_std": 0.024026686993624518,
        "balance_base_mean": 0.5582216144296968,
        "balance_base_std": 0.012581453666406561,
        "balance_augment_mean": 0.5934135010577399,
        "balance_augment_std": 0.009505106490005879
    },
    "6": {
        "imbalance_base_mean": 0.2762773722627737,
        "imbalance_base_std": 0.02095284685314938,
        "balance_base_mean": 0.5501872335593629,
        "balance_base_std": 0.014975510061248136,
        "balance_augment_mean": 0.5872538008289128,
        "balance_augment_std": 0.021212832703693212
    },
    "7": {
        "imbalance_base_mean": 0.27481751824817513,
        "imbalance_base_std": 0.004096705168000679,
        "balance_base_mean": 0.5594558501539092,
        "balance_base_std": 0.012205770989870938,
        "balance_augment_mean": 0.5868898247138424,
        "balance_augment_std": 0.007825051372822665
    },
    "8": {
        "imbalance_base_mean": 0.2587591240875913,
        "imbalance_base_std": 0.009043439192236397,
        "balance_base_mean": 0.5663785549074447,
        "balance_base_std": 0.008650282624743015,
        "balance_augment_mean": 0.5831139273627591,
        "balance_augment_std": 0.010364439406375702
    },
    "9": {
        "imbalance_base_mean": 0.24817518248175183,
        "imbalance_base_std": 0.009994937180751208,
        "balance_base_mean": 0.5601143149127765,
        "balance_base_std": 0.006384150702802381,
        "balance_augment_mean": 0.571361905067525,
        "balance_augment_std": 0.014026564402785442
    }
}