{
    "0": {
        "imbalance_base_mean": 0.74240917301492,
        "imbalance_base_std": 0.0,
        "balance_base_mean": 0.74240917301492,
        "balance_base_std": 0.0,
        "balance_augment_mean": 0.7426224134162739,
        "balance_augment_std": 0.0057485090495920845
    },
    "1": {
        "imbalance_base_mean": 0.77444569933669,
        "imbalance_base_std": 0.0033895692991320783,
        "balance_base_mean": 0.7705582419292345,
        "balance_base_std": 0.0032646632354743563,
        "balance_augment_mean": 0.765935311029863,
        "balance_augment_std": 0.004406846490617937
    },
    "2": {
        "imbalance_base_mean": 0.7813773572737087,
        "imbalance_base_std": 0.002211490002198267,
        "balance_base_mean": 0.7796240339419774,
        "balance_base_std": 0.003134149319104917,
        "balance_augment_mean": 0.7782770013825142,
        "balance_augment_std": 0.0030774218361139566
    },
    "3": {
        "imbalance_base_mean": 0.7821186095828041,
        "imbalance_base_std": 0.002531834099008238,
        "balance_base_mean": 0.7813308017097927,
        "balance_base_std": 0.0015787627975907097,
        "balance_augment_mean": 0.7799639681279549,
        "balance_augment_std": 0.002302427980963697
    },
    "4": {
        "imbalance_base_mean": 0.7835266012416524,
        "imbalance_base_std": 0.002140170395367195,
        "balance_base_mean": 0.7836918861619082,
        "balance_base_std": 0.0014668584943389284,
        "balance_augment_mean": 0.78368753541381,
        "balance_augment_std": 0.00275017106854188
    },
    "5": {
        "imbalance_base_mean": 0.7804281827129935,
        "imbalance_base_std": 0.001733005952263273,
        "balance_base_mean": 0.786185394589819,
        "balance_base_std": 0.000992069565120741,
        "balance_augment_mean": 0.7846303066970298,
        "balance_augment_std": 0.002233443969051538
    },
    "6": {
        "imbalance_base_mean": 0.7755598440282399,
        "imbalance_base_std": 0.0025182677263088414,
        "balance_base_mean": 0.7835926123273586,
        "balance_base_std": 0.0010271046721867338,
        "balance_augment_mean": 0.7824774541674282,
        "balance_augment_std": 0.001442368087677719
    },
    "7": {
        "imbalance_base_mean": 0.7729010583578638,
        "imbalance_base_std": 0.003738877486224289,
        "balance_base_mean": 0.7840624521737617,
        "balance_base_std": 0.00259086691736827,
        "balance_augment_mean": 0.78167577252651,
        "balance_augment_std": 0.0014922382241359246
    },
    "8": {
        "imbalance_base_mean": 0.769113376400621,
        "imbalance_base_std": 0.0010883619552804352,
        "balance_base_mean": 0.7820360810099058,
        "balance_base_std": 0.0009439064161609157,
        "balance_augment_mean": 0.7837247599026865,
        "balance_augment_std": 0.000648330576270925
    },
    "9": {
        "imbalance_base_mean": 0.7671095369933874,
        "imbalance_base_std": 0.0028558545224109553,
        "balance_base_mean": 0.7844122267282323,
        "balance_base_std": 0.0021701340979499058,
        "balance_augment_mean": 0.7819502765796159,
        "balance_augment_std": 0.0021254252463849053
    }
}