{
    "0": {
        "imbalance_base_mean": 0.7815250267826934,
        "imbalance_base_std": 0.003223658282031309,
        "balance_base_mean": 0.7815250267826934,
        "balance_base_std": 0.003223658282031309,
        "balance_augment_mean": 0.76940306456459,
        "balance_augment_std": 0.003060166112215399
    },
    "1": {
        "imbalance_base_mean": 0.7938774839572562,
        "imbalance_base_std": 0.0018093586027433108,
        "balance_base_mean": 0.7875111340762364,
        "balance_base_std": 0.0033064543022515345,
        "balance_augment_mean": 0.7832701092856736,
        "balance_augment_std": 0.0016581335402043825
    },
    "2": {
        "imbalance_base_mean": 0.7945842348339319,
        "imbalance_base_std": 0.001180068765282936,
        "balance_base_mean": 0.7928028056694856,
        "balance_base_std": 0.0024853656355527283,
        "balance_augment_mean": 0.7919283078609828,
        "balance_augment_std": 0.002424281465009608
    },
    "3": {
        "imbalance_base_mean": 0.7917049430128775,
        "imbalance_base_std": 0.0017169920082320592,
        "balance_base_mean": 0.7961696295261216,
        "balance_base_std": 0.0017513305029213519,
        "balance_augment_mean": 0.7936041750802458,
        "balance_augment_std": 0.0027965316733008535
    },
    "4": {
        "imbalance_base_mean": 0.7882800597025009,
        "imbalance_base_std": 0.0018659851039797876,
        "balance_base_mean": 0.797338516865803,
        "balance_base_std": 0.0020061593939620847,
        "balance_augment_mean": 0.7926401311980885,
        "balance_augment_std": 0.002281496582369185
    },
    "5": {
        "imbalance_base_mean": 0.7839037317646071,
        "imbalance_base_std": 0.0029686472509639506,
        "balance_base_mean": 0.7943581827590602,
        "balance_base_std": 0.002422623077171832,
        "balance_augment_mean": 0.7938628680029094,
        "balance_augment_std": 0.0022135373890918206
    },
    "6": {
        "imbalance_base_mean": 0.7760154927580517,
        "imbalance_base_std": 0.0033355230119137204,
        "balance_base_mean": 0.792333792465221,
        "balance_base_std": 0.001038805997077317,
        "balance_augment_mean": 0.7898454409534382,
        "balance_augment_std": 0.0021393329550978848
    },
    "7": {
        "imbalance_base_mean": 0.7704911892232481,
        "imbalance_base_std": 0.0021871474830159584,
        "balance_base_mean": 0.7908584461072833,
        "balance_base_std": 0.0016241594785987917,
        "balance_augment_mean": 0.7888893768551462,
        "balance_augment_std": 0.002881368727981124
    },
    "8": {
        "imbalance_base_mean": 0.7649990735465814,
        "imbalance_base_std": 0.001362181378663043,
        "balance_base_mean": 0.7892912964052071,
        "balance_base_std": 0.001106978679189873,
        "balance_augment_mean": 0.7869546887500404,
        "balance_augment_std": 0.0013105009204340105
    },
    "9": {
        "imbalance_base_mean": 0.760707679889358,
        "imbalance_base_std": 0.002029923309113279,
        "balance_base_mean": 0.7879901053751188,
        "balance_base_std": 0.0014794669616868866,
        "balance_augment_mean": 0.7865319777425965,
        "balance_augment_std": 0.0019253836327899063
    }
}