{
    "0": {
        "balance_augment_mean": 0.690306876178221,
        "balance_augment_std": 0.0027171066468887435
    },
    "1": {
        "balance_augment_mean": 0.6930503197287999,
        "balance_augment_std": 0.00671940433557315
    },
    "2": {
        "balance_augment_mean": 0.699544389659142,
        "balance_augment_std": 0.001767200305754509
    },
    "3": {
        "balance_augment_mean": 0.7015984776476477,
        "balance_augment_std": 0.0023925573357973084
    },
    "4": {
        "balance_augment_mean": 0.7012127863879936,
        "balance_augment_std": 0.0017453344469712045
    },
    "5": {
        "balance_augment_mean": 0.7058319039846198,
        "balance_augment_std": 0.0016368909974809167
    },
    "6": {
        "balance_augment_mean": 0.7103280489658783,
        "balance_augment_std": 0.0027124630416398704
    },
    "7": {
        "balance_augment_mean": 0.7067026729460758,
        "balance_augment_std": 0.0038174214656479504
    },
    "8": {
        "balance_augment_mean": 0.7082827187773681,
        "balance_augment_std": 0.005513327419815305
    },
    "9": {
        "balance_augment_mean": 0.713962210937576,
        "balance_augment_std": 0.0045220002407406115
    },
    "10": {
        "train_all_augment": 0.6664158332424794
    }
}