{
    "0": {
        "imbalance_base_mean": 0.7000808855256753,
        "imbalance_base_std": 0.0,
        "balance_base_mean": 0.7000808855256753,
        "balance_base_std": 0.0,
        "balance_augment_mean": 0.6924943581034219,
        "balance_augment_std": 0.006091933715040833
    },
    "1": {
        "imbalance_base_mean": 0.7148182257444514,
        "imbalance_base_std": 0.00510140134013765,
        "balance_base_mean": 0.7020762307370628,
        "balance_base_std": 0.007691002700532704,
        "balance_augment_mean": 0.6990378013468892,
        "balance_augment_std": 0.009472719507343404
    },
    "2": {
        "imbalance_base_mean": 0.7269065208500646,
        "imbalance_base_std": 0.0063389455271989125,
        "balance_base_mean": 0.705930276958387,
        "balance_base_std": 0.00748991812677061,
        "balance_augment_mean": 0.7064373054639767,
        "balance_augment_std": 0.005710159051010896
    },
    "3": {
        "imbalance_base_mean": 0.7360586470606603,
        "imbalance_base_std": 0.004214750784913955,
        "balance_base_mean": 0.7011720787413747,
        "balance_base_std": 0.003882897016030853,
        "balance_augment_mean": 0.7079008945649943,
        "balance_augment_std": 0.004427440398709079
    },
    "4": {
        "imbalance_base_mean": 0.7407468519778246,
        "imbalance_base_std": 0.003029593546273668,
        "balance_base_mean": 0.7038475456918125,
        "balance_base_std": 0.005080311029476649,
        "balance_augment_mean": 0.7091883193162466,
        "balance_augment_std": 0.003629078860946807
    },
    "5": {
        "imbalance_base_mean": 0.741283465570483,
        "imbalance_base_std": 0.0014094969384548328,
        "balance_base_mean": 0.7020914557961433,
        "balance_base_std": 0.006421691170979723,
        "balance_augment_mean": 0.7048039271387895,
        "balance_augment_std": 0.003041948489253257
    },
    "6": {
        "imbalance_base_mean": 0.7390404860143923,
        "imbalance_base_std": 0.004723010722012788,
        "balance_base_mean": 0.7026589494632456,
        "balance_base_std": 0.003852607926213178,
        "balance_augment_mean": 0.7054725270731699,
        "balance_augment_std": 0.0063493538687861405
    },
    "7": {
        "imbalance_base_mean": 0.7437661994986915,
        "imbalance_base_std": 0.002956845779311929,
        "balance_base_mean": 0.7004786488316705,
        "balance_base_std": 0.0049673298644891195,
        "balance_augment_mean": 0.7073132825268326,
        "balance_augment_std": 0.005136652429889257
    },
    "8": {
        "imbalance_base_mean": 0.7410064559983253,
        "imbalance_base_std": 0.003410018753302499,
        "balance_base_mean": 0.7048506823252652,
        "balance_base_std": 0.0022145168905986744,
        "balance_augment_mean": 0.7054557894893092,
        "balance_augment_std": 0.003055345950333267
    },
    "9": {
        "imbalance_base_mean": 0.740184704612356,
        "imbalance_base_std": 0.006551921362869606,
        "balance_base_mean": 0.7061512437765108,
        "balance_base_std": 0.002383256958475013,
        "balance_augment_mean": 0.706127537317902,
        "balance_augment_std": 0.0033411383350868073
    }
}