{
    "0": {
        "imbalance_base_mean": 0.7815250267826934,
        "imbalance_base_std": 0.003223658282031309,
        "balance_base_mean": 0.7815250267826934,
        "balance_base_std": 0.003223658282031309,
        "balance_augment_mean": 0.7695289163514933,
        "balance_augment_std": 0.00422178478818266
    },
    "1": {
        "imbalance_base_mean": 0.7938774839572562,
        "imbalance_base_std": 0.0018093586027433108,
        "balance_base_mean": 0.7875111340762364,
        "balance_base_std": 0.0033064543022515345,
        "balance_augment_mean": 0.7844948269605111,
        "balance_augment_std": 0.003987168639450665
    },
    "2": {
        "imbalance_base_mean": 0.7945842348339319,
        "imbalance_base_std": 0.001180068765282936,
        "balance_base_mean": 0.7928028056694856,
        "balance_base_std": 0.0024853656355527283,
        "balance_augment_mean": 0.793332281475999,
        "balance_augment_std": 0.001378618288462737
    },
    "3": {
        "imbalance_base_mean": 0.7917049430128775,
        "imbalance_base_std": 0.0017169920082320592,
        "balance_base_mean": 0.7961696295261216,
        "balance_base_std": 0.0017513305029213519,
        "balance_augment_mean": 0.7935650541770508,
        "balance_augment_std": 0.00263567239448272
    },
    "4": {
        "imbalance_base_mean": 0.7882800597025009,
        "imbalance_base_std": 0.0018659851039797876,
        "balance_base_mean": 0.797338516865803,
        "balance_base_std": 0.0020061593939620847,
        "balance_augment_mean": 0.7927190025833207,
        "balance_augment_std": 0.0020183095455637437
    },
    "5": {
        "imbalance_base_mean": 0.7839037317646071,
        "imbalance_base_std": 0.0029686472509639506,
        "balance_base_mean": 0.7943581827590602,
        "balance_base_std": 0.002422623077171832,
        "balance_augment_mean": 0.7936975344566453,
        "balance_augment_std": 0.0026861777542685197
    },
    "6": {
        "imbalance_base_mean": 0.7760154927580517,
        "imbalance_base_std": 0.0033355230119137204,
        "balance_base_mean": 0.792333792465221,
        "balance_base_std": 0.001038805997077317,
        "balance_augment_mean": 0.7899052330286275,
        "balance_augment_std": 0.0015886140767504401
    },
    "7": {
        "imbalance_base_mean": 0.7704911892232481,
        "imbalance_base_std": 0.0021871474830159584,
        "balance_base_mean": 0.7908584461072833,
        "balance_base_std": 0.0016241594785987917,
        "balance_augment_mean": 0.7893867287851124,
        "balance_augment_std": 0.0020026001719865537
    },
    "8": {
        "imbalance_base_mean": 0.7649990735465814,
        "imbalance_base_std": 0.001362181378663043,
        "balance_base_mean": 0.7892912964052071,
        "balance_base_std": 0.001106978679189873,
        "balance_augment_mean": 0.7881809982868291,
        "balance_augment_std": 0.0012093394728550644
    },
    "9": {
        "imbalance_base_mean": 0.760707679889358,
        "imbalance_base_std": 0.002029923309113279,
        "balance_base_mean": 0.7879901053751188,
        "balance_base_std": 0.0014794669616868866,
        "balance_augment_mean": 0.7857652505237532,
        "balance_augment_std": 0.0013725673012311233
    }
}