{
    "0": {
        "imbalance_base_mean": 0.6857064697031869,
        "imbalance_base_std": 0.015163094769702465,
        "balance_base_mean": 0.6857064697031869,
        "balance_base_std": 0.015163094769702465,
        "balance_augment_mean": 0.6890712624811928,
        "balance_augment_std": 0.005855342687541261
    },
    "1": {
        "imbalance_base_mean": 0.6240733141841062,
        "imbalance_base_std": 0.014520002004421788,
        "balance_base_mean": 0.6880043769662152,
        "balance_base_std": 0.020263052111964035,
        "balance_augment_mean": 0.6685815893858569,
        "balance_augment_std": 0.021811702467422294
    },
    "2": {
        "imbalance_base_mean": 0.5807960607304062,
        "imbalance_base_std": 0.010399397357582205,
        "balance_base_mean": 0.667295855560115,
        "balance_base_std": 0.010477612864784082,
        "balance_augment_mean": 0.6478183559020654,
        "balance_augment_std": 0.016060208298593434
    },
    "3": {
        "imbalance_base_mean": 0.5474764054164958,
        "imbalance_base_std": 0.006218070354458118,
        "balance_base_mean": 0.6498700588154835,
        "balance_base_std": 0.011658744512729866,
        "balance_augment_mean": 0.6292983176036111,
        "balance_augment_std": 0.015936013833471572
    },
    "4": {
        "imbalance_base_mean": 0.5264396115442485,
        "imbalance_base_std": 0.006207711513983531,
        "balance_base_mean": 0.6424018602106415,
        "balance_base_std": 0.010106418189952657,
        "balance_augment_mean": 0.6231705649022021,
        "balance_augment_std": 0.010122104042312811
    },
    "5": {
        "imbalance_base_mean": 0.501162631650937,
        "imbalance_base_std": 0.005400306565896457,
        "balance_base_mean": 0.6295445219532212,
        "balance_base_std": 0.013556732120990128,
        "balance_augment_mean": 0.6112433319655314,
        "balance_augment_std": 0.014070261523696044
    },
    "6": {
        "imbalance_base_mean": 0.4791136643414033,
        "imbalance_base_std": 0.006701615373870356,
        "balance_base_mean": 0.6211462180276296,
        "balance_base_std": 0.011046692309392201,
        "balance_augment_mean": 0.6076049787990698,
        "balance_augment_std": 0.009877916757617847
    },
    "7": {
        "imbalance_base_mean": 0.46032006565449324,
        "imbalance_base_std": 0.002702023411268647,
        "balance_base_mean": 0.6106414991109288,
        "balance_base_std": 0.008391484424035162,
        "balance_augment_mean": 0.5956230337847079,
        "balance_augment_std": 0.01207408909617717
    },
    "8": {
        "imbalance_base_mean": 0.43572698673232113,
        "imbalance_base_std": 0.005736033638397029,
        "balance_base_mean": 0.6010395294761318,
        "balance_base_std": 0.006810719767843711,
        "balance_augment_mean": 0.5912187115305704,
        "balance_augment_std": 0.009460839937929077
    },
    "9": {
        "imbalance_base_mean": 0.4223498837368349,
        "imbalance_base_std": 0.005904343290473511,
        "balance_base_mean": 0.5975926685815894,
        "balance_base_std": 0.009573831962936728,
        "balance_augment_mean": 0.587115305703734,
        "balance_augment_std": 0.004993957093965777
    }
}