{
    "0": {
        "imbalance_base_mean": 0.6918342224045958,
        "imbalance_base_std": 0.0,
        "balance_base_mean": 0.6918342224045958,
        "balance_base_std": 0.0,
        "balance_augment_mean": 0.7955683217070169,
        "balance_augment_std": 0.009391372361045133
    },
    "1": {
        "imbalance_base_mean": 0.6422924360552592,
        "imbalance_base_std": 0.02275677167293126,
        "balance_base_mean": 0.7908083709478867,
        "balance_base_std": 0.018887477745323566,
        "balance_augment_mean": 0.811845164820134,
        "balance_augment_std": 0.005472985622785697
    },
    "2": {
        "imbalance_base_mean": 0.6006839009711393,
        "imbalance_base_std": 0.011776321957576217,
        "balance_base_mean": 0.8007112570099849,
        "balance_base_std": 0.019222167977323498,
        "balance_augment_mean": 0.8021884831076459,
        "balance_augment_std": 0.005985536307037405
    },
    "3": {
        "imbalance_base_mean": 0.5653125427438106,
        "imbalance_base_std": 0.007096770220803097,
        "balance_base_mean": 0.800574476815757,
        "balance_base_std": 0.01259833950794666,
        "balance_augment_mean": 0.8017234304472713,
        "balance_augment_std": 0.01030767412362535
    },
    "4": {
        "imbalance_base_mean": 0.5505402817672002,
        "imbalance_base_std": 0.005444470299019866,
        "balance_base_mean": 0.8018875666803448,
        "balance_base_std": 0.013289123309368715,
        "balance_augment_mean": 0.8023526193407197,
        "balance_augment_std": 0.012664693788909703
    },
    "5": {
        "imbalance_base_mean": 0.5217343728628094,
        "imbalance_base_std": 0.00898036716694131,
        "balance_base_mean": 0.7982765695527287,
        "balance_base_std": 0.011718606720245306,
        "balance_augment_mean": 0.798905758446177,
        "balance_augment_std": 0.009051253014926354
    },
    "6": {
        "imbalance_base_mean": 0.49911092873751883,
        "imbalance_base_std": 0.008701628727337193,
        "balance_base_mean": 0.7961975106004651,
        "balance_base_std": 0.008399684980123228,
        "balance_augment_mean": 0.7972096840377513,
        "balance_augment_std": 0.006820162787517908
    },
    "7": {
        "imbalance_base_mean": 0.48439337983859937,
        "imbalance_base_std": 0.012102566344988125,
        "balance_base_mean": 0.7913281356859526,
        "balance_base_std": 0.00593228806249858,
        "balance_augment_mean": 0.7979482970865818,
        "balance_augment_std": 0.004463647228422085
    },
    "8": {
        "imbalance_base_mean": 0.4699220352892901,
        "imbalance_base_std": 0.006695582611712956,
        "balance_base_mean": 0.7894952810832991,
        "balance_base_std": 0.005252786879066308,
        "balance_augment_mean": 0.7944740801531938,
        "balance_augment_std": 0.003585206932109053
    },
    "9": {
        "imbalance_base_mean": 0.4588701955956777,
        "imbalance_base_std": 0.008709107641216162,
        "balance_base_mean": 0.789112296539461,
        "balance_base_std": 0.0011683302696792605,
        "balance_augment_mean": 0.7925865134728491,
        "balance_augment_std": 0.002942014478896106
    }
}