{
    "0": {
        "imbalance_base_mean": 0.6476158268515387,
        "imbalance_base_std": 0.0,
        "balance_base_mean": 0.6476158268515387,
        "balance_base_std": 0.0,
        "balance_augment_mean": 0.6537707135610415,
        "balance_augment_std": 0.01368925614658189
    },
    "1": {
        "imbalance_base_mean": 0.537956204379562,
        "imbalance_base_std": 0.021386985874428627,
        "balance_base_mean": 0.5864569782453611,
        "balance_base_std": 0.03964452412438691,
        "balance_augment_mean": 0.6334122421373013,
        "balance_augment_std": 0.018890950502093773
    },
    "2": {
        "imbalance_base_mean": 0.4397810218978102,
        "imbalance_base_std": 0.025416766929168104,
        "balance_base_mean": 0.5599947174711004,
        "balance_base_std": 0.04755158147251721,
        "balance_augment_mean": 0.6140041322212048,
        "balance_augment_std": 0.02206582931914549
    },
    "3": {
        "imbalance_base_mean": 0.38722627737226284,
        "imbalance_base_std": 0.013077717421291185,
        "balance_base_mean": 0.5587599880525982,
        "balance_base_std": 0.013808330491174697,
        "balance_augment_mean": 0.6127479271011012,
        "balance_augment_std": 0.02123268465621501
    },
    "4": {
        "imbalance_base_mean": 0.3386861313868613,
        "imbalance_base_std": 0.01397386110881507,
        "balance_base_mean": 0.5428087255528757,
        "balance_base_std": 0.011127803493973026,
        "balance_augment_mean": 0.6147721971123822,
        "balance_augment_std": 0.016184012975670466
    },
    "5": {
        "imbalance_base_mean": 0.30802919708029197,
        "imbalance_base_std": 0.024026686993624518,
        "balance_base_mean": 0.5364963503649636,
        "balance_base_std": 0.014414903400095953,
        "balance_augment_mean": 0.5947991775053133,
        "balance_augment_std": 0.01783436992303693
    },
    "6": {
        "imbalance_base_mean": 0.2762773722627737,
        "imbalance_base_std": 0.02095284685314938,
        "balance_base_mean": 0.5262773722627737,
        "balance_base_std": 0.02218786007820535,
        "balance_augment_mean": 0.5993995443201706,
        "balance_augment_std": 0.013162732506988616
    },
    "7": {
        "imbalance_base_mean": 0.27481751824817513,
        "imbalance_base_std": 0.004096705168000679,
        "balance_base_mean": 0.5273722627737227,
        "balance_base_std": 0.011938268053865778,
        "balance_augment_mean": 0.5879692872782387,
        "balance_augment_std": 0.0023682681415691737
    },
    "8": {
        "imbalance_base_mean": 0.2587591240875913,
        "imbalance_base_std": 0.009043439192236397,
        "balance_base_mean": 0.5251824817518249,
        "balance_base_std": 0.005816561113324538,
        "balance_augment_mean": 0.5714320096566603,
        "balance_augment_std": 0.005306592986881533
    },
    "9": {
        "imbalance_base_mean": 0.24817518248175183,
        "imbalance_base_std": 0.009994937180751208,
        "balance_base_mean": 0.5229927007299271,
        "balance_base_std": 0.017938986463422617,
        "balance_augment_mean": 0.5623040959346743,
        "balance_augment_std": 0.018870524099634522
    }
}