{
    "0": {
        "imbalance_base_mean": 0.6918342224045958,
        "imbalance_base_std": 0.0,
        "balance_base_mean": 0.6918342224045958,
        "balance_base_std": 0.0,
        "balance_augment_mean": 0.6810012310217481,
        "balance_augment_std": 0.0053224194885813396
    },
    "1": {
        "imbalance_base_mean": 0.6422924360552592,
        "imbalance_base_std": 0.02275677167293126,
        "balance_base_mean": 0.6495144303104909,
        "balance_base_std": 0.020981136616775434,
        "balance_augment_mean": 0.6532348515934892,
        "balance_augment_std": 0.01834536023643451
    },
    "2": {
        "imbalance_base_mean": 0.6006839009711393,
        "imbalance_base_std": 0.011776321957576217,
        "balance_base_mean": 0.6231432088633566,
        "balance_base_std": 0.016401855992508322,
        "balance_augment_mean": 0.617836137327315,
        "balance_augment_std": 0.015001239579705481
    },
    "3": {
        "imbalance_base_mean": 0.5653125427438106,
        "imbalance_base_std": 0.007096770220803097,
        "balance_base_mean": 0.600328272466147,
        "balance_base_std": 0.00810034436802486,
        "balance_augment_mean": 0.5975653125427438,
        "balance_augment_std": 0.011809256924910297
    },
    "4": {
        "imbalance_base_mean": 0.5505402817672002,
        "imbalance_base_std": 0.005444470299019866,
        "balance_base_mean": 0.5876624264806456,
        "balance_base_std": 0.009028570416860567,
        "balance_augment_mean": 0.5835043085761182,
        "balance_augment_std": 0.004470850581922149
    },
    "5": {
        "imbalance_base_mean": 0.5217343728628094,
        "imbalance_base_std": 0.00898036716694131,
        "balance_base_mean": 0.5690876761045001,
        "balance_base_std": 0.008639312529169975,
        "balance_augment_mean": 0.5661605799480236,
        "balance_augment_std": 0.011516340021668578
    },
    "6": {
        "imbalance_base_mean": 0.49911092873751883,
        "imbalance_base_std": 0.008701628727337193,
        "balance_base_mean": 0.5575981397893586,
        "balance_base_std": 0.007473557664026256,
        "balance_augment_mean": 0.5488989194364655,
        "balance_augment_std": 0.010087295898989207
    },
    "7": {
        "imbalance_base_mean": 0.48439337983859937,
        "imbalance_base_std": 0.012102566344988125,
        "balance_base_mean": 0.5471481329503488,
        "balance_base_std": 0.006476740792131959,
        "balance_augment_mean": 0.535029407741759,
        "balance_augment_std": 0.00814668164709289
    },
    "8": {
        "imbalance_base_mean": 0.4699220352892901,
        "imbalance_base_std": 0.006695582611712956,
        "balance_base_mean": 0.5298317603610997,
        "balance_base_std": 0.008202524754603997,
        "balance_augment_mean": 0.5240049240869922,
        "balance_augment_std": 0.007890213845851235
    },
    "9": {
        "imbalance_base_mean": 0.4588701955956777,
        "imbalance_base_std": 0.008709107641216162,
        "balance_base_mean": 0.5180686636575024,
        "balance_base_std": 0.009275916050892159,
        "balance_augment_mean": 0.5142661742579675,
        "balance_augment_std": 0.007182406013466196
    }
}