{
    "0": {
        "imbalance_base_mean": 0.7815250267826934,
        "imbalance_base_std": 0.003223658282031309,
        "balance_base_mean": 0.7815250267826934,
        "balance_base_std": 0.003223658282031309,
        "balance_augment_mean": 0.7616448156741586,
        "balance_augment_std": 0.003194806855838266
    },
    "1": {
        "imbalance_base_mean": 0.7938774839572562,
        "imbalance_base_std": 0.0018093586027433108,
        "balance_base_mean": 0.7854290886923032,
        "balance_base_std": 0.002560206633879747,
        "balance_augment_mean": 0.776601855875583,
        "balance_augment_std": 0.0019063571747073539
    },
    "2": {
        "imbalance_base_mean": 0.7945842348339319,
        "imbalance_base_std": 0.001180068765282936,
        "balance_base_mean": 0.7928695307897324,
        "balance_base_std": 0.0024581567258674672,
        "balance_augment_mean": 0.7882009067982743,
        "balance_augment_std": 0.0034403519117620555
    },
    "3": {
        "imbalance_base_mean": 0.7917049430128775,
        "imbalance_base_std": 0.0017169920082320592,
        "balance_base_mean": 0.7950209398946709,
        "balance_base_std": 0.003918753710292669,
        "balance_augment_mean": 0.7900277398580222,
        "balance_augment_std": 0.0022475729304541696
    },
    "4": {
        "imbalance_base_mean": 0.7882800597025009,
        "imbalance_base_std": 0.0018659851039797876,
        "balance_base_mean": 0.7970002666752658,
        "balance_base_std": 0.0027143816238455448,
        "balance_augment_mean": 0.7929414972818061,
        "balance_augment_std": 0.0023075816705896866
    },
    "5": {
        "imbalance_base_mean": 0.7839037317646071,
        "imbalance_base_std": 0.0029686472509639506,
        "balance_base_mean": 0.7967390196075421,
        "balance_base_std": 0.002421856350008315,
        "balance_augment_mean": 0.7941131435076345,
        "balance_augment_std": 0.00305956456101518
    },
    "6": {
        "imbalance_base_mean": 0.7760154927580517,
        "imbalance_base_std": 0.0033355230119137204,
        "balance_base_mean": 0.7952084443413915,
        "balance_base_std": 0.0017720546210060484,
        "balance_augment_mean": 0.7944080218581584,
        "balance_augment_std": 0.0023470947014090065
    },
    "7": {
        "imbalance_base_mean": 0.7704911892232481,
        "imbalance_base_std": 0.0021871474830159584,
        "balance_base_mean": 0.7947395309484068,
        "balance_base_std": 0.00257680098693357,
        "balance_augment_mean": 0.7951754989412325,
        "balance_augment_std": 0.0019877058753758484
    },
    "8": {
        "imbalance_base_mean": 0.7649990735465814,
        "imbalance_base_std": 0.001362181378663043,
        "balance_base_mean": 0.794023052310836,
        "balance_base_std": 0.001626945033366647,
        "balance_augment_mean": 0.7932446804426707,
        "balance_augment_std": 0.0017434564567178517
    },
    "9": {
        "imbalance_base_mean": 0.760707679889358,
        "imbalance_base_std": 0.002029923309113279,
        "balance_base_mean": 0.7926043782857745,
        "balance_base_std": 0.000932318443310514,
        "balance_augment_mean": 0.7925702940133194,
        "balance_augment_std": 0.0016058770867418998
    }
}