{
    "0": {
        "imbalance_base_mean": 0.6736063876977673,
        "imbalance_base_std": 0.01643309663343417,
        "balance_base_mean": 0.6736063876977673,
        "balance_base_std": 0.01643309663343417,
        "balance_augment_mean": 0.6734567733622309,
        "balance_augment_std": 0.02684264419992067
    },
    "1": {
        "imbalance_base_mean": 0.617477450835428,
        "imbalance_base_std": 0.017579456602274876,
        "balance_base_mean": 0.6530943523841731,
        "balance_base_std": 0.032183991163177494,
        "balance_augment_mean": 0.6326739223270774,
        "balance_augment_std": 0.017320972779524896
    },
    "2": {
        "imbalance_base_mean": 0.570133918886686,
        "imbalance_base_std": 0.014090130251557802,
        "balance_base_mean": 0.6448575568550685,
        "balance_base_std": 0.025390399573884108,
        "balance_augment_mean": 0.5967153284671532,
        "balance_augment_std": 0.021060639483581767
    },
    "3": {
        "imbalance_base_mean": 0.539530679491566,
        "imbalance_base_std": 0.013964005840709073,
        "balance_base_mean": 0.6164253324413924,
        "balance_base_std": 0.020596960017741885,
        "balance_augment_mean": 0.5846715328467154,
        "balance_augment_std": 0.011690231662808004
    },
    "4": {
        "imbalance_base_mean": 0.5011571118505478,
        "imbalance_base_std": 0.022935302279473647,
        "balance_base_mean": 0.5737226277372264,
        "balance_base_std": 0.025248511761208736,
        "balance_augment_mean": 0.5518248175182482,
        "balance_augment_std": 0.021976743382955608
    },
    "5": {
        "imbalance_base_mean": 0.46054897245747856,
        "imbalance_base_std": 0.023207272088685508,
        "balance_base_mean": 0.5521897810218978,
        "balance_base_std": 0.029708118868567474,
        "balance_augment_mean": 0.5313868613138686,
        "balance_augment_std": 0.036412312003611454
    },
    "6": {
        "imbalance_base_mean": 0.39014598540145984,
        "imbalance_base_std": 0.03747590555618522,
        "balance_base_mean": 0.5248175182481752,
        "balance_base_std": 0.017141632942799093,
        "balance_augment_mean": 0.5047445255474453,
        "balance_augment_std": 0.020729155943303563
    },
    "7": {
        "imbalance_base_mean": 0.34160583941605843,
        "imbalance_base_std": 0.01550128509605495,
        "balance_base_mean": 0.5113138686131388,
        "balance_base_std": 0.007945817904042765,
        "balance_augment_mean": 0.49343065693430654,
        "balance_augment_std": 0.019674207258311753
    },
    "8": {
        "imbalance_base_mean": 0.3262773722627737,
        "imbalance_base_std": 0.008590220653970665,
        "balance_base_mean": 0.4897810218978102,
        "balance_base_std": 0.0077075591539937285,
        "balance_augment_mean": 0.493065693430657,
        "balance_augment_std": 0.027418452512398477
    },
    "9": {
        "imbalance_base_mean": 0.29562043795620435,
        "imbalance_base_std": 0.018999146109226824,
        "balance_base_mean": 0.4686131386861314,
        "balance_base_std": 0.016740649549167465,
        "balance_augment_mean": 0.4740875912408759,
        "balance_augment_std": 0.027732423710237746
    }
}