{
    "0": {
        "imbalance_base_mean": 0.6476158268515387,
        "imbalance_base_std": 0.0,
        "balance_base_mean": 0.6476158268515387,
        "balance_base_std": 0.0,
        "balance_augment_mean": 0.5808436741716426,
        "balance_augment_std": 0.022941879871958205
    },
    "1": {
        "imbalance_base_mean": 0.537956204379562,
        "imbalance_base_std": 0.021386985874428627,
        "balance_base_mean": 0.5401284592541761,
        "balance_base_std": 0.03982721311881058,
        "balance_augment_mean": 0.4868613138686131,
        "balance_augment_std": 0.030346885410200593
    },
    "2": {
        "imbalance_base_mean": 0.4397810218978102,
        "imbalance_base_std": 0.025416766929168104,
        "balance_base_mean": 0.4562043795620438,
        "balance_base_std": 0.013508580673957474,
        "balance_augment_mean": 0.4240875912408759,
        "balance_augment_std": 0.015849672080736094
    },
    "3": {
        "imbalance_base_mean": 0.38722627737226284,
        "imbalance_base_std": 0.013077717421291185,
        "balance_base_mean": 0.41058394160583944,
        "balance_base_std": 0.018175035909472604,
        "balance_augment_mean": 0.3952554744525547,
        "balance_augment_std": 0.010985340834520008
    },
    "4": {
        "imbalance_base_mean": 0.3386861313868613,
        "imbalance_base_std": 0.01397386110881507,
        "balance_base_mean": 0.3777372262773723,
        "balance_base_std": 0.008559152846393112,
        "balance_augment_mean": 0.38065693430656933,
        "balance_augment_std": 0.006172092892440777
    },
    "5": {
        "imbalance_base_mean": 0.30802919708029197,
        "imbalance_base_std": 0.024026686993624518,
        "balance_base_mean": 0.36423357664233574,
        "balance_base_std": 0.012082441866603524,
        "balance_augment_mean": 0.3638686131386861,
        "balance_augment_std": 0.015118478231538673
    },
    "6": {
        "imbalance_base_mean": 0.2762773722627737,
        "imbalance_base_std": 0.02095284685314938,
        "balance_base_mean": 0.32919708029197076,
        "balance_base_std": 0.013189278101892446,
        "balance_augment_mean": 0.34489051094890516,
        "balance_augment_std": 0.019687743006220684
    },
    "7": {
        "imbalance_base_mean": 0.27481751824817513,
        "imbalance_base_std": 0.004096705168000679,
        "balance_base_mean": 0.33102189781021896,
        "balance_base_std": 0.015765409537558523,
        "balance_augment_mean": 0.3244525547445255,
        "balance_augment_std": 0.016500225628404846
    },
    "8": {
        "imbalance_base_mean": 0.2587591240875913,
        "imbalance_base_std": 0.009043439192236397,
        "balance_base_mean": 0.3208029197080292,
        "balance_base_std": 0.016132873069562296,
        "balance_augment_mean": 0.32408759124087594,
        "balance_augment_std": 0.015030116994141612
    },
    "9": {
        "imbalance_base_mean": 0.24817518248175183,
        "imbalance_base_std": 0.009994937180751208,
        "balance_base_mean": 0.3047445255474453,
        "balance_base_std": 0.014461031208875152,
        "balance_augment_mean": 0.3171532846715329,
        "balance_augment_std": 0.01493231572662685
    }
}