{
    "0": {
        "balance_augment_mean": 0.7506372310405915,
        "balance_augment_std": 0.0015999056925365995
    },
    "1": {
        "balance_augment_mean": 0.7575093451509888,
        "balance_augment_std": 0.0020969760388651125
    },
    "2": {
        "balance_augment_mean": 0.7642040920577349,
        "balance_augment_std": 0.0025627964448907514
    },
    "3": {
        "balance_augment_mean": 0.7648134373622797,
        "balance_augment_std": 0.003519183047635132
    },
    "4": {
        "balance_augment_mean": 0.7672651862862373,
        "balance_augment_std": 0.002148875997853749
    },
    "5": {
        "balance_augment_mean": 0.7702019566081976,
        "balance_augment_std": 0.0025227895675243596
    },
    "6": {
        "balance_augment_mean": 0.7713647247486419,
        "balance_augment_std": 0.003689810348800982
    },
    "7": {
        "balance_augment_mean": 0.7719296079668851,
        "balance_augment_std": 0.003155938637330706
    },
    "8": {
        "balance_augment_mean": 0.7729709032204237,
        "balance_augment_std": 0.0031519352673937107
    },
    "9": {
        "balance_augment_mean": 0.7748866886046742,
        "balance_augment_std": 0.0040469610615084094
    },
    "10": {
        "train_all_augment": 0.7955414173304116
    }
}