{
    "0": {
        "imbalance_base_mean": 0.74240917301492,
        "imbalance_base_std": 0.0,
        "balance_base_mean": 0.74240917301492,
        "balance_base_std": 0.0,
        "balance_augment_mean": 0.7490920986831564,
        "balance_augment_std": 0.00333710844010469
    },
    "1": {
        "imbalance_base_mean": 0.77444569933669,
        "imbalance_base_std": 0.0033895692991320783,
        "balance_base_mean": 0.7715211111094049,
        "balance_base_std": 0.005784537897306085,
        "balance_augment_mean": 0.7718749676892973,
        "balance_augment_std": 0.0019387795878643627
    },
    "2": {
        "imbalance_base_mean": 0.7813773572737087,
        "imbalance_base_std": 0.002211490002198267,
        "balance_base_mean": 0.7791205269830839,
        "balance_base_std": 0.0032216489815609472,
        "balance_augment_mean": 0.778616723149614,
        "balance_augment_std": 0.0030737122109628628
    },
    "3": {
        "imbalance_base_mean": 0.7821186095828041,
        "imbalance_base_std": 0.002531834099008238,
        "balance_base_mean": 0.7814587188224111,
        "balance_base_std": 0.003496134381505932,
        "balance_augment_mean": 0.7799234601038959,
        "balance_augment_std": 0.004450136243290703
    },
    "4": {
        "imbalance_base_mean": 0.7835266012416524,
        "imbalance_base_std": 0.002140170395367195,
        "balance_base_mean": 0.7846580235216798,
        "balance_base_std": 0.003011506027723777,
        "balance_augment_mean": 0.7822814248136984,
        "balance_augment_std": 0.0026210473565047854
    },
    "5": {
        "imbalance_base_mean": 0.7804281827129935,
        "imbalance_base_std": 0.001733005952263273,
        "balance_base_mean": 0.7838831322519934,
        "balance_base_std": 0.0020259726856151137,
        "balance_augment_mean": 0.7815929957050438,
        "balance_augment_std": 0.0018140474646999452
    },
    "6": {
        "imbalance_base_mean": 0.7755598440282399,
        "imbalance_base_std": 0.0025182677263088414,
        "balance_base_mean": 0.782982509480792,
        "balance_base_std": 0.0027901511322061,
        "balance_augment_mean": 0.7805915993708306,
        "balance_augment_std": 0.0035989150338057523
    },
    "7": {
        "imbalance_base_mean": 0.7729010583578638,
        "imbalance_base_std": 0.003738877486224289,
        "balance_base_mean": 0.782845734756898,
        "balance_base_std": 0.0018107998271815673,
        "balance_augment_mean": 0.7802065095381194,
        "balance_augment_std": 0.0025510154773589104
    },
    "8": {
        "imbalance_base_mean": 0.769113376400621,
        "imbalance_base_std": 0.0010883619552804352,
        "balance_base_mean": 0.7789490588820012,
        "balance_base_std": 0.0022917999012430153,
        "balance_augment_mean": 0.778181878673503,
        "balance_augment_std": 0.0014605772558346605
    },
    "9": {
        "imbalance_base_mean": 0.7671095369933874,
        "imbalance_base_std": 0.0028558545224109553,
        "balance_base_mean": 0.7776643367130969,
        "balance_base_std": 0.00317788907248332,
        "balance_augment_mean": 0.7779587620739659,
        "balance_augment_std": 0.0009332590761122856
    }
}