{
    "0": {
        "balance_augment_mean": 0.41839834557512656,
        "balance_augment_std": 0.001970777161344485
    },
    "1": {
        "balance_augment_mean": 0.4269699778934607,
        "balance_augment_std": 0.0025077296275062095
    },
    "2": {
        "balance_augment_mean": 0.433145546602011,
        "balance_augment_std": 0.004816134686816299
    },
    "3": {
        "balance_augment_mean": 0.43803750980531986,
        "balance_augment_std": 0.0044876586883331295
    },
    "4": {
        "balance_augment_mean": 0.4451401269343222,
        "balance_augment_std": 0.0018614328891855317
    },
    "5": {
        "balance_augment_mean": 0.44866291093204025,
        "balance_augment_std": 0.004867932734505741
    },
    "6": {
        "balance_augment_mean": 0.4562932325465307,
        "balance_augment_std": 0.0074974858189381325
    },
    "7": {
        "balance_augment_mean": 0.46020109819582117,
        "balance_augment_std": 0.006931763184712714
    },
    "8": {
        "balance_augment_mean": 0.46969977893460746,
        "balance_augment_std": 0.00904521164046616
    },
    "9": {
        "balance_augment_mean": 0.47255223561292165,
        "balance_augment_std": 0.0052299231181340495
    },
    "10": {
        "train_all_augment": 0.40790130499893035
    }
}