{
    "0": {
        "imbalance_base_mean": 0.5330811364989557,
        "imbalance_base_std": 0.013159256560034454,
        "balance_base_mean": 0.5330811364989557,
        "balance_base_std": 0.013159256560034454,
        "balance_augment_mean": 0.5390535797750263,
        "balance_augment_std": 0.008150408583869213
    },
    "1": {
        "imbalance_base_mean": 0.11369892319760393,
        "imbalance_base_std": 0.01764640457524542,
        "balance_base_mean": 0.26989945090208944,
        "balance_base_std": 0.021279183432173207,
        "balance_augment_mean": 0.2610425729159238,
        "balance_augment_std": 0.02244185587196714
    },
    "2": {
        "imbalance_base_mean": 0.040205376880838625,
        "imbalance_base_std": 0.006236288401731118,
        "balance_base_mean": 0.14767168223632604,
        "balance_base_std": 0.02055434047215979,
        "balance_augment_mean": 0.14804250160450688,
        "balance_augment_std": 0.020275429813120704
    },
    "3": {
        "imbalance_base_mean": 0.016729658418312775,
        "imbalance_base_std": 0.002554740843196425,
        "balance_base_mean": 0.09471582400342296,
        "balance_base_std": 0.008040108477894912,
        "balance_augment_mean": 0.0857448477501248,
        "balance_augment_std": 0.009236477597399494
    },
    "4": {
        "imbalance_base_mean": 0.011552449547172503,
        "imbalance_base_std": 0.004923484004352849,
        "balance_base_mean": 0.07325108749910861,
        "balance_base_std": 0.00576933603272706,
        "balance_augment_mean": 0.06078585181487557,
        "balance_augment_std": 0.0046571542262242105
    },
    "5": {
        "imbalance_base_mean": 0.0064893389431648005,
        "imbalance_base_std": 0.00291278987669128,
        "balance_base_mean": 0.056007986878699276,
        "balance_base_std": 0.005119861770337222,
        "balance_augment_mean": 0.043742423161948235,
        "balance_augment_std": 0.004790641334685286
    },
    "6": {
        "imbalance_base_mean": 0.005120159737573985,
        "imbalance_base_std": 0.0027781815156382394,
        "balance_base_mean": 0.0448834058332739,
        "balance_base_std": 0.0018843493763005042,
        "balance_augment_mean": 0.03589816729658418,
        "balance_augment_std": 0.002576148995840182
    },
    "7": {
        "imbalance_base_mean": 0.005048848320616131,
        "imbalance_base_std": 0.003208031099792165,
        "balance_base_mean": 0.03990586892961563,
        "balance_base_std": 0.0011162913458945723,
        "balance_augment_mean": 0.029665549454467664,
        "balance_augment_std": 0.0026193723103014933
    },
    "8": {
        "imbalance_base_mean": 0.003479997147543322,
        "imbalance_base_std": 0.0013969759153374746,
        "balance_base_mean": 0.035185053127005636,
        "balance_base_std": 0.0008249963553578867,
        "balance_augment_mean": 0.023789488697140412,
        "balance_augment_std": 0.0009434691811190893
    },
    "9": {
        "imbalance_base_mean": 0.0017542608571632316,
        "imbalance_base_std": 0.001298259550478531,
        "balance_base_mean": 0.030278827640305213,
        "balance_base_std": 0.0024143311952647896,
        "balance_augment_mean": 0.02048063895029594,
        "balance_augment_std": 0.0005835348369244465
    }
}