{
    "0": {
        "imbalance_base_mean": 0.5470978212450488,
        "imbalance_base_std": 0.0,
        "balance_base_mean": 0.5470978212450488,
        "balance_base_std": 0.0,
        "balance_augment_mean": 0.5421923923794962,
        "balance_augment_std": 0.003329476224665581
    },
    "1": {
        "imbalance_base_mean": 0.5571912302155153,
        "imbalance_base_std": 0.005530454672884747,
        "balance_base_mean": 0.542288513965933,
        "balance_base_std": 0.005843979094852959,
        "balance_augment_mean": 0.5472884366150563,
        "balance_augment_std": 0.0043203638924509576
    },
    "2": {
        "imbalance_base_mean": 0.5416956563251258,
        "imbalance_base_std": 0.001898972042906343,
        "balance_base_mean": 0.5382373835201315,
        "balance_base_std": 0.0030991829777480186,
        "balance_augment_mean": 0.5481409180128185,
        "balance_augment_std": 0.004137087433169787
    },
    "3": {
        "imbalance_base_mean": 0.5297156748097607,
        "imbalance_base_std": 0.002559934917068998,
        "balance_base_mean": 0.5353699167540837,
        "balance_base_std": 0.0028681440802532632,
        "balance_augment_mean": 0.5454438914517976,
        "balance_augment_std": 0.0038428889108910375
    },
    "4": {
        "imbalance_base_mean": 0.5245867094708547,
        "imbalance_base_std": 0.0010206832055679525,
        "balance_base_mean": 0.5351747825894957,
        "balance_base_std": 0.006707397182496752,
        "balance_augment_mean": 0.545711674527418,
        "balance_augment_std": 0.004552862241346252
    },
    "5": {
        "imbalance_base_mean": 0.520204499560759,
        "imbalance_base_std": 0.0010709065083007268,
        "balance_base_mean": 0.5339057512767938,
        "balance_base_std": 0.007047291661746549,
        "balance_augment_mean": 0.547149697957247,
        "balance_augment_std": 0.004311807895794742
    },
    "6": {
        "imbalance_base_mean": 0.5173837608459332,
        "imbalance_base_std": 0.0008063577941683684,
        "balance_base_mean": 0.5278562504569285,
        "balance_base_std": 0.004564047156958704,
        "balance_augment_mean": 0.5455300842183644,
        "balance_augment_std": 0.005386674013633101
    },
    "7": {
        "imbalance_base_mean": 0.5159478430188562,
        "imbalance_base_std": 0.0014928049535797498,
        "balance_base_mean": 0.5278639108073586,
        "balance_base_std": 0.00633773696239958,
        "balance_augment_mean": 0.5447444334596071,
        "balance_augment_std": 0.007823210805050293
    },
    "8": {
        "imbalance_base_mean": 0.5138703656591727,
        "imbalance_base_std": 0.001441981782241503,
        "balance_base_mean": 0.5258698294000819,
        "balance_base_std": 0.005008526395045732,
        "balance_augment_mean": 0.5415788675175873,
        "balance_augment_std": 0.004285692852104173
    },
    "9": {
        "imbalance_base_mean": 0.5121184626969253,
        "imbalance_base_std": 0.0008130178897570608,
        "balance_base_mean": 0.5218798266671616,
        "balance_base_std": 0.004455204229898277,
        "balance_augment_mean": 0.5420934052897657,
        "balance_augment_std": 0.003001369371931426
    }
}