{
    "0": {
        "imbalance_base_mean": 0.5486688825665988,
        "imbalance_base_std": 0.00248441919757,
        "balance_base_mean": 0.5486688825665988,
        "balance_base_std": 0.00248441919757,
        "balance_augment_mean": 0.5921523580627507,
        "balance_augment_std": 0.0029581973239820544
    },
    "1": {
        "imbalance_base_mean": 0.5284857371182785,
        "imbalance_base_std": 0.005742493190571957,
        "balance_base_mean": 0.5554065297039614,
        "balance_base_std": 0.005220540987074666,
        "balance_augment_mean": 0.584903312981031,
        "balance_augment_std": 0.003383580793541479
    },
    "2": {
        "imbalance_base_mean": 0.5127421747189678,
        "imbalance_base_std": 0.0018254320759860268,
        "balance_base_mean": 0.553800827890688,
        "balance_base_std": 0.004657171476584491,
        "balance_augment_mean": 0.5777136874560004,
        "balance_augment_std": 0.004342827167509084
    },
    "3": {
        "imbalance_base_mean": 0.5063353871542706,
        "imbalance_base_std": 0.0009085681778261212,
        "balance_base_mean": 0.5466101979490798,
        "balance_base_std": 0.003634467885933833,
        "balance_augment_mean": 0.5712011916346433,
        "balance_augment_std": 0.006319376363277362
    },
    "4": {
        "imbalance_base_mean": 0.5045706756126243,
        "imbalance_base_std": 0.0018601740245570667,
        "balance_base_mean": 0.5502741307723858,
        "balance_base_std": 0.003023265020293419,
        "balance_augment_mean": 0.5686005566645154,
        "balance_augment_std": 0.005719977099030736
    },
    "5": {
        "imbalance_base_mean": 0.502663098017048,
        "imbalance_base_std": 0.0011344428888698114,
        "balance_base_mean": 0.5462020078041139,
        "balance_base_std": 0.0019713182887740096,
        "balance_augment_mean": 0.5636780769095469,
        "balance_augment_std": 0.004573195586924861
    },
    "6": {
        "imbalance_base_mean": 0.5021844816377335,
        "imbalance_base_std": 0.001186842434060989,
        "balance_base_mean": 0.5440912213986817,
        "balance_base_std": 0.0013639653555212697,
        "balance_augment_mean": 0.5583383482521018,
        "balance_augment_std": 0.003788006288692535
    },
    "7": {
        "imbalance_base_mean": 0.5022033482531172,
        "imbalance_base_std": 0.0014200996014821095,
        "balance_base_mean": 0.5467983392142536,
        "balance_base_std": 0.0036222786245902177,
        "balance_augment_mean": 0.5593859391900456,
        "balance_augment_std": 0.0019997169369537437
    },
    "8": {
        "imbalance_base_mean": 0.5015279673143059,
        "imbalance_base_std": 0.0006413337994344333,
        "balance_base_mean": 0.5438539501226428,
        "balance_base_std": 0.002736221519477569,
        "balance_augment_mean": 0.5569269170211635,
        "balance_augment_std": 0.0034865228906427286
    },
    "9": {
        "imbalance_base_mean": 0.5007438536369175,
        "imbalance_base_std": 0.000577100886608815,
        "balance_base_mean": 0.54429352817765,
        "balance_base_std": 0.0032561480286559747,
        "balance_augment_mean": 0.5553822979920296,
        "balance_augment_std": 0.003547761885426142
    }
}