{
    "0": {
        "imbalance_base_mean": 0.5214474151784348,
        "imbalance_base_std": 0.0,
        "balance_base_mean": 0.5214474151784348,
        "balance_base_std": 0.0,
        "balance_augment_mean": 0.5274170534322101,
        "balance_augment_std": 0.0061087700269542656
    },
    "1": {
        "imbalance_base_mean": 0.5318792909351198,
        "imbalance_base_std": 0.006634191032849451,
        "balance_base_mean": 0.5328273137337429,
        "balance_base_std": 0.005728773903512924,
        "balance_augment_mean": 0.5314016785403755,
        "balance_augment_std": 0.006315802499606103
    },
    "2": {
        "imbalance_base_mean": 0.5216452519796284,
        "imbalance_base_std": 0.003711422867974477,
        "balance_base_mean": 0.5288265164386641,
        "balance_base_std": 0.004182064465423076,
        "balance_augment_mean": 0.5306095843952734,
        "balance_augment_std": 0.0010815266644088255
    },
    "3": {
        "imbalance_base_mean": 0.5168749052635364,
        "imbalance_base_std": 0.0033155617774285463,
        "balance_base_mean": 0.5258495691296967,
        "balance_base_std": 0.003301538111293565,
        "balance_augment_mean": 0.5263618716969842,
        "balance_augment_std": 0.003609071322353068
    },
    "4": {
        "imbalance_base_mean": 0.5128340194348171,
        "imbalance_base_std": 0.0035302983717251262,
        "balance_base_mean": 0.523362041402345,
        "balance_base_std": 0.003868285589643848,
        "balance_augment_mean": 0.5242184730733046,
        "balance_augment_std": 0.0026837460114337093
    },
    "5": {
        "imbalance_base_mean": 0.5115949257842207,
        "imbalance_base_std": 0.0020808027942748816,
        "balance_base_mean": 0.521360650866435,
        "balance_base_std": 0.0031727267550512154,
        "balance_augment_mean": 0.5240390920487139,
        "balance_augment_std": 0.0020203448292982866
    },
    "6": {
        "imbalance_base_mean": 0.507797618103632,
        "imbalance_base_std": 0.0013647487549370582,
        "balance_base_mean": 0.5218585166194504,
        "balance_base_std": 0.0027697205541395652,
        "balance_augment_mean": 0.522566087273536,
        "balance_augment_std": 0.0016582532313302483
    },
    "7": {
        "imbalance_base_mean": 0.506313135763023,
        "imbalance_base_std": 0.0007494976603815579,
        "balance_base_mean": 0.5204929541775524,
        "balance_base_std": 0.0032855472897962996,
        "balance_augment_mean": 0.5220767419971468,
        "balance_augment_std": 0.0025253665495762094
    },
    "8": {
        "imbalance_base_mean": 0.5059551362064264,
        "imbalance_base_std": 0.0007016769555196307,
        "balance_base_mean": 0.5194317213184558,
        "balance_base_std": 0.0031492971730459358,
        "balance_augment_mean": 0.5220760179531968,
        "balance_augment_std": 0.0031513621380405456
    },
    "9": {
        "imbalance_base_mean": 0.5043914129579873,
        "imbalance_base_std": 0.0005150563697284535,
        "balance_base_mean": 0.5191439656891987,
        "balance_base_std": 0.0014510293420138206,
        "balance_augment_mean": 0.5204531218241402,
        "balance_augment_std": 0.0027741587719606058
    }
}