{
    "0": {
        "imbalance_base_mean": 0.5917421379162804,
        "imbalance_base_std": 0.0,
        "balance_base_mean": 0.5917421379162804,
        "balance_base_std": 0.0,
        "balance_augment_mean": 0.6551237253084219,
        "balance_augment_std": 0.006712431213900681
    },
    "1": {
        "imbalance_base_mean": 0.25592241317834985,
        "imbalance_base_std": 0.024111038637951956,
        "balance_base_mean": 0.5403836554232333,
        "balance_base_std": 0.006741309302424301,
        "balance_augment_mean": 0.5714469086500749,
        "balance_augment_std": 0.0067943877475920705
    },
    "2": {
        "imbalance_base_mean": 0.14079726164158884,
        "imbalance_base_std": 0.009566856490320083,
        "balance_base_mean": 0.5098908935320545,
        "balance_base_std": 0.015860685161791097,
        "balance_augment_mean": 0.5293303857947658,
        "balance_augment_std": 0.010525855022796427
    },
    "3": {
        "imbalance_base_mean": 0.09035156528560223,
        "imbalance_base_std": 0.010977419274257917,
        "balance_base_mean": 0.48264993225415387,
        "balance_base_std": 0.014169375775298917,
        "balance_augment_mean": 0.5014333594808529,
        "balance_augment_std": 0.007561108883748379
    },
    "4": {
        "imbalance_base_mean": 0.07041289310418598,
        "imbalance_base_std": 0.005262685942666346,
        "balance_base_mean": 0.4655637167510518,
        "balance_base_std": 0.016867801842496765,
        "balance_augment_mean": 0.48276403052128647,
        "balance_augment_std": 0.011516509031060893
    },
    "5": {
        "imbalance_base_mean": 0.05492405334093988,
        "imbalance_base_std": 0.0041901510909531,
        "balance_base_mean": 0.4628681451900449,
        "balance_base_std": 0.01792681086435682,
        "balance_augment_mean": 0.47042715538757757,
        "balance_augment_std": 0.016723000145212157
    },
    "6": {
        "imbalance_base_mean": 0.04545389716893675,
        "imbalance_base_std": 0.003238072336105729,
        "balance_base_mean": 0.43890750909220566,
        "balance_base_std": 0.012313018389875125,
        "balance_augment_mean": 0.46078585181487564,
        "balance_augment_std": 0.015666168864516303
    },
    "7": {
        "imbalance_base_mean": 0.04110390073450759,
        "imbalance_base_std": 0.004677420156822734,
        "balance_base_mean": 0.4345004635242103,
        "balance_base_std": 0.0164412024956388,
        "balance_augment_mean": 0.4474506168437567,
        "balance_augment_std": 0.019439790481316433
    },
    "8": {
        "imbalance_base_mean": 0.03507095485987306,
        "imbalance_base_std": 0.004317822382878546,
        "balance_base_mean": 0.42724096127790057,
        "balance_base_std": 0.012137731077104301,
        "balance_augment_mean": 0.4382799686229766,
        "balance_augment_std": 0.013432087959340805
    },
    "9": {
        "imbalance_base_mean": 0.02982243457177494,
        "imbalance_base_std": 0.0022225378907045294,
        "balance_base_mean": 0.4150324466947158,
        "balance_base_std": 0.008625439414794867,
        "balance_augment_mean": 0.4328888255009627,
        "balance_augment_std": 0.0058186970060632535
    }
}