{
    "0": {
        "imbalance_base_mean": 0.5024535045738172,
        "imbalance_base_std": 0.0,
        "balance_base_mean": 0.5024535045738172,
        "balance_base_std": 0.0,
        "balance_augment_mean": 0.43736596595383775,
        "balance_augment_std": 0.015509073793909298
    },
    "1": {
        "imbalance_base_mean": 0.25592241317834985,
        "imbalance_base_std": 0.024111038637951956,
        "balance_base_mean": 0.5329284142023536,
        "balance_base_std": 0.007463930876335019,
        "balance_augment_mean": 0.5281638092930272,
        "balance_augment_std": 0.02188004935476916
    },
    "2": {
        "imbalance_base_mean": 0.14079726164158884,
        "imbalance_base_std": 0.009566856490320083,
        "balance_base_mean": 0.5059545033159809,
        "balance_base_std": 0.021039841115960807,
        "balance_augment_mean": 0.5321901131530786,
        "balance_augment_std": 0.007061720630610595
    },
    "3": {
        "imbalance_base_mean": 0.09035156528560223,
        "imbalance_base_std": 0.010977419274257917,
        "balance_base_mean": 0.48002567211010483,
        "balance_base_std": 0.010113014962397296,
        "balance_augment_mean": 0.5048563074948299,
        "balance_augment_std": 0.006428256524839508
    },
    "4": {
        "imbalance_base_mean": 0.07041289310418598,
        "imbalance_base_std": 0.005262685942666346,
        "balance_base_mean": 0.46119945803323115,
        "balance_base_std": 0.008169263622149453,
        "balance_augment_mean": 0.47992583612636375,
        "balance_augment_std": 0.004404714060288888
    },
    "5": {
        "imbalance_base_mean": 0.05492405334093988,
        "imbalance_base_std": 0.0041901510909531,
        "balance_base_mean": 0.4422734079726164,
        "balance_base_std": 0.010830887312366073,
        "balance_augment_mean": 0.46928617271625195,
        "balance_augment_std": 0.008843811813387364
    },
    "6": {
        "imbalance_base_mean": 0.04545389716893675,
        "imbalance_base_std": 0.003238072336105729,
        "balance_base_mean": 0.43026456535691365,
        "balance_base_std": 0.008866002525389903,
        "balance_augment_mean": 0.4566925764814947,
        "balance_augment_std": 0.008322919192680325
    },
    "7": {
        "imbalance_base_mean": 0.04110390073450759,
        "imbalance_base_std": 0.004677420156822734,
        "balance_base_mean": 0.4201953932824646,
        "balance_base_std": 0.0060053528574259985,
        "balance_augment_mean": 0.44324324324324327,
        "balance_augment_std": 0.00827809761542708
    },
    "8": {
        "imbalance_base_mean": 0.03507095485987306,
        "imbalance_base_std": 0.004317822382878546,
        "balance_base_mean": 0.4096840904228767,
        "balance_base_std": 0.011081986927134023,
        "balance_augment_mean": 0.4356557084789275,
        "balance_augment_std": 0.012908382912530717
    },
    "9": {
        "imbalance_base_mean": 0.02982243457177494,
        "imbalance_base_std": 0.0022225378907045294,
        "balance_base_mean": 0.40446409470156175,
        "balance_base_std": 0.004422779842056242,
        "balance_augment_mean": 0.4267560436425872,
        "balance_augment_std": 0.003836421680940654
    }
}