{
    "0": {
        "imbalance_base_mean": 0.5330811364989557,
        "imbalance_base_std": 0.013159256560034454,
        "balance_base_mean": 0.5330811364989557,
        "balance_base_std": 0.013159256560034454,
        "balance_augment_mean": 0.5357581015128713,
        "balance_augment_std": 0.013443459479071473
    },
    "1": {
        "imbalance_base_mean": 0.11369892319760393,
        "imbalance_base_std": 0.01764640457524542,
        "balance_base_mean": 0.26989945090208944,
        "balance_base_std": 0.021279183432173207,
        "balance_augment_mean": 0.2658204378521002,
        "balance_augment_std": 0.02072411367307961
    },
    "2": {
        "imbalance_base_mean": 0.040205376880838625,
        "imbalance_base_std": 0.006236288401731118,
        "balance_base_mean": 0.14767168223632604,
        "balance_base_std": 0.02055434047215979,
        "balance_augment_mean": 0.15705626470797973,
        "balance_augment_std": 0.015552992246321751
    },
    "3": {
        "imbalance_base_mean": 0.016729658418312775,
        "imbalance_base_std": 0.002554740843196425,
        "balance_base_mean": 0.09471582400342296,
        "balance_base_std": 0.008040108477894912,
        "balance_augment_mean": 0.09308992369678384,
        "balance_augment_std": 0.009955502892555293
    },
    "4": {
        "imbalance_base_mean": 0.011552449547172503,
        "imbalance_base_std": 0.004923484004352849,
        "balance_base_mean": 0.07325108749910861,
        "balance_base_std": 0.00576933603272706,
        "balance_augment_mean": 0.06641945375454611,
        "balance_augment_std": 0.005721042591852437
    },
    "5": {
        "imbalance_base_mean": 0.0064893389431648005,
        "imbalance_base_std": 0.00291278987669128,
        "balance_base_mean": 0.056007986878699276,
        "balance_base_std": 0.005119861770337222,
        "balance_augment_mean": 0.04968979533623332,
        "balance_augment_std": 0.003774092319136446
    },
    "6": {
        "imbalance_base_mean": 0.005120159737573985,
        "imbalance_base_std": 0.0027781815156382394,
        "balance_base_mean": 0.0448834058332739,
        "balance_base_std": 0.0018843493763005042,
        "balance_augment_mean": 0.03766669043713899,
        "balance_augment_std": 0.0033318232535428445
    },
    "7": {
        "imbalance_base_mean": 0.005048848320616131,
        "imbalance_base_std": 0.003208031099792165,
        "balance_base_mean": 0.03990586892961563,
        "balance_base_std": 0.0011162913458945723,
        "balance_augment_mean": 0.03251800613278186,
        "balance_augment_std": 0.0033663218876595767
    },
    "8": {
        "imbalance_base_mean": 0.003479997147543322,
        "imbalance_base_std": 0.0013969759153374746,
        "balance_base_mean": 0.035185053127005636,
        "balance_base_std": 0.0008249963553578867,
        "balance_augment_mean": 0.028553091349925126,
        "balance_augment_std": 0.0019228181754378042
    },
    "9": {
        "imbalance_base_mean": 0.0017542608571632316,
        "imbalance_base_std": 0.001298259550478531,
        "balance_base_mean": 0.030278827640305213,
        "balance_base_std": 0.0024143311952647896,
        "balance_augment_mean": 0.023604079013049988,
        "balance_augment_std": 0.0020509937117304485
    }
}