{
    "0": {
        "imbalance_base_mean": 0.5486688825665988,
        "imbalance_base_std": 0.00248441919757,
        "balance_base_mean": 0.5486688825665988,
        "balance_base_std": 0.00248441919757,
        "balance_augment_mean": 0.5521353639390714,
        "balance_augment_std": 0.002769337482818884
    },
    "1": {
        "imbalance_base_mean": 0.5284857371182785,
        "imbalance_base_std": 0.005742493190571957,
        "balance_base_mean": 0.5304001404265096,
        "balance_base_std": 0.0065084115073643055,
        "balance_augment_mean": 0.5334654919465425,
        "balance_augment_std": 0.007381658984584885
    },
    "2": {
        "imbalance_base_mean": 0.5127421747189678,
        "imbalance_base_std": 0.0018254320759860268,
        "balance_base_mean": 0.5159876554999403,
        "balance_base_std": 0.004455824895516762,
        "balance_augment_mean": 0.5209407395040163,
        "balance_augment_std": 0.005588045008027715
    },
    "3": {
        "imbalance_base_mean": 0.5063353871542706,
        "imbalance_base_std": 0.0009085681778261212,
        "balance_base_mean": 0.5095436513850033,
        "balance_base_std": 0.0011430156619770847,
        "balance_augment_mean": 0.5113706367544468,
        "balance_augment_std": 0.0014247242815577292
    },
    "4": {
        "imbalance_base_mean": 0.5045706756126243,
        "imbalance_base_std": 0.0018601740245570667,
        "balance_base_mean": 0.5073288817273819,
        "balance_base_std": 0.0018389335683454953,
        "balance_augment_mean": 0.508590054398381,
        "balance_augment_std": 0.0012449954177520886
    },
    "5": {
        "imbalance_base_mean": 0.502663098017048,
        "imbalance_base_std": 0.0011344428888698114,
        "balance_base_mean": 0.5054620415401553,
        "balance_base_std": 0.0015921991133408626,
        "balance_augment_mean": 0.5060294474808954,
        "balance_augment_std": 0.0015856272552976182
    },
    "6": {
        "imbalance_base_mean": 0.5021844816377335,
        "imbalance_base_std": 0.001186842434060989,
        "balance_base_mean": 0.5040131574510769,
        "balance_base_std": 0.0006134166726123695,
        "balance_augment_mean": 0.5049303643170993,
        "balance_augment_std": 0.0009260756653679896
    },
    "7": {
        "imbalance_base_mean": 0.5022033482531172,
        "imbalance_base_std": 0.0014200996014821095,
        "balance_base_mean": 0.5041959828685153,
        "balance_base_std": 0.00039194894998294223,
        "balance_augment_mean": 0.5038010911990336,
        "balance_augment_std": 0.0006839630755791042
    },
    "8": {
        "imbalance_base_mean": 0.5015279673143059,
        "imbalance_base_std": 0.0006413337994344333,
        "balance_base_mean": 0.5030229500202181,
        "balance_base_std": 0.0007741602630969082,
        "balance_augment_mean": 0.5022140028449658,
        "balance_augment_std": 0.000628152147241936
    },
    "9": {
        "imbalance_base_mean": 0.5007438536369175,
        "imbalance_base_std": 0.000577100886608815,
        "balance_base_mean": 0.5020661721650972,
        "balance_base_std": 0.000635640262098515,
        "balance_augment_mean": 0.5018802298162154,
        "balance_augment_std": 0.00021401211066247194
    }
}