{
    "0": {
        "imbalance_base_mean": 0.5214474151784348,
        "imbalance_base_std": 0.0,
        "balance_base_mean": 0.5214474151784348,
        "balance_base_std": 0.0,
        "balance_augment_mean": 0.5330750115018659,
        "balance_augment_std": 0.005179597497365038
    },
    "1": {
        "imbalance_base_mean": 0.5318792909351198,
        "imbalance_base_std": 0.006634191032849451,
        "balance_base_mean": 0.523413747903734,
        "balance_base_std": 0.007842037284203756,
        "balance_augment_mean": 0.5232236729746462,
        "balance_augment_std": 0.00644058969525762
    },
    "2": {
        "imbalance_base_mean": 0.5216452519796284,
        "imbalance_base_std": 0.003711422867974477,
        "balance_base_mean": 0.5188373075879664,
        "balance_base_std": 0.00406116097923468,
        "balance_augment_mean": 0.520784083350488,
        "balance_augment_std": 0.0028410512045821817
    },
    "3": {
        "imbalance_base_mean": 0.5168749052635364,
        "imbalance_base_std": 0.0033155617774285463,
        "balance_base_mean": 0.5125613283261921,
        "balance_base_std": 0.0009595923801165311,
        "balance_augment_mean": 0.5139246724114773,
        "balance_augment_std": 0.0028517963952089226
    },
    "4": {
        "imbalance_base_mean": 0.5128340194348171,
        "imbalance_base_std": 0.0035302983717251262,
        "balance_base_mean": 0.5108568152500902,
        "balance_base_std": 0.0038699809394755666,
        "balance_augment_mean": 0.5128421282086482,
        "balance_augment_std": 0.0034152137167766964
    },
    "5": {
        "imbalance_base_mean": 0.5115949257842207,
        "imbalance_base_std": 0.0020808027942748816,
        "balance_base_mean": 0.5080625572763153,
        "balance_base_std": 0.0014896680578119325,
        "balance_augment_mean": 0.5106378779246434,
        "balance_augment_std": 0.0022463756358182883
    },
    "6": {
        "imbalance_base_mean": 0.507797618103632,
        "imbalance_base_std": 0.0013647487549370582,
        "balance_base_mean": 0.5053944337203233,
        "balance_base_std": 0.0018580305013104577,
        "balance_augment_mean": 0.5077141750624481,
        "balance_augment_std": 0.0018733879888794924
    },
    "7": {
        "imbalance_base_mean": 0.506313135763023,
        "imbalance_base_std": 0.0007494976603815579,
        "balance_base_mean": 0.5050303502073143,
        "balance_base_std": 0.0016329096621727557,
        "balance_augment_mean": 0.5067052440105657,
        "balance_augment_std": 0.0013560801394418712
    },
    "8": {
        "imbalance_base_mean": 0.5059551362064264,
        "imbalance_base_std": 0.0007016769555196307,
        "balance_base_mean": 0.5042784409334429,
        "balance_base_std": 0.0007093540237841509,
        "balance_augment_mean": 0.5063940174339329,
        "balance_augment_std": 0.00029797925000239663
    },
    "9": {
        "imbalance_base_mean": 0.5043914129579873,
        "imbalance_base_std": 0.0005150563697284535,
        "balance_base_mean": 0.5041843623087241,
        "balance_base_std": 0.000997793943855964,
        "balance_augment_mean": 0.5051864391354809,
        "balance_augment_std": 0.0008986409449432727
    }
}