{
    "0": {
        "imbalance_base_mean": 0.6924534902994013,
        "imbalance_base_std": 0.00210144625703104,
        "balance_base_mean": 0.6924534902994013,
        "balance_base_std": 0.00210144625703104,
        "balance_augment_mean": 0.6698888885179072,
        "balance_augment_std": 0.0016597368737407514
    },
    "1": {
        "imbalance_base_mean": 0.7352383891041858,
        "imbalance_base_std": 0.003917423708768697,
        "balance_base_mean": 0.6923043665348236,
        "balance_base_std": 0.005168912064958241,
        "balance_augment_mean": 0.6719179707811118,
        "balance_augment_std": 0.0013086850908405102
    },
    "2": {
        "imbalance_base_mean": 0.8106868664430543,
        "imbalance_base_std": 0.005682089966074266,
        "balance_base_mean": 0.6967804285038113,
        "balance_base_std": 0.00465340715438663,
        "balance_augment_mean": 0.6759674601607675,
        "balance_augment_std": 0.0019218060935599164
    },
    "3": {
        "imbalance_base_mean": 0.8888341813678513,
        "imbalance_base_std": 0.005050027343173738,
        "balance_base_mean": 0.6994138989362606,
        "balance_base_std": 0.004205132669458641,
        "balance_augment_mean": 0.680825785546071,
        "balance_augment_std": 0.002399034213347788
    },
    "4": {
        "imbalance_base_mean": 0.9586500882719143,
        "imbalance_base_std": 0.010017790758170369,
        "balance_base_mean": 0.7016949548453237,
        "balance_base_std": 0.002586824528494543,
        "balance_augment_mean": 0.6833900001368994,
        "balance_augment_std": 0.0022254382149512718
    },
    "5": {
        "imbalance_base_mean": 1.029384660795071,
        "imbalance_base_std": 0.0064468683954036704,
        "balance_base_mean": 0.7048166543292924,
        "balance_base_std": 0.003548454667500418,
        "balance_augment_mean": 0.6871579135681793,
        "balance_augment_std": 0.001956699905015776
    },
    "6": {
        "imbalance_base_mean": 1.0948385974961001,
        "imbalance_base_std": 0.009112410409448806,
        "balance_base_mean": 0.7075980658170542,
        "balance_base_std": 0.0037436604465001674,
        "balance_augment_mean": 0.6915993253031099,
        "balance_augment_std": 0.0025646941187836333
    },
    "7": {
        "imbalance_base_mean": 1.1525410312423123,
        "imbalance_base_std": 0.017001615345256064,
        "balance_base_mean": 0.7075098227895164,
        "balance_base_std": 0.0036690638511026204,
        "balance_augment_mean": 0.6919553005200191,
        "balance_augment_std": 0.002645813544728141
    },
    "8": {
        "imbalance_base_mean": 1.2107862926322897,
        "imbalance_base_std": 0.00998606806743377,
        "balance_base_mean": 0.7094852346950631,
        "balance_base_std": 0.003027582358600886,
        "balance_augment_mean": 0.6953354103477583,
        "balance_augment_std": 0.002883276123299868
    },
    "9": {
        "imbalance_base_mean": 1.275295087663375,
        "imbalance_base_std": 0.014635158547928963,
        "balance_base_mean": 0.7105743733214999,
        "balance_base_std": 0.0016830326386714587,
        "balance_augment_mean": 0.6977291303519679,
        "balance_augment_std": 0.0032320402293892696
    }
}