{
    "0": {
        "imbalance_base_mean": 0.6924534902994013,
        "imbalance_base_std": 0.00210144625703104,
        "balance_base_mean": 0.6924534902994013,
        "balance_base_std": 0.00210144625703104,
        "balance_augment_mean": 0.6997927312490662,
        "balance_augment_std": 0.0032695667543553735
    },
    "1": {
        "imbalance_base_mean": 0.7352383891041858,
        "imbalance_base_std": 0.003917423708768697,
        "balance_base_mean": 0.7158683328549779,
        "balance_base_std": 0.004205317273102053,
        "balance_augment_mean": 0.7233413773245362,
        "balance_augment_std": 0.004488465248524651
    },
    "2": {
        "imbalance_base_mean": 0.8106868664430543,
        "imbalance_base_std": 0.005682089966074266,
        "balance_base_mean": 0.7484580845744828,
        "balance_base_std": 0.002602446180730222,
        "balance_augment_mean": 0.7564751214530432,
        "balance_augment_std": 0.0032639355124938086
    },
    "3": {
        "imbalance_base_mean": 0.8888341813678513,
        "imbalance_base_std": 0.005050027343173738,
        "balance_base_mean": 0.7836014096909736,
        "balance_base_std": 0.0049515238719451725,
        "balance_augment_mean": 0.7979161511816572,
        "balance_augment_std": 0.00487295172022522
    },
    "4": {
        "imbalance_base_mean": 0.9586500882719143,
        "imbalance_base_std": 0.010017790758170369,
        "balance_base_mean": 0.8167540224977852,
        "balance_base_std": 0.003243813245037675,
        "balance_augment_mean": 0.8272291938978042,
        "balance_augment_std": 0.005683457041036793
    },
    "5": {
        "imbalance_base_mean": 1.029384660795071,
        "imbalance_base_std": 0.0064468683954036704,
        "balance_base_mean": 0.8458414731607864,
        "balance_base_std": 0.004072980695066315,
        "balance_augment_mean": 0.8586114672370856,
        "balance_augment_std": 0.004362809180930426
    },
    "6": {
        "imbalance_base_mean": 1.0948385974961001,
        "imbalance_base_std": 0.009112410409448806,
        "balance_base_mean": 0.875758445942888,
        "balance_base_std": 0.0071270270249598035,
        "balance_augment_mean": 0.8863670282696565,
        "balance_augment_std": 0.005167648676719955
    },
    "7": {
        "imbalance_base_mean": 1.1525410312423123,
        "imbalance_base_std": 0.017001615345256064,
        "balance_base_mean": 0.8962316831411046,
        "balance_base_std": 0.002760459624967516,
        "balance_augment_mean": 0.9098145943859699,
        "balance_augment_std": 0.005087528104119706
    },
    "8": {
        "imbalance_base_mean": 1.2107862926322897,
        "imbalance_base_std": 0.00998606806743377,
        "balance_base_mean": 0.921399769478637,
        "balance_base_std": 0.0029402711507457856,
        "balance_augment_mean": 0.9339427416082462,
        "balance_augment_std": 0.003598437743472056
    },
    "9": {
        "imbalance_base_mean": 1.275295087663375,
        "imbalance_base_std": 0.014635158547928963,
        "balance_base_mean": 0.9435503004160447,
        "balance_base_std": 0.001780517215626469,
        "balance_augment_mean": 0.9610083930082665,
        "balance_augment_std": 0.0036848920477543542
    }
}