{
    "0": {
        "balance_augment_mean": 0.19717606788846892,
        "balance_augment_std": 0.003640934969740376
    },
    "1": {
        "balance_augment_mean": 0.19683377308707123,
        "balance_augment_std": 0.007152702199509517
    },
    "2": {
        "balance_augment_mean": 0.18672181416244743,
        "balance_augment_std": 0.0027621002442291664
    },
    "3": {
        "balance_augment_mean": 0.18575197889182057,
        "balance_augment_std": 0.003311000685309602
    },
    "4": {
        "balance_augment_mean": 0.18375525921700064,
        "balance_augment_std": 0.00865397466773837
    },
    "5": {
        "balance_augment_mean": 0.18215788347714468,
        "balance_augment_std": 0.00796732051777509
    },
    "6": {
        "balance_augment_mean": 0.18231476859445195,
        "balance_augment_std": 0.005458673539115658
    },
    "7": {
        "balance_augment_mean": 0.18807673108464668,
        "balance_augment_std": 0.00797280776802018
    },
    "8": {
        "balance_augment_mean": 0.18158739214148184,
        "balance_augment_std": 0.007758026701509794
    },
    "9": {
        "balance_augment_mean": 0.18572345432503745,
        "balance_augment_std": 0.010356480263798014
    },
    "10": {
        "train_all_augment": 0.5706339584967554
    }
}