{
    "0": {
        "imbalance_base_mean": 1.1315275159147615,
        "imbalance_base_std": 0.0,
        "balance_base_mean": 1.1315275159147615,
        "balance_base_std": 0.0,
        "balance_augment_mean": 0.8751673363682333,
        "balance_augment_std": 0.04477253313068823
    },
    "1": {
        "imbalance_base_mean": 1.9762513094943774,
        "imbalance_base_std": 0.022634203012879214,
        "balance_base_mean": 1.1535662329126022,
        "balance_base_std": 0.06146974241189577,
        "balance_augment_mean": 1.0132312136443065,
        "balance_augment_std": 0.026603283630140053
    },
    "2": {
        "imbalance_base_mean": 2.610643409470244,
        "imbalance_base_std": 0.021397767830645946,
        "balance_base_mean": 1.2565393373192126,
        "balance_base_std": 0.08935390033822205,
        "balance_augment_mean": 1.1060146877770927,
        "balance_augment_std": 0.046792210532308434
    },
    "3": {
        "imbalance_base_mean": 3.0512421832162224,
        "imbalance_base_std": 0.0530428131796513,
        "balance_base_mean": 1.3611853758726604,
        "balance_base_std": 0.06097292752747197,
        "balance_augment_mean": 1.2003370524014474,
        "balance_augment_std": 0.024193205360684523
    },
    "4": {
        "imbalance_base_mean": 3.4158336804388987,
        "imbalance_base_std": 0.05393232813853229,
        "balance_base_mean": 1.4109153019662772,
        "balance_base_std": 0.046007215401541394,
        "balance_augment_mean": 1.2386096762106307,
        "balance_augment_std": 0.032109664308979685
    },
    "5": {
        "imbalance_base_mean": 3.6970167279660813,
        "imbalance_base_std": 0.058335829033998136,
        "balance_base_mean": 1.4541056775293488,
        "balance_base_std": 0.08319049618630663,
        "balance_augment_mean": 1.277560014545545,
        "balance_augment_std": 0.04490790707346959
    },
    "6": {
        "imbalance_base_mean": 3.9761729919933018,
        "imbalance_base_std": 0.03907137982966805,
        "balance_base_mean": 1.453856578762565,
        "balance_base_std": 0.07116970410330148,
        "balance_augment_mean": 1.3088324232341142,
        "balance_augment_std": 0.05377897648685755
    },
    "7": {
        "imbalance_base_mean": 4.150784498333799,
        "imbalance_base_std": 0.04147838000670167,
        "balance_base_mean": 1.4988761487448978,
        "balance_base_std": 0.05576069995795686,
        "balance_augment_mean": 1.3236788049471437,
        "balance_augment_std": 0.04808413880104461
    },
    "8": {
        "imbalance_base_mean": 4.342595277988634,
        "imbalance_base_std": 0.049839177453505704,
        "balance_base_mean": 1.504237769567466,
        "balance_base_std": 0.040731618530854566,
        "balance_augment_mean": 1.3622399213082235,
        "balance_augment_std": 0.03513586537189568
    },
    "9": {
        "imbalance_base_mean": 4.504503086748305,
        "imbalance_base_std": 0.03535132544190308,
        "balance_base_mean": 1.5136785767960315,
        "balance_base_std": 0.02303354251085284,
        "balance_augment_mean": 1.3936120111719306,
        "balance_augment_std": 0.02207230089673069
    }
}