{
    "0": {
        "imbalance_base_mean": 0.5100905654995365,
        "imbalance_base_std": 0.0,
        "balance_base_mean": 0.5100905654995365,
        "balance_base_std": 0.0,
        "balance_augment_mean": 0.5142704954151063,
        "balance_augment_std": 0.012961285276970855
    },
    "1": {
        "imbalance_base_mean": 0.2608143763816587,
        "imbalance_base_std": 0.017266295146569126,
        "balance_base_mean": 0.30382942309063676,
        "balance_base_std": 0.02759346787178872,
        "balance_augment_mean": 0.31462597161805606,
        "balance_augment_std": 0.02713344595797845
    },
    "2": {
        "imbalance_base_mean": 0.15684233045710622,
        "imbalance_base_std": 0.010724781921544893,
        "balance_base_mean": 0.21129572844612424,
        "balance_base_std": 0.012069380952405196,
        "balance_augment_mean": 0.21129572844612424,
        "balance_augment_std": 0.013275650248623075
    },
    "3": {
        "imbalance_base_mean": 0.09835270626827355,
        "imbalance_base_std": 0.015134386252651436,
        "balance_base_mean": 0.1476574199529345,
        "balance_base_std": 0.01567363300349388,
        "balance_augment_mean": 0.1474006988518862,
        "balance_augment_std": 0.019297349048773272
    },
    "4": {
        "imbalance_base_mean": 0.06880125508093846,
        "imbalance_base_std": 0.009063386531202712,
        "balance_base_mean": 0.11291449761106753,
        "balance_base_std": 0.007280137817191256,
        "balance_augment_mean": 0.10894958282821081,
        "balance_augment_std": 0.01139434162782283
    },
    "5": {
        "imbalance_base_mean": 0.053540611851957486,
        "imbalance_base_std": 0.005182215929593881,
        "balance_base_mean": 0.09096484347143978,
        "balance_base_std": 0.009475739155361478,
        "balance_augment_mean": 0.09470156172003137,
        "balance_augment_std": 0.007545138836166931
    },
    "6": {
        "imbalance_base_mean": 0.03471439777508379,
        "imbalance_base_std": 0.0035194622644533348,
        "balance_base_mean": 0.06835912429579975,
        "balance_base_std": 0.0048668879657636855,
        "balance_augment_mean": 0.06892961563146259,
        "balance_augment_std": 0.004671763266079613
    },
    "7": {
        "imbalance_base_mean": 0.028752763317407115,
        "imbalance_base_std": 0.003068015735659535,
        "balance_base_mean": 0.05951650859302574,
        "balance_base_std": 0.002398693896944408,
        "balance_augment_mean": 0.058831918990230325,
        "balance_augment_std": 0.005321380065457613
    },
    "8": {
        "imbalance_base_mean": 0.022948013977037725,
        "imbalance_base_std": 0.002667618949608658,
        "balance_base_mean": 0.051244384225914576,
        "balance_base_std": 0.005397779677064607,
        "balance_augment_mean": 0.049318975968052486,
        "balance_augment_std": 0.0044865253667615524
    },
    "9": {
        "imbalance_base_mean": 0.017785067389289026,
        "imbalance_base_std": 0.001095135353088639,
        "balance_base_mean": 0.04221635883905013,
        "balance_base_std": 0.005744177794471873,
        "balance_augment_mean": 0.04308635812593596,
        "balance_augment_std": 0.001177308084346513
    }
}