{
    "0": {
        "balance_augment_mean": 0.5073559011813239,
        "balance_augment_std": 0.0019132496486531198
    },
    "1": {
        "balance_augment_mean": 0.5076119747036842,
        "balance_augment_std": 0.0015928235623241702
    },
    "2": {
        "balance_augment_mean": 0.5064729231042299,
        "balance_augment_std": 0.003572207326953035
    },
    "3": {
        "balance_augment_mean": 0.5087452585759452,
        "balance_augment_std": 0.003239044785499507
    },
    "4": {
        "balance_augment_mean": 0.5086329799228445,
        "balance_augment_std": 0.0025399784993277046
    },
    "5": {
        "balance_augment_mean": 0.5061916881905939,
        "balance_augment_std": 0.0036047607526071956
    },
    "6": {
        "balance_augment_mean": 0.5079194130097937,
        "balance_augment_std": 0.004971395784249868
    },
    "7": {
        "balance_augment_mean": 0.5078354044712764,
        "balance_augment_std": 0.002328663985504923
    },
    "8": {
        "balance_augment_mean": 0.5078605148857107,
        "balance_augment_std": 0.0052668687329082845
    },
    "9": {
        "balance_augment_mean": 0.5092054731795479,
        "balance_augment_std": 0.0044501871230605075
    },
    "10": {
        "train_all_augment": 0.6032055140733429
    }
}