{
    "0": {
        "imbalance_base_mean": 0.5024535045738172,
        "imbalance_base_std": 0.0,
        "balance_base_mean": 0.5024535045738172,
        "balance_base_std": 0.0,
        "balance_augment_mean": 0.5111286121039559,
        "balance_augment_std": 0.00994842398694955
    },
    "1": {
        "imbalance_base_mean": 0.25592241317834985,
        "imbalance_base_std": 0.024111038637951956,
        "balance_base_mean": 0.5160521999572131,
        "balance_base_std": 0.014482406010203801,
        "balance_augment_mean": 0.5367895600085573,
        "balance_augment_std": 0.005278509426696325
    },
    "2": {
        "imbalance_base_mean": 0.14079726164158884,
        "imbalance_base_std": 0.009566856490320083,
        "balance_base_mean": 0.5089067959780362,
        "balance_base_std": 0.014027417945191032,
        "balance_augment_mean": 0.5256221921129572,
        "balance_augment_std": 0.006838671935395964
    },
    "3": {
        "imbalance_base_mean": 0.09035156528560223,
        "imbalance_base_std": 0.010977419274257917,
        "balance_base_mean": 0.5023889324680881,
        "balance_base_std": 0.011754406027327627,
        "balance_augment_mean": 0.5158382657063396,
        "balance_augment_std": 0.011068175166256949
    },
    "4": {
        "imbalance_base_mean": 0.07041289310418598,
        "imbalance_base_std": 0.005262685942666346,
        "balance_base_mean": 0.5018754902659917,
        "balance_base_std": 0.009365814654829727,
        "balance_augment_mean": 0.5124723668259288,
        "balance_augment_std": 0.005993995029589335
    },
    "5": {
        "imbalance_base_mean": 0.05492405334093988,
        "imbalance_base_std": 0.0041901510909531,
        "balance_base_mean": 0.5052413891464023,
        "balance_base_std": 0.007196025156309201,
        "balance_augment_mean": 0.5085502388932468,
        "balance_augment_std": 0.004225488796894498
    },
    "6": {
        "imbalance_base_mean": 0.04545389716893675,
        "imbalance_base_std": 0.003238072336105729,
        "balance_base_mean": 0.5072381088212223,
        "balance_base_std": 0.007028137209026134,
        "balance_augment_mean": 0.5090636810953433,
        "balance_augment_std": 0.006689695100338358
    },
    "7": {
        "imbalance_base_mean": 0.04110390073450759,
        "imbalance_base_std": 0.004677420156822734,
        "balance_base_mean": 0.5064964700848605,
        "balance_base_std": 0.006050066666589694,
        "balance_augment_mean": 0.5065249946516437,
        "balance_augment_std": 0.0030062647063537336
    },
    "8": {
        "imbalance_base_mean": 0.03507095485987306,
        "imbalance_base_std": 0.004317822382878546,
        "balance_base_mean": 0.5039149967909863,
        "balance_base_std": 0.004431096584218057,
        "balance_augment_mean": 0.5066676174855593,
        "balance_augment_std": 0.004034991290253325
    },
    "9": {
        "imbalance_base_mean": 0.02982243457177494,
        "imbalance_base_std": 0.0022225378907045294,
        "balance_base_mean": 0.5004492619268344,
        "balance_base_std": 0.00409613176283814,
        "balance_augment_mean": 0.5019468016829494,
        "balance_augment_std": 0.005578431025853624
    }
}