{
    "0": {
        "imbalance_base_mean": 1.1099599955918802,
        "imbalance_base_std": 0.0,
        "balance_base_mean": 1.1099599955918802,
        "balance_base_std": 0.0,
        "balance_augment_mean": 1.1390586845902924,
        "balance_augment_std": 0.02821403429790562
    },
    "1": {
        "imbalance_base_mean": 1.2076299181842454,
        "imbalance_base_std": 0.015244317378740577,
        "balance_base_mean": 1.2005393578583756,
        "balance_base_std": 0.017292317656736188,
        "balance_augment_mean": 1.2518364473315986,
        "balance_augment_std": 0.024022171740171516
    },
    "2": {
        "imbalance_base_mean": 1.4386308062272355,
        "imbalance_base_std": 0.01368096524136633,
        "balance_base_mean": 1.3647182606109582,
        "balance_base_std": 0.01475063266875735,
        "balance_augment_mean": 1.4408773349460535,
        "balance_augment_std": 0.036574072973968356
    },
    "3": {
        "imbalance_base_mean": 1.6106031573314195,
        "imbalance_base_std": 0.02058950204462563,
        "balance_base_mean": 1.5201877500608465,
        "balance_base_std": 0.018455888420383933,
        "balance_augment_mean": 1.6090553212795453,
        "balance_augment_std": 0.029532437771537863
    },
    "4": {
        "imbalance_base_mean": 1.7699934161644593,
        "imbalance_base_std": 0.024581285916957796,
        "balance_base_mean": 1.6898234486131016,
        "balance_base_std": 0.03598451178499522,
        "balance_augment_mean": 1.7426234104041463,
        "balance_augment_std": 0.026004784318891406
    },
    "5": {
        "imbalance_base_mean": 1.8966589522307458,
        "imbalance_base_std": 0.028187161884985847,
        "balance_base_mean": 1.792516939649817,
        "balance_base_std": 0.01739280817379917,
        "balance_augment_mean": 1.8858599782559835,
        "balance_augment_std": 0.0316373433144949
    },
    "6": {
        "imbalance_base_mean": 2.0233169022509765,
        "imbalance_base_std": 0.01983833133429203,
        "balance_base_mean": 1.9074350397581525,
        "balance_base_std": 0.023160665461751117,
        "balance_augment_mean": 1.9537097790840003,
        "balance_augment_std": 0.03516593828569954
    },
    "7": {
        "imbalance_base_mean": 2.106017012680121,
        "imbalance_base_std": 0.0205481889584323,
        "balance_base_mean": 2.004342912350994,
        "balance_base_std": 0.028498540888675296,
        "balance_augment_mean": 2.0740927972659886,
        "balance_augment_std": 0.011177216764003963
    },
    "8": {
        "imbalance_base_mean": 2.1962425085386186,
        "imbalance_base_std": 0.024859640817467634,
        "balance_base_mean": 2.0820791429052443,
        "balance_base_std": 0.03307166146955645,
        "balance_augment_mean": 2.1433961223051563,
        "balance_augment_std": 0.015002964811219975
    },
    "9": {
        "imbalance_base_mean": 2.2739250343096264,
        "imbalance_base_std": 0.017659717106089323,
        "balance_base_mean": 2.1591388885448515,
        "balance_base_std": 0.016296473794196614,
        "balance_augment_mean": 2.23362815089998,
        "balance_augment_std": 0.025825770079742044
    }
}