{
    "0": {
        "imbalance_base_mean": 0.5214474151784348,
        "imbalance_base_std": 0.0,
        "balance_base_mean": 0.5214474151784348,
        "balance_base_std": 0.0,
        "balance_augment_mean": 0.5730487785601047,
        "balance_augment_std": 0.0031527549432597605
    },
    "1": {
        "imbalance_base_mean": 0.5318792909351198,
        "imbalance_base_std": 0.006634191032849451,
        "balance_base_mean": 0.5439408600210454,
        "balance_base_std": 0.00679981535819187,
        "balance_augment_mean": 0.5701554501192234,
        "balance_augment_std": 0.0034564142008945385
    },
    "2": {
        "imbalance_base_mean": 0.5216452519796284,
        "imbalance_base_std": 0.003711422867974477,
        "balance_base_mean": 0.5455969602181179,
        "balance_base_std": 0.004091966214314339,
        "balance_augment_mean": 0.5656610954782371,
        "balance_augment_std": 0.0031366987895882757
    },
    "3": {
        "imbalance_base_mean": 0.5168749052635364,
        "imbalance_base_std": 0.0033155617774285463,
        "balance_base_mean": 0.543582408584991,
        "balance_base_std": 0.005763922723754043,
        "balance_augment_mean": 0.5612958625843382,
        "balance_augment_std": 0.0021452654831509116
    },
    "4": {
        "imbalance_base_mean": 0.5128340194348171,
        "imbalance_base_std": 0.0035302983717251262,
        "balance_base_mean": 0.5436252403639071,
        "balance_base_std": 0.005375945051069933,
        "balance_augment_mean": 0.5589285205365886,
        "balance_augment_std": 0.0030125849897380407
    },
    "5": {
        "imbalance_base_mean": 0.5115949257842207,
        "imbalance_base_std": 0.0020808027942748816,
        "balance_base_mean": 0.542241995870176,
        "balance_base_std": 0.004747193613591627,
        "balance_augment_mean": 0.5585913333554895,
        "balance_augment_std": 0.001446711432992014
    },
    "6": {
        "imbalance_base_mean": 0.507797618103632,
        "imbalance_base_std": 0.0013647487549370582,
        "balance_base_mean": 0.5415916881931858,
        "balance_base_std": 0.003611075970460109,
        "balance_augment_mean": 0.5537065699830102,
        "balance_augment_std": 0.0026639720016222715
    },
    "7": {
        "imbalance_base_mean": 0.506313135763023,
        "imbalance_base_std": 0.0007494976603815579,
        "balance_base_mean": 0.5427329421649892,
        "balance_base_std": 0.0022996120182904416,
        "balance_augment_mean": 0.5550134256799838,
        "balance_augment_std": 0.0020286215983200276
    },
    "8": {
        "imbalance_base_mean": 0.5059551362064264,
        "imbalance_base_std": 0.0007016769555196307,
        "balance_base_mean": 0.5403055208856633,
        "balance_base_std": 0.0022062325261063298,
        "balance_augment_mean": 0.5512291473344376,
        "balance_augment_std": 0.0010165294532781931
    },
    "9": {
        "imbalance_base_mean": 0.5043914129579873,
        "imbalance_base_std": 0.0005150563697284535,
        "balance_base_mean": 0.5388823429488516,
        "balance_base_std": 0.0016043144282008727,
        "balance_augment_mean": 0.5497983945846074,
        "balance_augment_std": 0.003221451901367527
    }
}