{
    "0": {
        "balance_augment_mean": 0.5411979776311979,
        "balance_augment_std": 0.0015068009142525972
    },
    "1": {
        "balance_augment_mean": 0.5512085228820418,
        "balance_augment_std": 0.002203079248915278
    },
    "2": {
        "balance_augment_mean": 0.5569946712914124,
        "balance_augment_std": 0.0032431724225923764
    },
    "3": {
        "balance_augment_mean": 0.5624984645926588,
        "balance_augment_std": 0.002706553116359133
    },
    "4": {
        "balance_augment_mean": 0.5667687708318427,
        "balance_augment_std": 0.0025681417497164993
    },
    "5": {
        "balance_augment_mean": 0.5736120972813874,
        "balance_augment_std": 0.0016281309211363477
    },
    "6": {
        "balance_augment_mean": 0.5791925562959614,
        "balance_augment_std": 0.002005249653558101
    },
    "7": {
        "balance_augment_mean": 0.5818064862855167,
        "balance_augment_std": 0.0018891381069759889
    },
    "8": {
        "balance_augment_mean": 0.5875862997423323,
        "balance_augment_std": 0.0022891672381155853
    },
    "9": {
        "balance_augment_mean": 0.5895445249898218,
        "balance_augment_std": 0.0015495650476860616
    },
    "10": {
        "train_all_augment": 0.6315272664691389
    }
}