{
    "0": {
        "imbalance_base_mean": 0.5027035623409669,
        "imbalance_base_std": 0.0,
        "balance_base_mean": 0.5027035623409669,
        "balance_base_std": 0.0,
        "balance_augment_mean": 0.5058697275535097,
        "balance_augment_std": 0.008539661269501968
    },
    "1": {
        "imbalance_base_mean": 0.25417487577471615,
        "imbalance_base_std": 0.03570312745580362,
        "balance_base_mean": 0.3940701405022679,
        "balance_base_std": 0.015110007063228726,
        "balance_augment_mean": 0.39454982899162727,
        "balance_augment_std": 0.023079384976480148
    },
    "2": {
        "imbalance_base_mean": 0.13658649398704903,
        "imbalance_base_std": 0.009883101148112357,
        "balance_base_mean": 0.2791604583448084,
        "balance_base_std": 0.02373770641567628,
        "balance_augment_mean": 0.2683354988901521,
        "balance_augment_std": 0.01973751197894278
    },
    "3": {
        "imbalance_base_mean": 0.09209192200229267,
        "imbalance_base_std": 0.009049482604768264,
        "balance_base_mean": 0.2056297709923664,
        "balance_base_std": 0.013396967708867898,
        "balance_augment_mean": 0.2010496183206107,
        "balance_augment_std": 0.017868525327306546
    },
    "4": {
        "imbalance_base_mean": 0.06721288129688607,
        "imbalance_base_std": 0.005791416891129894,
        "balance_base_mean": 0.15092239185750636,
        "balance_base_std": 0.011211550083978734,
        "balance_augment_mean": 0.14583333333333331,
        "balance_augment_std": 0.018747295298364657
    },
    "5": {
        "imbalance_base_mean": 0.05016418216099032,
        "imbalance_base_std": 0.0034612367448420608,
        "balance_base_mean": 0.12022900763358779,
        "balance_base_std": 0.012455447995675112,
        "balance_augment_mean": 0.12236005089058524,
        "balance_augment_std": 0.019661943296439114
    },
    "6": {
        "imbalance_base_mean": 0.03978984094926712,
        "imbalance_base_std": 0.007087210198170656,
        "balance_base_mean": 0.1008587786259542,
        "balance_base_std": 0.007405137567224976,
        "balance_augment_mean": 0.1029262086513995,
        "balance_augment_std": 0.01688670714935841
    },
    "7": {
        "imbalance_base_mean": 0.035090906309067325,
        "imbalance_base_std": 0.00418825592110511,
        "balance_base_mean": 0.08924936386768448,
        "balance_base_std": 0.008076250298172027,
        "balance_augment_mean": 0.09026717557251909,
        "balance_augment_std": 0.014703672481660518
    },
    "8": {
        "imbalance_base_mean": 0.029304279563969842,
        "imbalance_base_std": 0.0016376385256483043,
        "balance_base_mean": 0.07674936386768447,
        "balance_base_std": 0.008773438560284421,
        "balance_augment_mean": 0.07576335877862596,
        "balance_augment_std": 0.00938084894712482
    },
    "9": {
        "imbalance_base_mean": 0.02283323682482293,
        "imbalance_base_std": 0.0015025790435389717,
        "balance_base_mean": 0.06962468193384225,
        "balance_base_std": 0.007081098519612343,
        "balance_augment_mean": 0.06300890585241731,
        "balance_augment_std": 0.001376899543378714
    }
}