{
    "0": {
        "imbalance_base_mean": 0.5214474151784348,
        "imbalance_base_std": 0.0,
        "balance_base_mean": 0.5214474151784348,
        "balance_base_std": 0.0,
        "balance_augment_mean": 0.5322269910097286,
        "balance_augment_std": 0.0028775259141363306
    },
    "1": {
        "imbalance_base_mean": 0.5319261062517822,
        "imbalance_base_std": 0.00383150752325163,
        "balance_base_mean": 0.5362078213672635,
        "balance_base_std": 0.004095889008515923,
        "balance_augment_mean": 0.5363402998097514,
        "balance_augment_std": 0.003467419180814026
    },
    "2": {
        "imbalance_base_mean": 0.5282622049649965,
        "imbalance_base_std": 0.004188200816204259,
        "balance_base_mean": 0.5335873244373245,
        "balance_base_std": 0.005763053282743589,
        "balance_augment_mean": 0.5352662246746999,
        "balance_augment_std": 0.002072196628818524
    },
    "3": {
        "imbalance_base_mean": 0.5251493270445652,
        "imbalance_base_std": 0.003489528974900446,
        "balance_base_mean": 0.5294071106930703,
        "balance_base_std": 0.0014904287786144362,
        "balance_augment_mean": 0.5315694174048181,
        "balance_augment_std": 0.0022403478242838397
    },
    "4": {
        "imbalance_base_mean": 0.5238905144285175,
        "imbalance_base_std": 0.00157247331441622,
        "balance_base_mean": 0.5287871878055654,
        "balance_base_std": 0.0016751782325959608,
        "balance_augment_mean": 0.5295601898275617,
        "balance_augment_std": 0.001945218021723358
    },
    "5": {
        "imbalance_base_mean": 0.521010531983905,
        "imbalance_base_std": 0.0014455719398594863,
        "balance_base_mean": 0.5261128295226726,
        "balance_base_std": 0.002744359081084019,
        "balance_augment_mean": 0.5279898793344038,
        "balance_augment_std": 0.00298064759780821
    },
    "6": {
        "imbalance_base_mean": 0.5197862276653988,
        "imbalance_base_std": 0.0014671277908697641,
        "balance_base_mean": 0.5264450857743893,
        "balance_base_std": 0.002025394526759428,
        "balance_augment_mean": 0.5270572277814748,
        "balance_augment_std": 0.0021642619902325563
    },
    "7": {
        "imbalance_base_mean": 0.5190160958987745,
        "imbalance_base_std": 0.0016965312476815559,
        "balance_base_mean": 0.5249062871773186,
        "balance_base_std": 0.001417329830787058,
        "balance_augment_mean": 0.5247577009169795,
        "balance_augment_std": 0.0009745125019514576
    },
    "8": {
        "imbalance_base_mean": 0.5188523915489192,
        "imbalance_base_std": 0.0010260261468850364,
        "balance_base_mean": 0.523039619360937,
        "balance_base_std": 0.00029594657489788445,
        "balance_augment_mean": 0.5244705894103535,
        "balance_augment_std": 0.0010034353549292418
    },
    "9": {
        "imbalance_base_mean": 0.5175789304351058,
        "imbalance_base_std": 0.00033342229213943666,
        "balance_base_mean": 0.5227682294577877,
        "balance_base_std": 0.0014149161009949696,
        "balance_augment_mean": 0.5229439699582934,
        "balance_augment_std": 0.001541000648421472
    }
}