{
    "0": {
        "imbalance_base_mean": 0.5027035623409669,
        "imbalance_base_std": 0.0,
        "balance_base_mean": 0.5027035623409669,
        "balance_base_std": 0.0,
        "balance_augment_mean": 0.5017721414346512,
        "balance_augment_std": 0.013477243985936872
    },
    "1": {
        "imbalance_base_mean": 0.25417487577471615,
        "imbalance_base_std": 0.03570312745580362,
        "balance_base_mean": 0.4050064966704564,
        "balance_base_std": 0.03639445816765955,
        "balance_augment_mean": 0.3954470050584583,
        "balance_augment_std": 0.019120595493532427
    },
    "2": {
        "imbalance_base_mean": 0.13658649398704903,
        "imbalance_base_std": 0.009883101148112357,
        "balance_base_mean": 0.2799991408388708,
        "balance_base_std": 0.023594109047449376,
        "balance_augment_mean": 0.2739331690334791,
        "balance_augment_std": 0.017895364119256033
    },
    "3": {
        "imbalance_base_mean": 0.09209192200229267,
        "imbalance_base_std": 0.009049482604768264,
        "balance_base_mean": 0.19688295165394404,
        "balance_base_std": 0.016489207334603004,
        "balance_augment_mean": 0.21610703499963516,
        "balance_augment_std": 0.009565237601249357
    },
    "4": {
        "imbalance_base_mean": 0.06721288129688607,
        "imbalance_base_std": 0.005791416891129894,
        "balance_base_mean": 0.15508905852417304,
        "balance_base_std": 0.017551488894492182,
        "balance_augment_mean": 0.15521628498727735,
        "balance_augment_std": 0.013397722829219595
    },
    "5": {
        "imbalance_base_mean": 0.05016418216099032,
        "imbalance_base_std": 0.0034612367448420608,
        "balance_base_mean": 0.12916666666666668,
        "balance_base_std": 0.014004810863449485,
        "balance_augment_mean": 0.1267175572519084,
        "balance_augment_std": 0.004324296284823749
    },
    "6": {
        "imbalance_base_mean": 0.03978984094926712,
        "imbalance_base_std": 0.007087210198170656,
        "balance_base_mean": 0.10658396946564885,
        "balance_base_std": 0.01139476171887515,
        "balance_augment_mean": 0.10575699745547074,
        "balance_augment_std": 0.013886055949709337
    },
    "7": {
        "imbalance_base_mean": 0.035090906309067325,
        "imbalance_base_std": 0.00418825592110511,
        "balance_base_mean": 0.0912849872773537,
        "balance_base_std": 0.008762708214984675,
        "balance_augment_mean": 0.09551526717557252,
        "balance_augment_std": 0.013105946810471612
    },
    "8": {
        "imbalance_base_mean": 0.029304279563969842,
        "imbalance_base_std": 0.0016376385256483043,
        "balance_base_mean": 0.07598600508905853,
        "balance_base_std": 0.007164188676242062,
        "balance_augment_mean": 0.07827608142493639,
        "balance_augment_std": 0.003957847386845368
    },
    "9": {
        "imbalance_base_mean": 0.02283323682482293,
        "imbalance_base_std": 0.0015025790435389717,
        "balance_base_mean": 0.06736641221374044,
        "balance_base_std": 0.00648776999756752,
        "balance_augment_mean": 0.06673027989821884,
        "balance_augment_std": 0.0084047740908646
    }
}