{
    "0": {
        "imbalance_base_mean": 0.5556775575790038,
        "imbalance_base_std": 0.008343410134997988,
        "balance_base_mean": 0.5556775575790038,
        "balance_base_std": 0.008343410134997988,
        "balance_augment_mean": 0.5542983395822174,
        "balance_augment_std": 0.006459008939822919
    },
    "1": {
        "imbalance_base_mean": 0.25263792179967864,
        "imbalance_base_std": 0.02166557534553683,
        "balance_base_mean": 0.5295259775040171,
        "balance_base_std": 0.009730825007450221,
        "balance_augment_mean": 0.5149437600428495,
        "balance_augment_std": 0.005090385249148583
    },
    "2": {
        "imbalance_base_mean": 0.10030798071772895,
        "imbalance_base_std": 0.009471935206581853,
        "balance_base_mean": 0.49138993036957695,
        "balance_base_std": 0.01722477219700131,
        "balance_augment_mean": 0.4804900910551687,
        "balance_augment_std": 0.00964751247176528
    },
    "3": {
        "imbalance_base_mean": 0.057070166041778246,
        "imbalance_base_std": 0.0068110760240272334,
        "balance_base_mean": 0.459962506695233,
        "balance_base_std": 0.020406955942587037,
        "balance_augment_mean": 0.4563470808784145,
        "balance_augment_std": 0.01894620813495286
    },
    "4": {
        "imbalance_base_mean": 0.03249866095340118,
        "imbalance_base_std": 0.005719092948402771,
        "balance_base_mean": 0.42261649705409743,
        "balance_base_std": 0.021116149249634574,
        "balance_augment_mean": 0.4187064809855383,
        "balance_augment_std": 0.014641260671546419
    },
    "5": {
        "imbalance_base_mean": 0.019456347080878417,
        "imbalance_base_std": 0.0026310136053630125,
        "balance_base_mean": 0.39734868773433313,
        "balance_base_std": 0.024326367831468455,
        "balance_augment_mean": 0.39101499732190675,
        "balance_augment_std": 0.023035626073053598
    },
    "6": {
        "imbalance_base_mean": 0.0129084092126406,
        "imbalance_base_std": 0.002233198954620762,
        "balance_base_mean": 0.36564006427423673,
        "balance_base_std": 0.013273214559234801,
        "balance_augment_mean": 0.3636716657739689,
        "balance_augment_std": 0.01729918649104542
    },
    "7": {
        "imbalance_base_mean": 0.009922335297268344,
        "imbalance_base_std": 0.003134742121519425,
        "balance_base_mean": 0.3335029459025174,
        "balance_base_std": 0.004176322982572568,
        "balance_augment_mean": 0.33149437600428494,
        "balance_augment_std": 0.018617583076781186
    },
    "8": {
        "imbalance_base_mean": 0.0060792715586502405,
        "imbalance_base_std": 0.0005053016139291165,
        "balance_base_mean": 0.3108061060524906,
        "balance_base_std": 0.01348084124247163,
        "balance_augment_mean": 0.3060391001606856,
        "balance_augment_std": 0.016240432787734533
    },
    "9": {
        "imbalance_base_mean": 0.005249062667380825,
        "imbalance_base_std": 0.0022199922677527744,
        "balance_base_mean": 0.28318157471880023,
        "balance_base_std": 0.017390220398374397,
        "balance_augment_mean": 0.28378414568826993,
        "balance_augment_std": 0.012964889537629878
    }
}