{
    "0": {
        "imbalance_base_mean": 0.45934597277007255,
        "imbalance_base_std": 0.0,
        "balance_base_mean": 0.45934597277007255,
        "balance_base_std": 0.0,
        "balance_augment_mean": 0.42135131696144545,
        "balance_augment_std": 0.009427847627144718
    },
    "1": {
        "imbalance_base_mean": 0.23924606845513416,
        "imbalance_base_std": 0.02667315685523174,
        "balance_base_mean": 0.5181263744487812,
        "balance_base_std": 0.010208952727459275,
        "balance_augment_mean": 0.484736355226642,
        "balance_augment_std": 0.011575848952694348
    },
    "2": {
        "imbalance_base_mean": 0.09447271045328401,
        "imbalance_base_std": 0.01762129694486996,
        "balance_base_mean": 0.4630407124681934,
        "balance_base_std": 0.01990204786375795,
        "balance_augment_mean": 0.49086493987049024,
        "balance_augment_std": 0.007593179999714145
    },
    "3": {
        "imbalance_base_mean": 0.037049028677150785,
        "imbalance_base_std": 0.011482743911549857,
        "balance_base_mean": 0.4188295165394402,
        "balance_base_std": 0.03303689349400304,
        "balance_augment_mean": 0.4813040065155013,
        "balance_augment_std": 0.011210841805462881
    },
    "4": {
        "imbalance_base_mean": 0.01787696577243293,
        "imbalance_base_std": 0.003563769005875529,
        "balance_base_mean": 0.4059796437659033,
        "balance_base_std": 0.01735819647399878,
        "balance_augment_mean": 0.45951017811704836,
        "balance_augment_std": 0.014037712134713859
    },
    "5": {
        "imbalance_base_mean": 0.008695652173913044,
        "imbalance_base_std": 0.0035972295544672004,
        "balance_base_mean": 0.38463740458015266,
        "balance_base_std": 0.026024459915707485,
        "balance_augment_mean": 0.4449745547073792,
        "balance_augment_std": 0.02035847037652809
    },
    "6": {
        "imbalance_base_mean": 0.004347826086956522,
        "imbalance_base_std": 0.0010663405997593436,
        "balance_base_mean": 0.37576335877862593,
        "balance_base_std": 0.015963435950650365,
        "balance_augment_mean": 0.4271310432569974,
        "balance_augment_std": 0.010618551859719985
    },
    "7": {
        "imbalance_base_mean": 0.0016882516188714153,
        "imbalance_base_std": 0.0007897026401000866,
        "balance_base_mean": 0.39599236641221375,
        "balance_base_std": 0.007305834940924608,
        "balance_augment_mean": 0.43676844783715013,
        "balance_augment_std": 0.01778316961806181
    },
    "8": {
        "imbalance_base_mean": 0.0007400555041628123,
        "imbalance_base_std": 0.0005202230286402401,
        "balance_base_mean": 0.38854961832061063,
        "balance_base_std": 0.012258717018265551,
        "balance_augment_mean": 0.42795801526717553,
        "balance_augment_std": 0.011089977652027199
    },
    "9": {
        "imbalance_base_mean": 0.00032377428307123034,
        "imbalance_base_std": 4.6253469010175755e-05,
        "balance_base_mean": 0.3851145038167939,
        "balance_base_std": 0.014894736263518808,
        "balance_augment_mean": 0.40877862595419845,
        "balance_augment_std": 0.013540282176987559
    }
}