{
    "0": {
        "imbalance_base_mean": 0.5486688825665988,
        "imbalance_base_std": 0.00248441919757,
        "balance_base_mean": 0.5486688825665988,
        "balance_base_std": 0.00248441919757,
        "balance_augment_mean": 0.553319954274119,
        "balance_augment_std": 0.006684961707250742
    },
    "1": {
        "imbalance_base_mean": 0.5448126646657278,
        "imbalance_base_std": 0.0016807202922011352,
        "balance_base_mean": 0.5547618795923466,
        "balance_base_std": 0.005127913412854836,
        "balance_augment_mean": 0.5602295959781622,
        "balance_augment_std": 0.00250916228429114
    },
    "2": {
        "imbalance_base_mean": 0.5339495758080949,
        "imbalance_base_std": 0.0029071313905574764,
        "balance_base_mean": 0.5608029981778674,
        "balance_base_std": 0.0031171381734060076,
        "balance_augment_mean": 0.5623088480231361,
        "balance_augment_std": 0.0036838954686550913
    },
    "3": {
        "imbalance_base_mean": 0.5275778235896379,
        "imbalance_base_std": 0.0011368669891596267,
        "balance_base_mean": 0.5644633682383718,
        "balance_base_std": 0.003530843620390342,
        "balance_augment_mean": 0.5671268783902219,
        "balance_augment_std": 0.002247888518375066
    },
    "4": {
        "imbalance_base_mean": 0.5224031359121086,
        "imbalance_base_std": 0.001596769394912978,
        "balance_base_mean": 0.5680082416246637,
        "balance_base_std": 0.00113953755294781,
        "balance_augment_mean": 0.5679878007752981,
        "balance_augment_std": 0.0023539069496699414
    },
    "5": {
        "imbalance_base_mean": 0.5191554419586086,
        "imbalance_base_std": 0.001335860370359738,
        "balance_base_mean": 0.5639995817998178,
        "balance_base_std": 0.005866975688782963,
        "balance_augment_mean": 0.5667474348637038,
        "balance_augment_std": 0.0028717126739188016
    },
    "6": {
        "imbalance_base_mean": 0.5175137513593591,
        "imbalance_base_std": 0.000494459099905943,
        "balance_base_mean": 0.5643899084499562,
        "balance_base_std": 0.0048808317024090385,
        "balance_augment_mean": 0.566472608343835,
        "balance_augment_std": 0.002308297974741415
    },
    "7": {
        "imbalance_base_mean": 0.5165762094857179,
        "imbalance_base_std": 0.0009657494521086127,
        "balance_base_mean": 0.5599674881802092,
        "balance_base_std": 0.0008032740573074156,
        "balance_augment_mean": 0.563219712160475,
        "balance_augment_std": 0.002106701791117764
    },
    "8": {
        "imbalance_base_mean": 0.5153431086380296,
        "imbalance_base_std": 0.0002852320990426551,
        "balance_base_mean": 0.5573863324115755,
        "balance_base_std": 0.002764488967331705,
        "balance_augment_mean": 0.562937680193684,
        "balance_augment_std": 0.0028441356874803272
    },
    "9": {
        "imbalance_base_mean": 0.5152678853965093,
        "imbalance_base_std": 0.0006345779651041912,
        "balance_base_mean": 0.5552786910180503,
        "balance_base_std": 0.002854253302610048,
        "balance_augment_mean": 0.5565996582279272,
        "balance_augment_std": 0.002174124704090201
    }
}