{
    "0": {
        "imbalance_base_mean": 0.5214474151784348,
        "imbalance_base_std": 0.0,
        "balance_base_mean": 0.5214474151784348,
        "balance_base_std": 0.0,
        "balance_augment_mean": 0.5324885112779846,
        "balance_augment_std": 0.0037461169144960313
    },
    "1": {
        "imbalance_base_mean": 0.5319261062517822,
        "imbalance_base_std": 0.00383150752325163,
        "balance_base_mean": 0.5362078213672635,
        "balance_base_std": 0.004095889008515923,
        "balance_augment_mean": 0.5377938906165118,
        "balance_augment_std": 0.004001927731235389
    },
    "2": {
        "imbalance_base_mean": 0.5282622049649965,
        "imbalance_base_std": 0.004188200816204259,
        "balance_base_mean": 0.5335873244373245,
        "balance_base_std": 0.005763053282743589,
        "balance_augment_mean": 0.5371283196956099,
        "balance_augment_std": 0.0036583893143699703
    },
    "3": {
        "imbalance_base_mean": 0.5251493270445652,
        "imbalance_base_std": 0.003489528974900446,
        "balance_base_mean": 0.5294071106930703,
        "balance_base_std": 0.0014904287786144362,
        "balance_augment_mean": 0.5337311521391259,
        "balance_augment_std": 0.003694165555563531
    },
    "4": {
        "imbalance_base_mean": 0.5238905144285175,
        "imbalance_base_std": 0.00157247331441622,
        "balance_base_mean": 0.5287871878055654,
        "balance_base_std": 0.0016751782325959608,
        "balance_augment_mean": 0.5308469887295086,
        "balance_augment_std": 0.0011623269564324003
    },
    "5": {
        "imbalance_base_mean": 0.521010531983905,
        "imbalance_base_std": 0.0014455719398594863,
        "balance_base_mean": 0.5261128295226726,
        "balance_base_std": 0.002744359081084019,
        "balance_augment_mean": 0.5278436565850733,
        "balance_augment_std": 0.0026459009169680784
    },
    "6": {
        "imbalance_base_mean": 0.5197862276653988,
        "imbalance_base_std": 0.0014671277908697641,
        "balance_base_mean": 0.5264450857743893,
        "balance_base_std": 0.002025394526759428,
        "balance_augment_mean": 0.5268073630655876,
        "balance_augment_std": 0.002211622238043138
    },
    "7": {
        "imbalance_base_mean": 0.5190160958987745,
        "imbalance_base_std": 0.0016965312476815559,
        "balance_base_mean": 0.5249062871773186,
        "balance_base_std": 0.001417329830787058,
        "balance_augment_mean": 0.5258223872410738,
        "balance_augment_std": 0.00146397622297695
    },
    "8": {
        "imbalance_base_mean": 0.5188523915489192,
        "imbalance_base_std": 0.0010260261468850364,
        "balance_base_mean": 0.523039619360937,
        "balance_base_std": 0.00029594657489788445,
        "balance_augment_mean": 0.5236060930302903,
        "balance_augment_std": 0.0015890962606164146
    },
    "9": {
        "imbalance_base_mean": 0.5175789304351058,
        "imbalance_base_std": 0.00033342229213943666,
        "balance_base_mean": 0.5227682294577877,
        "balance_base_std": 0.0014149161009949696,
        "balance_augment_mean": 0.5232595429586617,
        "balance_augment_std": 0.0008798215626422155
    }
}