{
    "0": {
        "balance_augment_mean": 0.014151051129541816,
        "balance_augment_std": 0.0146722440020685
    },
    "1": {
        "balance_augment_mean": -0.00726781502290765,
        "balance_augment_std": 0.006665891144329874
    },
    "2": {
        "balance_augment_mean": -0.03806721514232022,
        "balance_augment_std": 0.020958980738015526
    },
    "3": {
        "balance_augment_mean": -0.07035951967572424,
        "balance_augment_std": 0.023759324291351427
    },
    "4": {
        "balance_augment_mean": -0.08933389518286478,
        "balance_augment_std": 0.005428712315701842
    },
    "5": {
        "balance_augment_mean": -0.11661613261221093,
        "balance_augment_std": 0.011076607345154348
    },
    "6": {
        "balance_augment_mean": -0.1323617582310888,
        "balance_augment_std": 0.005283318867729591
    },
    "7": {
        "balance_augment_mean": -0.14539194247525128,
        "balance_augment_std": 0.017045428801433594
    },
    "8": {
        "balance_augment_mean": -0.15912168593037404,
        "balance_augment_std": 0.010940227221416798
    },
    "9": {
        "balance_augment_mean": -0.1676185339842769,
        "balance_augment_std": 0.010467640262316391
    },
    "10": {
        "train_all_augment": -0.46061594281654056
    }
}