{
    "0": {
        "imbalance_base_mean": 0.5131896089983932,
        "imbalance_base_std": 0.0,
        "balance_base_mean": 0.5131896089983932,
        "balance_base_std": 0.0,
        "balance_augment_mean": 0.5636716657739689,
        "balance_augment_std": 0.009446781579141446
    },
    "1": {
        "imbalance_base_mean": 0.28248527048741295,
        "imbalance_base_std": 0.02580591205953939,
        "balance_base_mean": 0.5748259239421533,
        "balance_base_std": 0.01718699563734371,
        "balance_augment_mean": 0.570112479914301,
        "balance_augment_std": 0.01290221255119353
    },
    "2": {
        "imbalance_base_mean": 0.15491430101767542,
        "imbalance_base_std": 0.01229777072065141,
        "balance_base_mean": 0.5836770219603642,
        "balance_base_std": 0.011884775960284538,
        "balance_augment_mean": 0.5750133904659882,
        "balance_augment_std": 0.004519078929742695
    },
    "3": {
        "imbalance_base_mean": 0.10344134975897161,
        "imbalance_base_std": 0.010268662865374414,
        "balance_base_mean": 0.580382967327263,
        "balance_base_std": 0.009425080930405757,
        "balance_augment_mean": 0.5780530262453134,
        "balance_augment_std": 0.00787120248323181
    },
    "4": {
        "imbalance_base_mean": 0.07518746652383504,
        "imbalance_base_std": 0.004879901760042677,
        "balance_base_mean": 0.5775040171397965,
        "balance_base_std": 0.003650615313493765,
        "balance_augment_mean": 0.5666041778253884,
        "balance_augment_std": 0.006828271157101906
    },
    "5": {
        "imbalance_base_mean": 0.05638725227637922,
        "imbalance_base_std": 0.005475439972360003,
        "balance_base_mean": 0.5699116229244778,
        "balance_base_std": 0.017320369770349554,
        "balance_augment_mean": 0.5618505623995715,
        "balance_augment_std": 0.00886974602047769
    },
    "6": {
        "imbalance_base_mean": 0.043599357257632566,
        "imbalance_base_std": 0.007274413013117236,
        "balance_base_mean": 0.5643144081414033,
        "balance_base_std": 0.014323079881126024,
        "balance_augment_mean": 0.5586770219603643,
        "balance_augment_std": 0.010716021071312884
    },
    "7": {
        "imbalance_base_mean": 0.03739957150508838,
        "imbalance_base_std": 0.004134294176050911,
        "balance_base_mean": 0.5520353508302088,
        "balance_base_std": 0.004770728191714709,
        "balance_augment_mean": 0.5490358864488485,
        "balance_augment_std": 0.006306696252864757
    },
    "8": {
        "imbalance_base_mean": 0.031373861810391,
        "imbalance_base_std": 0.0027749620657085256,
        "balance_base_mean": 0.5471210498125335,
        "balance_base_std": 0.008639642386642846,
        "balance_augment_mean": 0.5429833958221746,
        "balance_augment_std": 0.005741840559514949
    },
    "9": {
        "imbalance_base_mean": 0.024544724156400643,
        "imbalance_base_std": 0.0014878488959047507,
        "balance_base_mean": 0.5351901446170327,
        "balance_base_std": 0.00687253192661763,
        "balance_augment_mean": 0.5392072844134976,
        "balance_augment_std": 0.0047848390279001465
    }
}