{
    "0": {
        "imbalance_base_mean": 0.5470978212450488,
        "imbalance_base_std": 0.0,
        "balance_base_mean": 0.5470978212450488,
        "balance_base_std": 0.0,
        "balance_augment_mean": 0.5440325431662281,
        "balance_augment_std": 0.0016449068036774124
    },
    "1": {
        "imbalance_base_mean": 0.5454004125262005,
        "imbalance_base_std": 0.004431287327052026,
        "balance_base_mean": 0.5577177618016453,
        "balance_base_std": 0.0074611791513136145,
        "balance_augment_mean": 0.5528804159637677,
        "balance_augment_std": 0.0041655095681076395
    },
    "2": {
        "imbalance_base_mean": 0.5347571695050088,
        "imbalance_base_std": 0.0027659449477395836,
        "balance_base_mean": 0.5598065871246212,
        "balance_base_std": 0.004721467100771029,
        "balance_augment_mean": 0.5553935008009261,
        "balance_augment_std": 0.0031565285433675207
    },
    "3": {
        "imbalance_base_mean": 0.5255494749447982,
        "imbalance_base_std": 0.002525077449844276,
        "balance_base_mean": 0.5598189429605477,
        "balance_base_std": 0.0028662880607864677,
        "balance_augment_mean": 0.5579671379174684,
        "balance_augment_std": 0.0004703038645452537
    },
    "4": {
        "imbalance_base_mean": 0.5219866313579175,
        "imbalance_base_std": 0.001680557468173847,
        "balance_base_mean": 0.5633374997684981,
        "balance_base_std": 0.0044313240662625115,
        "balance_augment_mean": 0.5614176825469134,
        "balance_augment_std": 0.001962545714214863
    },
    "5": {
        "imbalance_base_mean": 0.5192421406055248,
        "imbalance_base_std": 0.0014985917432280011,
        "balance_base_mean": 0.5617184446148349,
        "balance_base_std": 0.004383757235640318,
        "balance_augment_mean": 0.5613250001692387,
        "balance_augment_std": 0.0035116495476003907
    },
    "6": {
        "imbalance_base_mean": 0.5174702923060901,
        "imbalance_base_std": 0.0008931414102001172,
        "balance_base_mean": 0.562715991414826,
        "balance_base_std": 0.003520168526842997,
        "balance_augment_mean": 0.5630255854365144,
        "balance_augment_std": 0.0033821527598009602
    },
    "7": {
        "imbalance_base_mean": 0.5167388981868103,
        "imbalance_base_std": 0.0007763882492295865,
        "balance_base_mean": 0.5646535675855131,
        "balance_base_std": 0.0032156292641751516,
        "balance_augment_mean": 0.5639236859231959,
        "balance_augment_std": 0.0013705174680292182
    },
    "8": {
        "imbalance_base_mean": 0.5162554342554895,
        "imbalance_base_std": 0.0008305414192289728,
        "balance_base_mean": 0.5641378789463403,
        "balance_base_std": 0.002987287412856284,
        "balance_augment_mean": 0.5652591607965142,
        "balance_augment_std": 0.0009110619392630705
    },
    "9": {
        "imbalance_base_mean": 0.5154381916793258,
        "imbalance_base_std": 0.00029111824389511075,
        "balance_base_mean": 0.5658890634807305,
        "balance_base_std": 0.002005469293481434,
        "balance_augment_mean": 0.5659412404378841,
        "balance_augment_std": 0.0012328269297976827
    }
}