{
    "0": {
        "imbalance_base_mean": 0.5823513658275308,
        "imbalance_base_std": 0.0,
        "balance_base_mean": 0.5823513658275308,
        "balance_base_std": 0.0,
        "balance_augment_mean": 0.5425415104445634,
        "balance_augment_std": 0.010473844114694496
    },
    "1": {
        "imbalance_base_mean": 0.2821638993036958,
        "imbalance_base_std": 0.01883575503961619,
        "balance_base_mean": 0.5450589180503482,
        "balance_base_std": 0.012156153834644247,
        "balance_augment_mean": 0.5271692554900911,
        "balance_augment_std": 0.011000445070603217
    },
    "2": {
        "imbalance_base_mean": 0.12308516336368505,
        "imbalance_base_std": 0.016579678956306763,
        "balance_base_mean": 0.5240626673808249,
        "balance_base_std": 0.01441025684209265,
        "balance_augment_mean": 0.507672737011248,
        "balance_augment_std": 0.009577750186713597
    },
    "3": {
        "imbalance_base_mean": 0.051298875200856985,
        "imbalance_base_std": 0.01419827675357943,
        "balance_base_mean": 0.5070433851098018,
        "balance_base_std": 0.019092447406335516,
        "balance_augment_mean": 0.4966925549009106,
        "balance_augment_std": 0.01616543729269285
    },
    "4": {
        "imbalance_base_mean": 0.02858864488484199,
        "imbalance_base_std": 0.005107194647028684,
        "balance_base_mean": 0.4998660953401178,
        "balance_base_std": 0.02278064217735135,
        "balance_augment_mean": 0.5019014461703267,
        "balance_augment_std": 0.006695848927212052
    },
    "5": {
        "imbalance_base_mean": 0.0169925013390466,
        "imbalance_base_std": 0.004216274803450003,
        "balance_base_mean": 0.49377343331547935,
        "balance_base_std": 0.01579972852635838,
        "balance_augment_mean": 0.4844268880557044,
        "balance_augment_std": 0.009225690953436757
    },
    "6": {
        "imbalance_base_mean": 0.010444563470808785,
        "imbalance_base_std": 0.002510132052197398,
        "balance_base_mean": 0.49539367970005355,
        "balance_base_std": 0.019168553788245096,
        "balance_augment_mean": 0.49243438671665773,
        "balance_augment_std": 0.016148424536889083
    },
    "7": {
        "imbalance_base_mean": 0.007605784681306909,
        "imbalance_base_std": 0.0019245039339284072,
        "balance_base_mean": 0.48853776111408675,
        "balance_base_std": 0.015841006156896674,
        "balance_augment_mean": 0.48793519014461706,
        "balance_augment_std": 0.009183106987684948
    },
    "8": {
        "imbalance_base_mean": 0.005878414568826995,
        "imbalance_base_std": 0.001983145643707384,
        "balance_base_mean": 0.49670594536689877,
        "balance_base_std": 0.016669618953927146,
        "balance_augment_mean": 0.48616764863417244,
        "balance_augment_std": 0.004967592177501013
    },
    "9": {
        "imbalance_base_mean": 0.003869844670594537,
        "imbalance_base_std": 0.0005919131254767099,
        "balance_base_mean": 0.4952865559721478,
        "balance_base_std": 0.008965174484373955,
        "balance_augment_mean": 0.47991430101767535,
        "balance_augment_std": 0.022148899365350305
    }
}