{
    "0": {
        "imbalance_base_mean": 0.45934597277007255,
        "imbalance_base_std": 0.0,
        "balance_base_mean": 0.45934597277007255,
        "balance_base_std": 0.0,
        "balance_augment_mean": 0.5460374919198449,
        "balance_augment_std": 0.02619973855631443
    },
    "1": {
        "imbalance_base_mean": 0.23924606845513416,
        "imbalance_base_std": 0.02667315685523174,
        "balance_base_mean": 0.4875500969618617,
        "balance_base_std": 0.020317251101707595,
        "balance_augment_mean": 0.5153199741435035,
        "balance_augment_std": 0.020152315132024114
    },
    "2": {
        "imbalance_base_mean": 0.09447271045328401,
        "imbalance_base_std": 0.01762129694486996,
        "balance_base_mean": 0.4826373626373626,
        "balance_base_std": 0.014764127394031917,
        "balance_augment_mean": 0.5105623787976729,
        "balance_augment_std": 0.016625425619122294
    },
    "3": {
        "imbalance_base_mean": 0.037049028677150785,
        "imbalance_base_std": 0.011482743911549857,
        "balance_base_mean": 0.48985132514544283,
        "balance_base_std": 0.02734854719741831,
        "balance_augment_mean": 0.5066793235203653,
        "balance_augment_std": 0.027381588631712552
    },
    "4": {
        "imbalance_base_mean": 0.01787696577243293,
        "imbalance_base_std": 0.003563769005875529,
        "balance_base_mean": 0.48978225935118613,
        "balance_base_std": 0.04032298277123003,
        "balance_augment_mean": 0.5056255931615159,
        "balance_augment_std": 0.03345920735685095
    },
    "5": {
        "imbalance_base_mean": 0.008695652173913044,
        "imbalance_base_std": 0.0035972295544672004,
        "balance_base_mean": 0.5081599081206176,
        "balance_base_std": 0.022498996290130326,
        "balance_augment_mean": 0.516198881196636,
        "balance_augment_std": 0.02083954734102139
    },
    "6": {
        "imbalance_base_mean": 0.004347826086956522,
        "imbalance_base_std": 0.0010663405997593436,
        "balance_base_mean": 0.5103949653848621,
        "balance_base_std": 0.015674210170840152,
        "balance_augment_mean": 0.5188920976493945,
        "balance_augment_std": 0.013214590507508285
    },
    "7": {
        "imbalance_base_mean": 0.0016882516188714153,
        "imbalance_base_std": 0.0007897026401000866,
        "balance_base_mean": 0.5214435104634925,
        "balance_base_std": 0.011175233415819422,
        "balance_augment_mean": 0.5296307060698618,
        "balance_augment_std": 0.013432278229180977
    },
    "8": {
        "imbalance_base_mean": 0.0007400555041628123,
        "imbalance_base_std": 0.0005202230286402401,
        "balance_base_mean": 0.5168138899717256,
        "balance_base_std": 0.013414905609983574,
        "balance_augment_mean": 0.5251086893947244,
        "balance_augment_std": 0.013860397084152576
    },
    "9": {
        "imbalance_base_mean": 0.00032377428307123034,
        "imbalance_base_std": 4.6253469010175755e-05,
        "balance_base_mean": 0.5171877811606145,
        "balance_base_std": 0.013124419228607586,
        "balance_augment_mean": 0.5259921402501105,
        "balance_augment_std": 0.00955118299409519
    }
}