{
    "0": {
        "imbalance_base_mean": 0.5214474151784348,
        "imbalance_base_std": 0.0,
        "balance_base_mean": 0.5214474151784348,
        "balance_base_std": 0.0,
        "balance_augment_mean": 0.531439475708198,
        "balance_augment_std": 0.004154826518290886
    },
    "1": {
        "imbalance_base_mean": 0.5319261062517822,
        "imbalance_base_std": 0.00383150752325163,
        "balance_base_mean": 0.5443681263048533,
        "balance_base_std": 0.0023380669108002653,
        "balance_augment_mean": 0.5404934560834361,
        "balance_augment_std": 0.004094331400886305
    },
    "2": {
        "imbalance_base_mean": 0.5282622049649965,
        "imbalance_base_std": 0.004188200816204259,
        "balance_base_mean": 0.5438270006538558,
        "balance_base_std": 0.004549950659522567,
        "balance_augment_mean": 0.5387608487196525,
        "balance_augment_std": 0.006437147924021018
    },
    "3": {
        "imbalance_base_mean": 0.5251493270445652,
        "imbalance_base_std": 0.003489528974900446,
        "balance_base_mean": 0.5421477794351828,
        "balance_base_std": 0.0031379082264401306,
        "balance_augment_mean": 0.5379148068201708,
        "balance_augment_std": 0.002734669940837312
    },
    "4": {
        "imbalance_base_mean": 0.5238905144285175,
        "imbalance_base_std": 0.00157247331441622,
        "balance_base_mean": 0.5399687207829528,
        "balance_base_std": 0.0016970952572590182,
        "balance_augment_mean": 0.5353294217017339,
        "balance_augment_std": 0.001470793821255402
    },
    "5": {
        "imbalance_base_mean": 0.521010531983905,
        "imbalance_base_std": 0.0014455719398594863,
        "balance_base_mean": 0.5371090418094384,
        "balance_base_std": 0.0014743365435469374,
        "balance_augment_mean": 0.5335647991535563,
        "balance_augment_std": 0.002618341431307327
    },
    "6": {
        "imbalance_base_mean": 0.5197862276653988,
        "imbalance_base_std": 0.0014671277908697641,
        "balance_base_mean": 0.5376221833345725,
        "balance_base_std": 0.001892137893668466,
        "balance_augment_mean": 0.5326982364833901,
        "balance_augment_std": 0.0009901820390010771
    },
    "7": {
        "imbalance_base_mean": 0.5190160958987745,
        "imbalance_base_std": 0.0016965312476815559,
        "balance_base_mean": 0.534617323180918,
        "balance_base_std": 0.0007629852685211507,
        "balance_augment_mean": 0.5307815020646852,
        "balance_augment_std": 0.0010963574813635003
    },
    "8": {
        "imbalance_base_mean": 0.5188523915489192,
        "imbalance_base_std": 0.0010260261468850364,
        "balance_base_mean": 0.5331655092194836,
        "balance_base_std": 0.0009356149205107453,
        "balance_augment_mean": 0.5304510801152428,
        "balance_augment_std": 0.0019513994230630784
    },
    "9": {
        "imbalance_base_mean": 0.5175789304351058,
        "imbalance_base_std": 0.00033342229213943666,
        "balance_base_mean": 0.5328757279087938,
        "balance_base_std": 0.0010814471760593983,
        "balance_augment_mean": 0.528647582541453,
        "balance_augment_std": 0.0014944666144535777
    }
}