{
    "0": {
        "imbalance_base_mean": 0.5470978212450488,
        "imbalance_base_std": 0.0,
        "balance_base_mean": 0.5470978212450488,
        "balance_base_std": 0.0,
        "balance_augment_mean": 0.5443729643527028,
        "balance_augment_std": 0.0015176183171688802
    },
    "1": {
        "imbalance_base_mean": 0.5454004125262005,
        "imbalance_base_std": 0.004431287327052026,
        "balance_base_mean": 0.5577177618016453,
        "balance_base_std": 0.0074611791513136145,
        "balance_augment_mean": 0.5493757330647988,
        "balance_augment_std": 0.003273481324464526
    },
    "2": {
        "imbalance_base_mean": 0.5347571695050088,
        "imbalance_base_std": 0.0027659449477395836,
        "balance_base_mean": 0.5598065871246212,
        "balance_base_std": 0.004721467100771029,
        "balance_augment_mean": 0.5527495286035399,
        "balance_augment_std": 0.0032209265126319294
    },
    "3": {
        "imbalance_base_mean": 0.5255494749447982,
        "imbalance_base_std": 0.002525077449844276,
        "balance_base_mean": 0.5598189429605477,
        "balance_base_std": 0.0028662880607864677,
        "balance_augment_mean": 0.5571987359073928,
        "balance_augment_std": 0.0009223386776337068
    },
    "4": {
        "imbalance_base_mean": 0.5219866313579175,
        "imbalance_base_std": 0.001680557468173847,
        "balance_base_mean": 0.5633374997684981,
        "balance_base_std": 0.0044313240662625115,
        "balance_augment_mean": 0.5588635820888133,
        "balance_augment_std": 0.003157289616786917
    },
    "5": {
        "imbalance_base_mean": 0.5192421406055248,
        "imbalance_base_std": 0.0014985917432280011,
        "balance_base_mean": 0.5617184446148349,
        "balance_base_std": 0.004383757235640318,
        "balance_augment_mean": 0.5601069871705676,
        "balance_augment_std": 0.004098499829514698
    },
    "6": {
        "imbalance_base_mean": 0.5174702923060901,
        "imbalance_base_std": 0.0008931414102001172,
        "balance_base_mean": 0.562715991414826,
        "balance_base_std": 0.003520168526842997,
        "balance_augment_mean": 0.5615045444925245,
        "balance_augment_std": 0.0013414423143227063
    },
    "7": {
        "imbalance_base_mean": 0.5167388981868103,
        "imbalance_base_std": 0.0007763882492295865,
        "balance_base_mean": 0.5646535675855131,
        "balance_base_std": 0.0032156292641751516,
        "balance_augment_mean": 0.5637289798776738,
        "balance_augment_std": 0.0014620676890045128
    },
    "8": {
        "imbalance_base_mean": 0.5162554342554895,
        "imbalance_base_std": 0.0008305414192289728,
        "balance_base_mean": 0.5641378789463403,
        "balance_base_std": 0.002987287412856284,
        "balance_augment_mean": 0.564005345638947,
        "balance_augment_std": 0.0017078185446848361
    },
    "9": {
        "imbalance_base_mean": 0.5154381916793258,
        "imbalance_base_std": 0.00029111824389511075,
        "balance_base_mean": 0.5658890634807305,
        "balance_base_std": 0.002005469293481434,
        "balance_augment_mean": 0.5650046895885992,
        "balance_augment_std": 0.0013862177105436024
    }
}