{
    "0": {
        "imbalance_base_mean": 0.5470978212450488,
        "imbalance_base_std": 0.0,
        "balance_base_mean": 0.5470978212450488,
        "balance_base_std": 0.0,
        "balance_augment_mean": 0.5509845185449667,
        "balance_augment_std": 0.0029229767741215822
    },
    "1": {
        "imbalance_base_mean": 0.5454004125262005,
        "imbalance_base_std": 0.004431287327052026,
        "balance_base_mean": 0.5472552152667552,
        "balance_base_std": 0.00488176659514536,
        "balance_augment_mean": 0.5518121915012784,
        "balance_augment_std": 0.0029981790636871824
    },
    "2": {
        "imbalance_base_mean": 0.5347571695050088,
        "imbalance_base_std": 0.0027659449477395836,
        "balance_base_mean": 0.5499543552066564,
        "balance_base_std": 0.003996961202977758,
        "balance_augment_mean": 0.5532136269512418,
        "balance_augment_std": 0.0023177730270783846
    },
    "3": {
        "imbalance_base_mean": 0.5255494749447982,
        "imbalance_base_std": 0.002525077449844276,
        "balance_base_mean": 0.5518876579628131,
        "balance_base_std": 0.0028607409126937666,
        "balance_augment_mean": 0.5535688046372648,
        "balance_augment_std": 0.002266650035037307
    },
    "4": {
        "imbalance_base_mean": 0.5219866313579175,
        "imbalance_base_std": 0.001680557468173847,
        "balance_base_mean": 0.5524563296844442,
        "balance_base_std": 0.002558742373448007,
        "balance_augment_mean": 0.553781940538962,
        "balance_augment_std": 0.0018153239030883506
    },
    "5": {
        "imbalance_base_mean": 0.5192421406055248,
        "imbalance_base_std": 0.0014985917432280011,
        "balance_base_mean": 0.5540264544145364,
        "balance_base_std": 0.005263223264841855,
        "balance_augment_mean": 0.5554332147843848,
        "balance_augment_std": 0.003083016365326725
    },
    "6": {
        "imbalance_base_mean": 0.5174702923060901,
        "imbalance_base_std": 0.0008931414102001172,
        "balance_base_mean": 0.5562123526036493,
        "balance_base_std": 0.003824134763160302,
        "balance_augment_mean": 0.556972911956286,
        "balance_augment_std": 0.0045347994633160894
    },
    "7": {
        "imbalance_base_mean": 0.5167388981868103,
        "imbalance_base_std": 0.0007763882492295865,
        "balance_base_mean": 0.5562208778323539,
        "balance_base_std": 0.003407366450755412,
        "balance_augment_mean": 0.5560780601632225,
        "balance_augment_std": 0.0018957515188721954
    },
    "8": {
        "imbalance_base_mean": 0.5162554342554895,
        "imbalance_base_std": 0.0008305414192289728,
        "balance_base_mean": 0.5574294661634758,
        "balance_base_std": 0.001685109245878857,
        "balance_augment_mean": 0.5567461725820704,
        "balance_augment_std": 0.0024286628266643484
    },
    "9": {
        "imbalance_base_mean": 0.5154381916793258,
        "imbalance_base_std": 0.00029111824389511075,
        "balance_base_mean": 0.5589626560119768,
        "balance_base_std": 0.0022354792074015884,
        "balance_augment_mean": 0.5588155830726146,
        "balance_augment_std": 0.0019100920086053547
    }
}