{
    "0": {
        "imbalance_base_mean": 0.5823513658275308,
        "imbalance_base_std": 0.0,
        "balance_base_mean": 0.5823513658275308,
        "balance_base_std": 0.0,
        "balance_augment_mean": 0.6044322442420997,
        "balance_augment_std": 0.01327145830513147
    },
    "1": {
        "imbalance_base_mean": 0.2821638993036958,
        "imbalance_base_std": 0.01883575503961619,
        "balance_base_mean": 0.6057311194429567,
        "balance_base_std": 0.00857464634802712,
        "balance_augment_mean": 0.6096946973754687,
        "balance_augment_std": 0.0067502559610672095
    },
    "2": {
        "imbalance_base_mean": 0.12308516336368505,
        "imbalance_base_std": 0.016579678956306763,
        "balance_base_mean": 0.6134172469201928,
        "balance_base_std": 0.006836878732212817,
        "balance_augment_mean": 0.6103776111408677,
        "balance_augment_std": 0.002110687466043879
    },
    "3": {
        "imbalance_base_mean": 0.051298875200856985,
        "imbalance_base_std": 0.01419827675357943,
        "balance_base_mean": 0.6128682378146759,
        "balance_base_std": 0.012730692849556165,
        "balance_augment_mean": 0.6104981253347617,
        "balance_augment_std": 0.007370791703358708
    },
    "4": {
        "imbalance_base_mean": 0.02858864488484199,
        "imbalance_base_std": 0.005107194647028684,
        "balance_base_mean": 0.6159212640599894,
        "balance_base_std": 0.011970327662544505,
        "balance_augment_mean": 0.6128816282806642,
        "balance_augment_std": 0.005760391085712428
    },
    "5": {
        "imbalance_base_mean": 0.0169925013390466,
        "imbalance_base_std": 0.004216274803450003,
        "balance_base_mean": 0.6072844134975897,
        "balance_base_std": 0.007554715311951402,
        "balance_augment_mean": 0.607485270487413,
        "balance_augment_std": 0.005688915481887335
    },
    "6": {
        "imbalance_base_mean": 0.010444563470808785,
        "imbalance_base_std": 0.002510132052197398,
        "balance_base_mean": 0.6081547937868237,
        "balance_base_std": 0.010070805581634451,
        "balance_augment_mean": 0.6090787359400107,
        "balance_augment_std": 0.00567863124126764
    },
    "7": {
        "imbalance_base_mean": 0.007605784681306909,
        "imbalance_base_std": 0.0019245039339284072,
        "balance_base_mean": 0.6046598821638993,
        "balance_base_std": 0.010932017765350278,
        "balance_augment_mean": 0.605757900374933,
        "balance_augment_std": 0.005738498220867827
    },
    "8": {
        "imbalance_base_mean": 0.005878414568826995,
        "imbalance_base_std": 0.001983145643707384,
        "balance_base_mean": 0.6102035350830209,
        "balance_base_std": 0.005466689514278984,
        "balance_augment_mean": 0.6072174611676486,
        "balance_augment_std": 0.0037547305973206903
    },
    "9": {
        "imbalance_base_mean": 0.003869844670594537,
        "imbalance_base_std": 0.0005919131254767099,
        "balance_base_mean": 0.6113685056239957,
        "balance_base_std": 0.003228629899342398,
        "balance_augment_mean": 0.6098286020353508,
        "balance_augment_std": 0.0017193066322458957
    }
}